[[1;34mINFO[m] Scanning for projects...
[[1;34mINFO[m] Tycho Version:  4.0.10 (34d2d6b5223a28191d552396774c226b8f40d522)
[[1;34mINFO[m] Tycho Mode:     project
[[1;34mINFO[m] Tycho Builder:  maven
[[1;34mINFO[m] Build Threads:  1
[[1;34mINFO[m] [1m------------------------------------------------------------------------[m
[[1;34mINFO[m] [1mReactor Build Order:[m
[[1;34mINFO[m] 
[[1;34mINFO[m] turnus core                                                        [pom]
[[1;34mINFO[m] turnus.bundle                                           [eclipse-plugin]
[[1;34mINFO[m] turnus.common                                           [eclipse-plugin]
[[1;34mINFO[m] turnus.model                                            [eclipse-plugin]
[[1;34mINFO[m] turnus.adevs                                            [eclipse-plugin]
[[1;34mINFO[m] turnus.analysis                                         [eclipse-plugin]
[[1;34mINFO[m] turnus.ui                                               [eclipse-plugin]
[[1;34mINFO[m] turnus.analysis.ui                                      [eclipse-plugin]
[[1;34mINFO[m] turnus.target                                [eclipse-target-definition]
[[1;34mINFO[m] turnus.feature                                         [eclipse-feature]
[[1;34mINFO[m] 
[[1;34mINFO[m] [1m-------------------------< [0;36mturnus:turnus.core[0;1m >-------------------------[m
[[1;34mINFO[m] [1mBuilding turnus core 1.0.0-SNAPSHOT                               [1/10][m
[[1;34mINFO[m]   from pom.xml
[[1;34mINFO[m] [1m--------------------------------[ pom ]---------------------------------[m
[[1;34mINFO[m] 
[[1;34mINFO[m] [1m--- [0;32mclean:3.2.0:clean[m [1m(default-clean)[m @ [36mturnus.core[0;1m ---[m
[[1;34mINFO[m] 
[[1;34mINFO[m] [1m--- [0;32mclean:3.2.0:clean[m [1m(auto-clean)[m @ [36mturnus.core[0;1m ---[m
[[1;34mINFO[m] 
[[1;34mINFO[m] [1m--- [0;32mxtend:2.36.0:compile[m [1m(default)[m @ [36mturnus.core[0;1m ---[m
[[1;34mINFO[m] skip compiling sources because the configured directory '[/home/endrix/git/dataflow/streamblocks/turnus/src]' does not exist.
[[1;34mINFO[m] 
[[1;34mINFO[m] [1m------------------------< [0;36mturnus:turnus.bundle[0;1m >------------------------[m
[[1;34mINFO[m] [1mBuilding turnus.bundle 1.0.0-SNAPSHOT                             [2/10][m
[[1;34mINFO[m]   from turnus.bundle/pom.xml
[[1;34mINFO[m] [1m---------------------------[ eclipse-plugin ]---------------------------[m
[[1;34mINFO[m] Resolving target definition file:/home/endrix/git/dataflow/streamblocks/turnus/turnus.target/turnus.target.target for environments=[macosx/cocoa/x86_64, macosx/cocoa/aarch64, win32/win32/x86_64, linux/gtk/x86_64], include source mode=honor, referenced repository mode =ignore, execution environment=StandardEEResolutionHints [executionEnvironment=OSGi profile 'JavaSE-17' { source level: 17, target level: 17}], remote p2 repository options=org.eclipse.tycho.p2maven.DefaultProvisioningAgent@5b751bab
[[1;34mINFO[m] ### Using TychoRepositoryTransport for remote P2 access ###
[[1;34mINFO[m]     Cache location:         /home/endrix/.m2/repository/.cache/tycho
[[1;34mINFO[m]     Transport mode:         online
[[1;34mINFO[m]     Http Transport type:    Java11Client
[[1;34mINFO[m]     Update mode:            cache first
[[1;34mINFO[m]     Minimum cache duration: 60 minutes
[[1;34mINFO[m]       (you can configure this with -Dtycho.p2.transport.min-cache-minutes=<desired minimum cache duration>)
[[1;34mINFO[m] Downloading from p2: https://download.eclipse.org/releases/2024-09/p2.index
[[1;34mINFO[m] Downloaded from p2: https://download.eclipse.org/releases/2024-09/p2.index (122 bytes at 0 bytes/s)
[[1;34mINFO[m] Downloading from p2: https://download.eclipse.org/technology/epp/packages/2024-09/p2.index
[[1;34mINFO[m] Downloading from p2: https://download.eclipse.org/technology/epp/packages/2024-09/202409051200/p2.index
[[1;34mINFO[m] Downloaded from p2: https://download.eclipse.org/technology/epp/packages/2024-09/202409051200/p2.index (365 bytes at 356 KB/s)
[[1;34mINFO[m] Downloading from p2: https://download.eclipse.org/releases/2024-09/202409111000/p2.index
[[1;34mINFO[m] Downloaded from p2: https://download.eclipse.org/releases/2024-09/202409111000/p2.index (140 bytes at 136 KB/s)
[[1;34mINFO[m] Downloading from p2: https://download.eclipse.org/modeling/emft/mwe/updates/releases/2.19.0/p2.index
[[1;34mINFO[m] Downloaded from p2: https://download.eclipse.org/modeling/emft/mwe/updates/releases/2.19.0/p2.index (172 bytes at 0 bytes/s)
[[1;34mINFO[m] Downloading from p2: https://download.eclipse.org/modeling/tmf/xtext/updates/releases/2.36.0/p2.index
[[1;34mINFO[m] Downloaded from p2: https://download.eclipse.org/modeling/tmf/xtext/updates/releases/2.36.0/p2.index (172 bytes at 167 KB/s)
[[1;34mINFO[m] Downloading from p2: https://download.eclipse.org/tools/orbit/simrel/orbit-aggregation/2024-09/p2.index
[[1;34mINFO[m] Downloaded from p2: https://download.eclipse.org/tools/orbit/simrel/orbit-aggregation/2024-09/p2.index (126 bytes at 123 KB/s)
[[1;34mINFO[m] Downloading from p2: https://download.eclipse.org/tools/orbit/simrel/orbit-aggregation/release/4.33.0/p2.index
[[1;34mINFO[m] Downloaded from p2: https://download.eclipse.org/tools/orbit/simrel/orbit-aggregation/release/4.33.0/p2.index (172 bytes at 167 KB/s)
[[1;33mWARNING[m] Maven Artifact com.vladsch.flexmark:flexmark-ext-definition:0.64.0 is not a bundle and was automatically wrapped with bundle-symbolic name turnus.com.vladsch.flexmark.flexmark-ext-definition, ignoring such artifacts can be enabled with <pomDependencies>consider</pomDependencies> in target platform configuration.
[[1;34mINFO[m] The artifact can be referenced in feature files with the following data: <plugin id="turnus.com.vladsch.flexmark.flexmark-ext-definition" version="0.64.0"/>
[[1;33mWARNING[m] Maven Artifact org.jetbrains:annotations:15.0 is not a bundle and was automatically wrapped with bundle-symbolic name turnus.org.jetbrains.annotations, ignoring such artifacts can be enabled with <pomDependencies>consider</pomDependencies> in target platform configuration.
[[1;34mINFO[m] The artifact can be referenced in feature files with the following data: <plugin id="turnus.org.jetbrains.annotations" version="15.0"/>
[[1;33mWARNING[m] Maven Artifact com.github.fommil.netlib:core:1.1 is not a bundle and was automatically wrapped with bundle-symbolic name turnus.com.github.fommil.netlib.core, ignoring such artifacts can be enabled with <pomDependencies>consider</pomDependencies> in target platform configuration.
[[1;34mINFO[m] The artifact can be referenced in feature files with the following data: <plugin id="turnus.com.github.fommil.netlib.core" version="1.1"/>
[[1;33mWARNING[m] Maven Artifact com.vladsch.flexmark:flexmark-ext-tables:0.64.0 is not a bundle and was automatically wrapped with bundle-symbolic name turnus.com.vladsch.flexmark.flexmark-ext-tables, ignoring such artifacts can be enabled with <pomDependencies>consider</pomDependencies> in target platform configuration.
[[1;34mINFO[m] The artifact can be referenced in feature files with the following data: <plugin id="turnus.com.vladsch.flexmark.flexmark-ext-tables" version="0.64.0"/>
[[1;33mWARNING[m] Maven Artifact com.github.virtuald:curvesapi:1.07 is not a bundle and was automatically wrapped with bundle-symbolic name turnus.com.github.virtuald.curvesapi, ignoring such artifacts can be enabled with <pomDependencies>consider</pomDependencies> in target platform configuration.
[[1;34mINFO[m] The artifact can be referenced in feature files with the following data: <plugin id="turnus.com.github.virtuald.curvesapi" version="1.07"/>
[[1;33mWARNING[m] Maven Artifact com.vladsch.flexmark:flexmark-ext-superscript:0.64.0 is not a bundle and was automatically wrapped with bundle-symbolic name turnus.com.vladsch.flexmark.flexmark-ext-superscript, ignoring such artifacts can be enabled with <pomDependencies>consider</pomDependencies> in target platform configuration.
[[1;34mINFO[m] The artifact can be referenced in feature files with the following data: <plugin id="turnus.com.vladsch.flexmark.flexmark-ext-superscript" version="0.64.0"/>
[[1;33mWARNING[m] Maven Artifact com.openhtmltopdf:openhtmltopdf-jsoup-dom-converter:1.0.0 is not a bundle and was automatically wrapped with bundle-symbolic name turnus.com.openhtmltopdf.openhtmltopdf-jsoup-dom-converter, ignoring such artifacts can be enabled with <pomDependencies>consider</pomDependencies> in target platform configuration.
[[1;34mINFO[m] The artifact can be referenced in feature files with the following data: <plugin id="turnus.com.openhtmltopdf.openhtmltopdf-jsoup-dom-converter" version="1.0.0"/>
[[1;33mWARNING[m] Maven Artifact net.java.dev.stax-utils:stax-utils:20070216 is not a bundle and was automatically wrapped with bundle-symbolic name turnus.net.java.dev.stax-utils.stax-utils, ignoring such artifacts can be enabled with <pomDependencies>consider</pomDependencies> in target platform configuration.
[[1;34mINFO[m] The artifact can be referenced in feature files with the following data: <plugin id="turnus.net.java.dev.stax-utils.stax-utils" version="20070216"/>
[[1;33mWARNING[m] Maven Artifact com.vladsch.flexmark:flexmark-ext-gitlab:0.64.0 is not a bundle and was automatically wrapped with bundle-symbolic name turnus.com.vladsch.flexmark.flexmark-ext-gitlab, ignoring such artifacts can be enabled with <pomDependencies>consider</pomDependencies> in target platform configuration.
[[1;34mINFO[m] The artifact can be referenced in feature files with the following data: <plugin id="turnus.com.vladsch.flexmark.flexmark-ext-gitlab" version="0.64.0"/>
[[1;33mWARNING[m] Maven Artifact com.vladsch.flexmark:flexmark-profile-pegdown:0.64.0 is not a bundle and was automatically wrapped with bundle-symbolic name turnus.com.vladsch.flexmark.flexmark-profile-pegdown, ignoring such artifacts can be enabled with <pomDependencies>consider</pomDependencies> in target platform configuration.
[[1;34mINFO[m] The artifact can be referenced in feature files with the following data: <plugin id="turnus.com.vladsch.flexmark.flexmark-profile-pegdown" version="0.64.0"/>
[[1;33mWARNING[m] Maven Artifact com.vladsch.flexmark:flexmark-ext-youtube-embedded:0.64.0 is not a bundle and was automatically wrapped with bundle-symbolic name turnus.com.vladsch.flexmark.flexmark-ext-youtube-embedded, ignoring such artifacts can be enabled with <pomDependencies>consider</pomDependencies> in target platform configuration.
[[1;34mINFO[m] The artifact can be referenced in feature files with the following data: <plugin id="turnus.com.vladsch.flexmark.flexmark-ext-youtube-embedded" version="0.64.0"/>
[[1;33mWARNING[m] Maven Artifact com.vladsch.flexmark:flexmark-util-ast:0.64.0 is not a bundle and was automatically wrapped with bundle-symbolic name turnus.com.vladsch.flexmark.flexmark-util-ast, ignoring such artifacts can be enabled with <pomDependencies>consider</pomDependencies> in target platform configuration.
[[1;34mINFO[m] The artifact can be referenced in feature files with the following data: <plugin id="turnus.com.vladsch.flexmark.flexmark-util-ast" version="0.64.0"/>
[[1;33mWARNING[m] Maven Artifact com.vladsch.flexmark:flexmark-html2md-converter:0.64.0 is not a bundle and was automatically wrapped with bundle-symbolic name turnus.com.vladsch.flexmark.flexmark-html2md-converter, ignoring such artifacts can be enabled with <pomDependencies>consider</pomDependencies> in target platform configuration.
[[1;34mINFO[m] The artifact can be referenced in feature files with the following data: <plugin id="turnus.com.vladsch.flexmark.flexmark-html2md-converter" version="0.64.0"/>
[[1;33mWARNING[m] Maven Artifact nz.ac.waikato.cms.weka.thirdparty:java-cup-11b:2015.03.26 is not a bundle and was automatically wrapped with bundle-symbolic name turnus.nz.ac.waikato.cms.weka.thirdparty.java-cup-11b, ignoring such artifacts can be enabled with <pomDependencies>consider</pomDependencies> in target platform configuration.
[[1;34mINFO[m] The artifact can be referenced in feature files with the following data: <plugin id="turnus.nz.ac.waikato.cms.weka.thirdparty.java-cup-11b" version="2015.03.26"/>
[[1;33mWARNING[m] Maven Artifact com.vladsch.flexmark:flexmark-ext-aside:0.64.0 is not a bundle and was automatically wrapped with bundle-symbolic name turnus.com.vladsch.flexmark.flexmark-ext-aside, ignoring such artifacts can be enabled with <pomDependencies>consider</pomDependencies> in target platform configuration.
[[1;34mINFO[m] The artifact can be referenced in feature files with the following data: <plugin id="turnus.com.vladsch.flexmark.flexmark-ext-aside" version="0.64.0"/>
[[1;33mWARNING[m] Maven Artifact net.sourceforge.f2j:arpack_combined_all:0.1 is not a bundle and was automatically wrapped with bundle-symbolic name turnus.net.sourceforge.f2j.arpack_combined_all, ignoring such artifacts can be enabled with <pomDependencies>consider</pomDependencies> in target platform configuration.
[[1;34mINFO[m] The artifact can be referenced in feature files with the following data: <plugin id="turnus.net.sourceforge.f2j.arpack_combined_all" version="0.1"/>
[[1;33mWARNING[m] Maven Artifact com.vladsch.flexmark:flexmark-ext-emoji:0.64.0 is not a bundle and was automatically wrapped with bundle-symbolic name turnus.com.vladsch.flexmark.flexmark-ext-emoji, ignoring such artifacts can be enabled with <pomDependencies>consider</pomDependencies> in target platform configuration.
[[1;34mINFO[m] The artifact can be referenced in feature files with the following data: <plugin id="turnus.com.vladsch.flexmark.flexmark-ext-emoji" version="0.64.0"/>
[[1;33mWARNING[m] Maven Artifact com.zaxxer:SparseBitSet:1.2 is not a bundle and was automatically wrapped with bundle-symbolic name turnus.com.zaxxer.SparseBitSet, ignoring such artifacts can be enabled with <pomDependencies>consider</pomDependencies> in target platform configuration.
[[1;34mINFO[m] The artifact can be referenced in feature files with the following data: <plugin id="turnus.com.zaxxer.SparseBitSet" version="1.2"/>
[[1;33mWARNING[m] Maven Artifact com.vladsch.flexmark:flexmark-ext-autolink:0.64.0 is not a bundle and was automatically wrapped with bundle-symbolic name turnus.com.vladsch.flexmark.flexmark-ext-autolink, ignoring such artifacts can be enabled with <pomDependencies>consider</pomDependencies> in target platform configuration.
[[1;34mINFO[m] The artifact can be referenced in feature files with the following data: <plugin id="turnus.com.vladsch.flexmark.flexmark-ext-autolink" version="0.64.0"/>
[[1;33mWARNING[m] Maven Artifact com.vladsch.flexmark:flexmark-all:0.64.0 is not a bundle and was automatically wrapped with bundle-symbolic name turnus.com.vladsch.flexmark.flexmark-all, ignoring such artifacts can be enabled with <pomDependencies>consider</pomDependencies> in target platform configuration.
[[1;34mINFO[m] The artifact can be referenced in feature files with the following data: <plugin id="turnus.com.vladsch.flexmark.flexmark-all" version="0.64.0"/>
[[1;33mWARNING[m] Maven Artifact com.vladsch.flexmark:flexmark-ext-jekyll-front-matter:0.64.0 is not a bundle and was automatically wrapped with bundle-symbolic name turnus.com.vladsch.flexmark.flexmark-ext-jekyll-front-matter, ignoring such artifacts can be enabled with <pomDependencies>consider</pomDependencies> in target platform configuration.
[[1;34mINFO[m] The artifact can be referenced in feature files with the following data: <plugin id="turnus.com.vladsch.flexmark.flexmark-ext-jekyll-front-matter" version="0.64.0"/>
[[1;33mWARNING[m] Maven Artifact com.vladsch.flexmark:flexmark-ext-jekyll-tag:0.64.0 is not a bundle and was automatically wrapped with bundle-symbolic name turnus.com.vladsch.flexmark.flexmark-ext-jekyll-tag, ignoring such artifacts can be enabled with <pomDependencies>consider</pomDependencies> in target platform configuration.
[[1;34mINFO[m] The artifact can be referenced in feature files with the following data: <plugin id="turnus.com.vladsch.flexmark.flexmark-ext-jekyll-tag" version="0.64.0"/>
[[1;33mWARNING[m] Maven Artifact com.github.fommil.netlib:native_ref-java:1.1 is not a bundle and was automatically wrapped with bundle-symbolic name turnus.com.github.fommil.netlib.native_ref-java, ignoring such artifacts can be enabled with <pomDependencies>consider</pomDependencies> in target platform configuration.
[[1;34mINFO[m] The artifact can be referenced in feature files with the following data: <plugin id="turnus.com.github.fommil.netlib.native_ref-java" version="1.1"/>
[[1;33mWARNING[m] Maven Artifact com.github.fommil.netlib:netlib-native_ref-win-i686:1.1 is not a bundle and was automatically wrapped with bundle-symbolic name turnus.com.github.fommil.netlib.netlib-native_ref-win-i686, ignoring such artifacts can be enabled with <pomDependencies>consider</pomDependencies> in target platform configuration.
[[1;34mINFO[m] The artifact can be referenced in feature files with the following data: <plugin id="turnus.com.github.fommil.netlib.netlib-native_ref-win-i686" version="1.1"/>
[[1;33mWARNING[m] Maven Artifact com.github.fommil.netlib:netlib-native_system-linux-i686:1.1 is not a bundle and was automatically wrapped with bundle-symbolic name turnus.com.github.fommil.netlib.netlib-native_system-linux-i686, ignoring such artifacts can be enabled with <pomDependencies>consider</pomDependencies> in target platform configuration.
[[1;34mINFO[m] The artifact can be referenced in feature files with the following data: <plugin id="turnus.com.github.fommil.netlib.netlib-native_system-linux-i686" version="1.1"/>
[[1;33mWARNING[m] Maven Artifact com.github.fommil.netlib:netlib-native_ref-linux-i686:1.1 is not a bundle and was automatically wrapped with bundle-symbolic name turnus.com.github.fommil.netlib.netlib-native_ref-linux-i686, ignoring such artifacts can be enabled with <pomDependencies>consider</pomDependencies> in target platform configuration.
[[1;34mINFO[m] The artifact can be referenced in feature files with the following data: <plugin id="turnus.com.github.fommil.netlib.netlib-native_ref-linux-i686" version="1.1"/>
[[1;33mWARNING[m] Maven Artifact com.vladsch.flexmark:flexmark-util-dependency:0.64.0 is not a bundle and was automatically wrapped with bundle-symbolic name turnus.com.vladsch.flexmark.flexmark-util-dependency, ignoring such artifacts can be enabled with <pomDependencies>consider</pomDependencies> in target platform configuration.
[[1;34mINFO[m] The artifact can be referenced in feature files with the following data: <plugin id="turnus.com.vladsch.flexmark.flexmark-util-dependency" version="0.64.0"/>
[[1;33mWARNING[m] Maven Artifact com.vladsch.flexmark:flexmark-ext-ins:0.64.0 is not a bundle and was automatically wrapped with bundle-symbolic name turnus.com.vladsch.flexmark.flexmark-ext-ins, ignoring such artifacts can be enabled with <pomDependencies>consider</pomDependencies> in target platform configuration.
[[1;34mINFO[m] The artifact can be referenced in feature files with the following data: <plugin id="turnus.com.vladsch.flexmark.flexmark-ext-ins" version="0.64.0"/>
[[1;33mWARNING[m] Maven Artifact nz.ac.waikato.cms.weka.thirdparty:java-cup-11b-runtime:2015.03.26 is not a bundle and was automatically wrapped with bundle-symbolic name turnus.nz.ac.waikato.cms.weka.thirdparty.java-cup-11b-runtime, ignoring such artifacts can be enabled with <pomDependencies>consider</pomDependencies> in target platform configuration.
[[1;34mINFO[m] The artifact can be referenced in feature files with the following data: <plugin id="turnus.nz.ac.waikato.cms.weka.thirdparty.java-cup-11b-runtime" version="2015.03.26"/>
[[1;33mWARNING[m] Maven Artifact com.vladsch.flexmark:flexmark-util-misc:0.64.0 is not a bundle and was automatically wrapped with bundle-symbolic name turnus.com.vladsch.flexmark.flexmark-util-misc, ignoring such artifacts can be enabled with <pomDependencies>consider</pomDependencies> in target platform configuration.
[[1;34mINFO[m] The artifact can be referenced in feature files with the following data: <plugin id="turnus.com.vladsch.flexmark.flexmark-util-misc" version="0.64.0"/>
[[1;33mWARNING[m] Maven Artifact com.github.fommil.netlib:netlib-native_system-linux-x86_64:1.1 is not a bundle and was automatically wrapped with bundle-symbolic name turnus.com.github.fommil.netlib.netlib-native_system-linux-x86_64, ignoring such artifacts can be enabled with <pomDependencies>consider</pomDependencies> in target platform configuration.
[[1;34mINFO[m] The artifact can be referenced in feature files with the following data: <plugin id="turnus.com.github.fommil.netlib.netlib-native_system-linux-x86_64" version="1.1"/>
[[1;33mWARNING[m] Maven Artifact org.nibor.autolink:autolink:0.10.0 is not a bundle and was automatically wrapped with bundle-symbolic name turnus.org.nibor.autolink.autolink, ignoring such artifacts can be enabled with <pomDependencies>consider</pomDependencies> in target platform configuration.
[[1;34mINFO[m] The artifact can be referenced in feature files with the following data: <plugin id="turnus.org.nibor.autolink.autolink" version="0.10.0"/>
[[1;33mWARNING[m] Maven Artifact com.github.fommil.netlib:netlib-native_ref-linux-armhf:1.1 is not a bundle and was automatically wrapped with bundle-symbolic name turnus.com.github.fommil.netlib.netlib-native_ref-linux-armhf, ignoring such artifacts can be enabled with <pomDependencies>consider</pomDependencies> in target platform configuration.
[[1;34mINFO[m] The artifact can be referenced in feature files with the following data: <plugin id="turnus.com.github.fommil.netlib.netlib-native_ref-linux-armhf" version="1.1"/>
[[1;33mWARNING[m] Maven Artifact com.vladsch.flexmark:flexmark-ext-gfm-users:0.64.0 is not a bundle and was automatically wrapped with bundle-symbolic name turnus.com.vladsch.flexmark.flexmark-ext-gfm-users, ignoring such artifacts can be enabled with <pomDependencies>consider</pomDependencies> in target platform configuration.
[[1;34mINFO[m] The artifact can be referenced in feature files with the following data: <plugin id="turnus.com.vladsch.flexmark.flexmark-ext-gfm-users" version="0.64.0"/>
[[1;33mWARNING[m] Maven Artifact com.googlecode.matrix-toolkits-java:mtj:1.0.4 is not a bundle and was automatically wrapped with bundle-symbolic name turnus.com.googlecode.matrix-toolkits-java.mtj, ignoring such artifacts can be enabled with <pomDependencies>consider</pomDependencies> in target platform configuration.
[[1;34mINFO[m] The artifact can be referenced in feature files with the following data: <plugin id="turnus.com.googlecode.matrix-toolkits-java.mtj" version="1.0.4"/>
[[1;33mWARNING[m] Maven Artifact com.vladsch.flexmark:flexmark-ext-yaml-front-matter:0.64.0 is not a bundle and was automatically wrapped with bundle-symbolic name turnus.com.vladsch.flexmark.flexmark-ext-yaml-front-matter, ignoring such artifacts can be enabled with <pomDependencies>consider</pomDependencies> in target platform configuration.
[[1;34mINFO[m] The artifact can be referenced in feature files with the following data: <plugin id="turnus.com.vladsch.flexmark.flexmark-ext-yaml-front-matter" version="0.64.0"/>
[[1;33mWARNING[m] Maven Artifact com.vladsch.flexmark:flexmark-ext-macros:0.64.0 is not a bundle and was automatically wrapped with bundle-symbolic name turnus.com.vladsch.flexmark.flexmark-ext-macros, ignoring such artifacts can be enabled with <pomDependencies>consider</pomDependencies> in target platform configuration.
[[1;34mINFO[m] The artifact can be referenced in feature files with the following data: <plugin id="turnus.com.vladsch.flexmark.flexmark-ext-macros" version="0.64.0"/>
[[1;33mWARNING[m] Maven Artifact com.vladsch.flexmark:flexmark-pdf-converter:0.64.0 is not a bundle and was automatically wrapped with bundle-symbolic name turnus.com.vladsch.flexmark.flexmark-pdf-converter, ignoring such artifacts can be enabled with <pomDependencies>consider</pomDependencies> in target platform configuration.
[[1;34mINFO[m] The artifact can be referenced in feature files with the following data: <plugin id="turnus.com.vladsch.flexmark.flexmark-pdf-converter" version="0.64.0"/>
[[1;33mWARNING[m] wrapping com.github.fommil.netlib:all:pom:1.1.2 failed and is ignored, enable debug output for details.
[[1;33mWARNING[m] Maven Artifact com.vladsch.flexmark:flexmark-ext-xwiki-macros:0.64.0 is not a bundle and was automatically wrapped with bundle-symbolic name turnus.com.vladsch.flexmark.flexmark-ext-xwiki-macros, ignoring such artifacts can be enabled with <pomDependencies>consider</pomDependencies> in target platform configuration.
[[1;34mINFO[m] The artifact can be referenced in feature files with the following data: <plugin id="turnus.com.vladsch.flexmark.flexmark-ext-xwiki-macros" version="0.64.0"/>
[[1;33mWARNING[m] Maven Artifact org.apfloat:apfloat:1.10.1 is not a bundle and was automatically wrapped with bundle-symbolic name turnus.org.apfloat.apfloat, ignoring such artifacts can be enabled with <pomDependencies>consider</pomDependencies> in target platform configuration.
[[1;34mINFO[m] The artifact can be referenced in feature files with the following data: <plugin id="turnus.org.apfloat.apfloat" version="1.10.1"/>
[[1;33mWARNING[m] Maven Artifact com.vladsch.flexmark:flexmark-util-html:0.64.0 is not a bundle and was automatically wrapped with bundle-symbolic name turnus.com.vladsch.flexmark.flexmark-util-html, ignoring such artifacts can be enabled with <pomDependencies>consider</pomDependencies> in target platform configuration.
[[1;34mINFO[m] The artifact can be referenced in feature files with the following data: <plugin id="turnus.com.vladsch.flexmark.flexmark-util-html" version="0.64.0"/>
[[1;33mWARNING[m] Maven Artifact org.apache.poi:poi-ooxml:5.2.3 is not a bundle and was automatically wrapped with bundle-symbolic name turnus.org.apache.poi.poi-ooxml, ignoring such artifacts can be enabled with <pomDependencies>consider</pomDependencies> in target platform configuration.
[[1;34mINFO[m] The artifact can be referenced in feature files with the following data: <plugin id="turnus.org.apache.poi.poi-ooxml" version="5.2.3"/>
[[1;33mWARNING[m] Maven Artifact com.vladsch.flexmark:flexmark-util-sequence:0.64.0 is not a bundle and was automatically wrapped with bundle-symbolic name turnus.com.vladsch.flexmark.flexmark-util-sequence, ignoring such artifacts can be enabled with <pomDependencies>consider</pomDependencies> in target platform configuration.
[[1;34mINFO[m] The artifact can be referenced in feature files with the following data: <plugin id="turnus.com.vladsch.flexmark.flexmark-util-sequence" version="0.64.0"/>
[[1;33mWARNING[m] Maven Artifact com.github.fommil.netlib:netlib-native_system-linux-armhf:1.1 is not a bundle and was automatically wrapped with bundle-symbolic name turnus.com.github.fommil.netlib.netlib-native_system-linux-armhf, ignoring such artifacts can be enabled with <pomDependencies>consider</pomDependencies> in target platform configuration.
[[1;34mINFO[m] The artifact can be referenced in feature files with the following data: <plugin id="turnus.com.github.fommil.netlib.netlib-native_system-linux-armhf" version="1.1"/>
[[1;33mWARNING[m] Maven Artifact com.vladsch.flexmark:flexmark-ext-abbreviation:0.64.0 is not a bundle and was automatically wrapped with bundle-symbolic name turnus.com.vladsch.flexmark.flexmark-ext-abbreviation, ignoring such artifacts can be enabled with <pomDependencies>consider</pomDependencies> in target platform configuration.
[[1;34mINFO[m] The artifact can be referenced in feature files with the following data: <plugin id="turnus.com.vladsch.flexmark.flexmark-ext-abbreviation" version="0.64.0"/>
[[1;33mWARNING[m] Maven Artifact com.vladsch.flexmark:flexmark-ext-media-tags:0.64.0 is not a bundle and was automatically wrapped with bundle-symbolic name turnus.com.vladsch.flexmark.flexmark-ext-media-tags, ignoring such artifacts can be enabled with <pomDependencies>consider</pomDependencies> in target platform configuration.
[[1;34mINFO[m] The artifact can be referenced in feature files with the following data: <plugin id="turnus.com.vladsch.flexmark.flexmark-ext-media-tags" version="0.64.0"/>
[[1;33mWARNING[m] Maven Artifact com.vladsch.flexmark:flexmark-ext-admonition:0.64.0 is not a bundle and was automatically wrapped with bundle-symbolic name turnus.com.vladsch.flexmark.flexmark-ext-admonition, ignoring such artifacts can be enabled with <pomDependencies>consider</pomDependencies> in target platform configuration.
[[1;34mINFO[m] The artifact can be referenced in feature files with the following data: <plugin id="turnus.com.vladsch.flexmark.flexmark-ext-admonition" version="0.64.0"/>
[[1;33mWARNING[m] Maven Artifact com.vladsch.flexmark:flexmark-ext-enumerated-reference:0.64.0 is not a bundle and was automatically wrapped with bundle-symbolic name turnus.com.vladsch.flexmark.flexmark-ext-enumerated-reference, ignoring such artifacts can be enabled with <pomDependencies>consider</pomDependencies> in target platform configuration.
[[1;34mINFO[m] The artifact can be referenced in feature files with the following data: <plugin id="turnus.com.vladsch.flexmark.flexmark-ext-enumerated-reference" version="0.64.0"/>
[[1;33mWARNING[m] Maven Artifact com.vladsch.flexmark:flexmark-ext-gfm-tasklist:0.64.0 is not a bundle and was automatically wrapped with bundle-symbolic name turnus.com.vladsch.flexmark.flexmark-ext-gfm-tasklist, ignoring such artifacts can be enabled with <pomDependencies>consider</pomDependencies> in target platform configuration.
[[1;34mINFO[m] The artifact can be referenced in feature files with the following data: <plugin id="turnus.com.vladsch.flexmark.flexmark-ext-gfm-tasklist" version="0.64.0"/>
[[1;33mWARNING[m] Maven Artifact com.github.fommil.netlib:netlib-native_ref-linux-x86_64:1.1 is not a bundle and was automatically wrapped with bundle-symbolic name turnus.com.github.fommil.netlib.netlib-native_ref-linux-x86_64, ignoring such artifacts can be enabled with <pomDependencies>consider</pomDependencies> in target platform configuration.
[[1;34mINFO[m] The artifact can be referenced in feature files with the following data: <plugin id="turnus.com.github.fommil.netlib.netlib-native_ref-linux-x86_64" version="1.1"/>
[[1;33mWARNING[m] Maven Artifact com.vladsch.flexmark:flexmark-ext-escaped-character:0.64.0 is not a bundle and was automatically wrapped with bundle-symbolic name turnus.com.vladsch.flexmark.flexmark-ext-escaped-character, ignoring such artifacts can be enabled with <pomDependencies>consider</pomDependencies> in target platform configuration.
[[1;34mINFO[m] The artifact can be referenced in feature files with the following data: <plugin id="turnus.com.vladsch.flexmark.flexmark-ext-escaped-character" version="0.64.0"/>
[[1;33mWARNING[m] Maven Artifact com.vladsch.flexmark:flexmark-ext-footnotes:0.64.0 is not a bundle and was automatically wrapped with bundle-symbolic name turnus.com.vladsch.flexmark.flexmark-ext-footnotes, ignoring such artifacts can be enabled with <pomDependencies>consider</pomDependencies> in target platform configuration.
[[1;34mINFO[m] The artifact can be referenced in feature files with the following data: <plugin id="turnus.com.vladsch.flexmark.flexmark-ext-footnotes" version="0.64.0"/>
[[1;33mWARNING[m] Maven Artifact org.apache.xmlbeans:xmlbeans:5.1.1 is not a bundle and was automatically wrapped with bundle-symbolic name turnus.org.apache.xmlbeans.xmlbeans, ignoring such artifacts can be enabled with <pomDependencies>consider</pomDependencies> in target platform configuration.
[[1;34mINFO[m] The artifact can be referenced in feature files with the following data: <plugin id="turnus.org.apache.xmlbeans.xmlbeans" version="5.1.1"/>
[[1;33mWARNING[m] Maven Artifact com.googlecode.netlib-java:netlib-java:1.1 is not a bundle and was automatically wrapped with bundle-symbolic name turnus.com.googlecode.netlib-java.netlib-java, ignoring such artifacts can be enabled with <pomDependencies>consider</pomDependencies> in target platform configuration.
[[1;34mINFO[m] The artifact can be referenced in feature files with the following data: <plugin id="turnus.com.googlecode.netlib-java.netlib-java" version="1.1"/>
[[1;33mWARNING[m] Maven Artifact com.vladsch.flexmark:flexmark-util-builder:0.64.0 is not a bundle and was automatically wrapped with bundle-symbolic name turnus.com.vladsch.flexmark.flexmark-util-builder, ignoring such artifacts can be enabled with <pomDependencies>consider</pomDependencies> in target platform configuration.
[[1;34mINFO[m] The artifact can be referenced in feature files with the following data: <plugin id="turnus.com.vladsch.flexmark.flexmark-util-builder" version="0.64.0"/>
[[1;33mWARNING[m] Maven Artifact com.vladsch.flexmark:flexmark-util-collection:0.64.0 is not a bundle and was automatically wrapped with bundle-symbolic name turnus.com.vladsch.flexmark.flexmark-util-collection, ignoring such artifacts can be enabled with <pomDependencies>consider</pomDependencies> in target platform configuration.
[[1;34mINFO[m] The artifact can be referenced in feature files with the following data: <plugin id="turnus.com.vladsch.flexmark.flexmark-util-collection" version="0.64.0"/>
[[1;33mWARNING[m] Maven Artifact org.apache.poi:poi-ooxml-lite:5.2.3 is not a bundle and was automatically wrapped with bundle-symbolic name turnus.org.apache.poi.poi-ooxml-lite, ignoring such artifacts can be enabled with <pomDependencies>consider</pomDependencies> in target platform configuration.
[[1;34mINFO[m] The artifact can be referenced in feature files with the following data: <plugin id="turnus.org.apache.poi.poi-ooxml-lite" version="5.2.3"/>
[[1;33mWARNING[m] Maven Artifact com.vladsch.flexmark:flexmark-util-format:0.64.0 is not a bundle and was automatically wrapped with bundle-symbolic name turnus.com.vladsch.flexmark.flexmark-util-format, ignoring such artifacts can be enabled with <pomDependencies>consider</pomDependencies> in target platform configuration.
[[1;34mINFO[m] The artifact can be referenced in feature files with the following data: <plugin id="turnus.com.vladsch.flexmark.flexmark-util-format" version="0.64.0"/>
[[1;33mWARNING[m] Maven Artifact com.vladsch.flexmark:flexmark-ext-wikilink:0.64.0 is not a bundle and was automatically wrapped with bundle-symbolic name turnus.com.vladsch.flexmark.flexmark-ext-wikilink, ignoring such artifacts can be enabled with <pomDependencies>consider</pomDependencies> in target platform configuration.
[[1;34mINFO[m] The artifact can be referenced in feature files with the following data: <plugin id="turnus.com.vladsch.flexmark.flexmark-ext-wikilink" version="0.64.0"/>
[[1;33mWARNING[m] Maven Artifact com.vladsch.flexmark:flexmark-youtrack-converter:0.64.0 is not a bundle and was automatically wrapped with bundle-symbolic name turnus.com.vladsch.flexmark.flexmark-youtrack-converter, ignoring such artifacts can be enabled with <pomDependencies>consider</pomDependencies> in target platform configuration.
[[1;34mINFO[m] The artifact can be referenced in feature files with the following data: <plugin id="turnus.com.vladsch.flexmark.flexmark-youtrack-converter" version="0.64.0"/>
[[1;33mWARNING[m] Maven Artifact com.github.fommil.netlib:native_system-java:1.1 is not a bundle and was automatically wrapped with bundle-symbolic name turnus.com.github.fommil.netlib.native_system-java, ignoring such artifacts can be enabled with <pomDependencies>consider</pomDependencies> in target platform configuration.
[[1;34mINFO[m] The artifact can be referenced in feature files with the following data: <plugin id="turnus.com.github.fommil.netlib.native_system-java" version="1.1"/>
[[1;33mWARNING[m] Maven Artifact com.github.fommil.netlib:netlib-native_system-win-x86_64:1.1 is not a bundle and was automatically wrapped with bundle-symbolic name turnus.com.github.fommil.netlib.netlib-native_system-win-x86_64, ignoring such artifacts can be enabled with <pomDependencies>consider</pomDependencies> in target platform configuration.
[[1;34mINFO[m] The artifact can be referenced in feature files with the following data: <plugin id="turnus.com.github.fommil.netlib.netlib-native_system-win-x86_64" version="1.1"/>
[[1;33mWARNING[m] Maven Artifact com.vladsch.flexmark:flexmark-util-visitor:0.64.0 is not a bundle and was automatically wrapped with bundle-symbolic name turnus.com.vladsch.flexmark.flexmark-util-visitor, ignoring such artifacts can be enabled with <pomDependencies>consider</pomDependencies> in target platform configuration.
[[1;34mINFO[m] The artifact can be referenced in feature files with the following data: <plugin id="turnus.com.vladsch.flexmark.flexmark-util-visitor" version="0.64.0"/>
[[1;33mWARNING[m] Maven Artifact com.vladsch.flexmark:flexmark:0.64.0 is not a bundle and was automatically wrapped with bundle-symbolic name turnus.com.vladsch.flexmark.flexmark, ignoring such artifacts can be enabled with <pomDependencies>consider</pomDependencies> in target platform configuration.
[[1;34mINFO[m] The artifact can be referenced in feature files with the following data: <plugin id="turnus.com.vladsch.flexmark.flexmark" version="0.64.0"/>
[[1;33mWARNING[m] Maven Artifact com.vladsch.flexmark:flexmark-ext-typographic:0.64.0 is not a bundle and was automatically wrapped with bundle-symbolic name turnus.com.vladsch.flexmark.flexmark-ext-typographic, ignoring such artifacts can be enabled with <pomDependencies>consider</pomDependencies> in target platform configuration.
[[1;34mINFO[m] The artifact can be referenced in feature files with the following data: <plugin id="turnus.com.vladsch.flexmark.flexmark-ext-typographic" version="0.64.0"/>
[[1;33mWARNING[m] Maven Artifact com.vladsch.flexmark:flexmark-ext-anchorlink:0.64.0 is not a bundle and was automatically wrapped with bundle-symbolic name turnus.com.vladsch.flexmark.flexmark-ext-anchorlink, ignoring such artifacts can be enabled with <pomDependencies>consider</pomDependencies> in target platform configuration.
[[1;34mINFO[m] The artifact can be referenced in feature files with the following data: <plugin id="turnus.com.vladsch.flexmark.flexmark-ext-anchorlink" version="0.64.0"/>
[[1;33mWARNING[m] Maven Artifact com.github.fommil.netlib:netlib-native_system-win-i686:1.1 is not a bundle and was automatically wrapped with bundle-symbolic name turnus.com.github.fommil.netlib.netlib-native_system-win-i686, ignoring such artifacts can be enabled with <pomDependencies>consider</pomDependencies> in target platform configuration.
[[1;34mINFO[m] The artifact can be referenced in feature files with the following data: <plugin id="turnus.com.github.fommil.netlib.netlib-native_system-win-i686" version="1.1"/>
[[1;33mWARNING[m] Maven Artifact com.vladsch.flexmark:flexmark-ext-attributes:0.64.0 is not a bundle and was automatically wrapped with bundle-symbolic name turnus.com.vladsch.flexmark.flexmark-ext-attributes, ignoring such artifacts can be enabled with <pomDependencies>consider</pomDependencies> in target platform configuration.
[[1;34mINFO[m] The artifact can be referenced in feature files with the following data: <plugin id="turnus.com.vladsch.flexmark.flexmark-ext-attributes" version="0.64.0"/>
[[1;33mWARNING[m] Maven Artifact com.vladsch.flexmark:flexmark-ext-gfm-issues:0.64.0 is not a bundle and was automatically wrapped with bundle-symbolic name turnus.com.vladsch.flexmark.flexmark-ext-gfm-issues, ignoring such artifacts can be enabled with <pomDependencies>consider</pomDependencies> in target platform configuration.
[[1;34mINFO[m] The artifact can be referenced in feature files with the following data: <plugin id="turnus.com.vladsch.flexmark.flexmark-ext-gfm-issues" version="0.64.0"/>
[[1;33mWARNING[m] Maven Artifact com.vladsch.flexmark:flexmark-util:0.64.0 is not a bundle and was automatically wrapped with bundle-symbolic name turnus.com.vladsch.flexmark.flexmark-util, ignoring such artifacts can be enabled with <pomDependencies>consider</pomDependencies> in target platform configuration.
[[1;34mINFO[m] The artifact can be referenced in feature files with the following data: <plugin id="turnus.com.vladsch.flexmark.flexmark-util" version="0.64.0"/>
[[1;33mWARNING[m] Maven Artifact com.github.fommil.netlib:netlib-native_ref-win-x86_64:1.1 is not a bundle and was automatically wrapped with bundle-symbolic name turnus.com.github.fommil.netlib.netlib-native_ref-win-x86_64, ignoring such artifacts can be enabled with <pomDependencies>consider</pomDependencies> in target platform configuration.
[[1;34mINFO[m] The artifact can be referenced in feature files with the following data: <plugin id="turnus.com.github.fommil.netlib.netlib-native_ref-win-x86_64" version="1.1"/>
[[1;33mWARNING[m] Maven Artifact com.vladsch.flexmark:flexmark-ext-resizable-image:0.64.0 is not a bundle and was automatically wrapped with bundle-symbolic name turnus.com.vladsch.flexmark.flexmark-ext-resizable-image, ignoring such artifacts can be enabled with <pomDependencies>consider</pomDependencies> in target platform configuration.
[[1;34mINFO[m] The artifact can be referenced in feature files with the following data: <plugin id="turnus.com.vladsch.flexmark.flexmark-ext-resizable-image" version="0.64.0"/>
[[1;33mWARNING[m] Maven Artifact com.vladsch.flexmark:flexmark-ext-gfm-strikethrough:0.64.0 is not a bundle and was automatically wrapped with bundle-symbolic name turnus.com.vladsch.flexmark.flexmark-ext-gfm-strikethrough, ignoring such artifacts can be enabled with <pomDependencies>consider</pomDependencies> in target platform configuration.
[[1;34mINFO[m] The artifact can be referenced in feature files with the following data: <plugin id="turnus.com.vladsch.flexmark.flexmark-ext-gfm-strikethrough" version="0.64.0"/>
[[1;33mWARNING[m] Maven Artifact com.vladsch.flexmark:flexmark-util-options:0.64.0 is not a bundle and was automatically wrapped with bundle-symbolic name turnus.com.vladsch.flexmark.flexmark-util-options, ignoring such artifacts can be enabled with <pomDependencies>consider</pomDependencies> in target platform configuration.
[[1;34mINFO[m] The artifact can be referenced in feature files with the following data: <plugin id="turnus.com.vladsch.flexmark.flexmark-util-options" version="0.64.0"/>
[[1;33mWARNING[m] Maven Artifact com.github.fommil.netlib:netlib-native_ref-osx-x86_64:1.1 is not a bundle and was automatically wrapped with bundle-symbolic name turnus.com.github.fommil.netlib.netlib-native_ref-osx-x86_64, ignoring such artifacts can be enabled with <pomDependencies>consider</pomDependencies> in target platform configuration.
[[1;34mINFO[m] The artifact can be referenced in feature files with the following data: <plugin id="turnus.com.github.fommil.netlib.netlib-native_ref-osx-x86_64" version="1.1"/>
[[1;33mWARNING[m] Maven Artifact com.vladsch.flexmark:flexmark-jira-converter:0.64.0 is not a bundle and was automatically wrapped with bundle-symbolic name turnus.com.vladsch.flexmark.flexmark-jira-converter, ignoring such artifacts can be enabled with <pomDependencies>consider</pomDependencies> in target platform configuration.
[[1;34mINFO[m] The artifact can be referenced in feature files with the following data: <plugin id="turnus.com.vladsch.flexmark.flexmark-jira-converter" version="0.64.0"/>
[[1;33mWARNING[m] Maven Artifact de.rototor.pdfbox:graphics2d:3.0.2 is not a bundle and was automatically wrapped with bundle-symbolic name turnus.de.rototor.pdfbox.graphics2d, ignoring such artifacts can be enabled with <pomDependencies>consider</pomDependencies> in target platform configuration.
[[1;34mINFO[m] The artifact can be referenced in feature files with the following data: <plugin id="turnus.de.rototor.pdfbox.graphics2d" version="3.0.2"/>
[[1;33mWARNING[m] Maven Artifact com.github.fommil:jniloader:1.1 is not a bundle and was automatically wrapped with bundle-symbolic name turnus.com.github.fommil.jniloader, ignoring such artifacts can be enabled with <pomDependencies>consider</pomDependencies> in target platform configuration.
[[1;34mINFO[m] The artifact can be referenced in feature files with the following data: <plugin id="turnus.com.github.fommil.jniloader" version="1.1"/>
[[1;33mWARNING[m] Maven Artifact nz.ac.waikato.cms.weka:weka-stable:3.8.1 is not a bundle and was automatically wrapped with bundle-symbolic name turnus.nz.ac.waikato.cms.weka.weka-stable, ignoring such artifacts can be enabled with <pomDependencies>consider</pomDependencies> in target platform configuration.
[[1;34mINFO[m] The artifact can be referenced in feature files with the following data: <plugin id="turnus.nz.ac.waikato.cms.weka.weka-stable" version="3.8.1"/>
[[1;33mWARNING[m] Maven Artifact org.apache.poi:poi:5.2.3 is not a bundle and was automatically wrapped with bundle-symbolic name turnus.org.apache.poi.poi, ignoring such artifacts can be enabled with <pomDependencies>consider</pomDependencies> in target platform configuration.
[[1;34mINFO[m] The artifact can be referenced in feature files with the following data: <plugin id="turnus.org.apache.poi.poi" version="5.2.3"/>
[[1;33mWARNING[m] Maven Artifact com.vladsch.flexmark:flexmark-ext-toc:0.64.0 is not a bundle and was automatically wrapped with bundle-symbolic name turnus.com.vladsch.flexmark.flexmark-ext-toc, ignoring such artifacts can be enabled with <pomDependencies>consider</pomDependencies> in target platform configuration.
[[1;34mINFO[m] The artifact can be referenced in feature files with the following data: <plugin id="turnus.com.vladsch.flexmark.flexmark-ext-toc" version="0.64.0"/>
[[1;33mWARNING[m] Maven Artifact com.github.fommil.netlib:netlib-native_system-osx-x86_64:1.1 is not a bundle and was automatically wrapped with bundle-symbolic name turnus.com.github.fommil.netlib.netlib-native_system-osx-x86_64, ignoring such artifacts can be enabled with <pomDependencies>consider</pomDependencies> in target platform configuration.
[[1;34mINFO[m] The artifact can be referenced in feature files with the following data: <plugin id="turnus.com.github.fommil.netlib.netlib-native_system-osx-x86_64" version="1.1"/>
[[1;33mWARNING[m] Maven Artifact com.vladsch.flexmark:flexmark-util-data:0.64.0 is not a bundle and was automatically wrapped with bundle-symbolic name turnus.com.vladsch.flexmark.flexmark-util-data, ignoring such artifacts can be enabled with <pomDependencies>consider</pomDependencies> in target platform configuration.
[[1;34mINFO[m] The artifact can be referenced in feature files with the following data: <plugin id="turnus.com.vladsch.flexmark.flexmark-util-data" version="0.64.0"/>
[[1;34mINFO[m] Downloading from p2: https://download.eclipse.org/releases/2024-09/p2.index
[[1;34mINFO[m] Downloaded from p2: https://download.eclipse.org/releases/2024-09/p2.index (122 bytes at 119 KB/s)
[[1;34mINFO[m] Downloading from p2: https://download.eclipse.org/technology/epp/packages/2024-09/p2.index
[[1;34mINFO[m] Downloading from p2: https://download.eclipse.org/technology/epp/packages/2024-09/202409051200/p2.index
[[1;34mINFO[m] Downloaded from p2: https://download.eclipse.org/technology/epp/packages/2024-09/202409051200/p2.index (365 bytes at 356 KB/s)
[[1;34mINFO[m] Downloading from p2: https://download.eclipse.org/releases/2024-09/202409111000/p2.index
[[1;34mINFO[m] Downloaded from p2: https://download.eclipse.org/releases/2024-09/202409111000/p2.index (140 bytes at 136 KB/s)
[[1;34mINFO[m] Downloading from p2: https://download.eclipse.org/modeling/emft/mwe/updates/releases/2.19.0/p2.index
[[1;34mINFO[m] Downloaded from p2: https://download.eclipse.org/modeling/emft/mwe/updates/releases/2.19.0/p2.index (172 bytes at 167 KB/s)
[[1;34mINFO[m] Downloading from p2: https://download.eclipse.org/modeling/tmf/xtext/updates/releases/2.36.0/p2.index
[[1;34mINFO[m] Downloaded from p2: https://download.eclipse.org/modeling/tmf/xtext/updates/releases/2.36.0/p2.index (172 bytes at 167 KB/s)
[[1;34mINFO[m] Downloading from p2: https://download.eclipse.org/tools/orbit/simrel/orbit-aggregation/2024-09/p2.index
[[1;34mINFO[m] Downloaded from p2: https://download.eclipse.org/tools/orbit/simrel/orbit-aggregation/2024-09/p2.index (126 bytes at 123 KB/s)
[[1;34mINFO[m] Downloading from p2: https://download.eclipse.org/tools/orbit/simrel/orbit-aggregation/release/4.33.0/p2.index
[[1;34mINFO[m] Downloaded from p2: https://download.eclipse.org/tools/orbit/simrel/orbit-aggregation/release/4.33.0/p2.index (172 bytes at 167 KB/s)
[[1;34mINFO[m] Downloading from p2: https://download.eclipse.org/releases/2024-09/202409111000/plugins/com.ibm.icu_75.1.0.jar
[[1;34mINFO[m] Downloaded from p2: https://download.eclipse.org/releases/2024-09/202409111000/plugins/com.ibm.icu_75.1.0.jar (13 MB at 4 MB/s)
[90mDownloading from [0mcentral[90m: https://repo.maven.apache.org/maven2/[0mcom/ibm/icu/icu4j/75.1/icu4j-75.1.jar
Progress (1): 0.1/14 MBProgress (1): 0.1/14 MBProgress (1): 0.2/14 MBProgress (1): 0.3/14 MBProgress (1): 0.4/14 MBProgress (1): 0.4/14 MBProgress (1): 0.5/14 MBProgress (1): 0.6/14 MBProgress (1): 0.7/14 MBProgress (1): 0.7/14 MBProgress (1): 0.8/14 MBProgress (1): 0.9/14 MBProgress (1): 1.0/14 MBProgress (1): 1.0/14 MBProgress (1): 1.1/14 MBProgress (1): 1.2/14 MBProgress (1): 1.2/14 MBProgress (1): 1.3/14 MBProgress (1): 1.4/14 MBProgress (1): 1.5/14 MBProgress (1): 1.5/14 MBProgress (1): 1.6/14 MBProgress (1): 1.7/14 MBProgress (1): 1.8/14 MBProgress (1): 1.8/14 MBProgress (1): 1.9/14 MBProgress (1): 2.0/14 MBProgress (1): 2.1/14 MBProgress (1): 2.1/14 MBProgress (1): 2.2/14 MBProgress (1): 2.3/14 MBProgress (1): 2.4/14 MBProgress (1): 2.4/14 MBProgress (1): 2.5/14 MBProgress (1): 2.6/14 MBProgress (1): 2.6/14 MBProgress (1): 2.7/14 MBProgress (1): 2.8/14 MBProgress (1): 2.9/14 MBProgress (1): 2.9/14 MBProgress (1): 3.0/14 MBProgress (1): 3.1/14 MBProgress (1): 3.2/14 MBProgress (1): 3.2/14 MBProgress (1): 3.3/14 MBProgress (1): 3.4/14 MBProgress (1): 3.5/14 MBProgress (1): 3.5/14 MBProgress (1): 3.6/14 MBProgress (1): 3.7/14 MBProgress (1): 3.8/14 MBProgress (1): 3.8/14 MBProgress (1): 3.9/14 MBProgress (1): 4.0/14 MBProgress (1): 4.1/14 MBProgress (1): 4.1/14 MBProgress (1): 4.2/14 MBProgress (1): 4.3/14 MBProgress (1): 4.3/14 MBProgress (1): 4.4/14 MBProgress (1): 4.5/14 MBProgress (1): 4.6/14 MBProgress (1): 4.6/14 MBProgress (1): 4.7/14 MBProgress (1): 4.8/14 MBProgress (1): 4.9/14 MBProgress (1): 4.9/14 MBProgress (1): 5.0/14 MBProgress (1): 5.1/14 MBProgress (1): 5.1/14 MBProgress (1): 5.2/14 MBProgress (1): 5.3/14 MBProgress (1): 5.4/14 MBProgress (1): 5.4/14 MBProgress (1): 5.5/14 MBProgress (1): 5.6/14 MBProgress (1): 5.7/14 MBProgress (1): 5.7/14 MBProgress (1): 5.8/14 MBProgress (1): 5.9/14 MBProgress (1): 6.0/14 MBProgress (1): 6.0/14 MBProgress (1): 6.1/14 MBProgress (1): 6.2/14 MBProgress (1): 6.2/14 MBProgress (1): 6.3/14 MBProgress (1): 6.4/14 MBProgress (1): 6.5/14 MBProgress (1): 6.5/14 MBProgress (1): 6.6/14 MBProgress (1): 6.7/14 MBProgress (1): 6.8/14 MBProgress (1): 6.8/14 MBProgress (1): 6.9/14 MBProgress (1): 7.0/14 MBProgress (1): 7.1/14 MBProgress (1): 7.1/14 MBProgress (1): 7.2/14 MBProgress (1): 7.3/14 MBProgress (1): 7.4/14 MBProgress (1): 7.4/14 MBProgress (1): 7.5/14 MBProgress (1): 7.6/14 MBProgress (1): 7.7/14 MBProgress (1): 7.7/14 MBProgress (1): 7.8/14 MBProgress (1): 7.9/14 MBProgress (1): 7.9/14 MBProgress (1): 8.0/14 MBProgress (1): 8.1/14 MBProgress (1): 8.2/14 MBProgress (1): 8.2/14 MBProgress (1): 8.3/14 MBProgress (1): 8.4/14 MBProgress (1): 8.5/14 MBProgress (1): 8.5/14 MBProgress (1): 8.6/14 MBProgress (1): 8.7/14 MBProgress (1): 8.8/14 MBProgress (1): 8.8/14 MBProgress (1): 8.9/14 MBProgress (1): 9.0/14 MBProgress (1): 9.1/14 MBProgress (1): 9.1/14 MBProgress (1): 9.2/14 MBProgress (1): 9.3/14 MBProgress (1): 9.4/14 MBProgress (1): 9.4/14 MBProgress (1): 9.5/14 MBProgress (1): 9.6/14 MBProgress (1): 9.6/14 MBProgress (1): 9.7/14 MBProgress (1): 9.8/14 MBProgress (1): 9.9/14 MBProgress (1): 9.9/14 MBProgress (1): 10/14 MB Progress (1): 10/14 MBProgress (1): 10/14 MBProgress (1): 10/14 MBProgress (1): 10/14 MBProgress (1): 10/14 MBProgress (1): 10/14 MBProgress (1): 11/14 MBProgress (1): 11/14 MBProgress (1): 11/14 MBProgress (1): 11/14 MBProgress (1): 11/14 MBProgress (1): 11/14 MBProgress (1): 11/14 MBProgress (1): 11/14 MBProgress (1): 11/14 MBProgress (1): 11/14 MBProgress (1): 11/14 MBProgress (1): 11/14 MBProgress (1): 11/14 MBProgress (1): 11/14 MBProgress (1): 12/14 MBProgress (1): 12/14 MBProgress (1): 12/14 MBProgress (1): 12/14 MBProgress (1): 12/14 MBProgress (1): 12/14 MBProgress (1): 12/14 MBProgress (1): 12/14 MBProgress (1): 12/14 MBProgress (1): 12/14 MBProgress (1): 12/14 MBProgress (1): 12/14 MBProgress (1): 12/14 MBProgress (1): 13/14 MBProgress (1): 13/14 MBProgress (1): 13/14 MBProgress (1): 13/14 MBProgress (1): 13/14 MBProgress (1): 13/14 MBProgress (1): 13/14 MBProgress (1): 13/14 MBProgress (1): 13/14 MBProgress (1): 13/14 MBProgress (1): 13/14 MBProgress (1): 13/14 MBProgress (1): 13/14 MBProgress (1): 13/14 MBProgress (1): 14/14 MBProgress (1): 14/14 MBProgress (1): 14/14 MBProgress (1): 14/14 MBProgress (1): 14/14 MBProgress (1): 14/14 MBProgress (1): 14/14 MBProgress (1): 14/14 MBProgress (1): 14/14 MBProgress (1): 14/14 MBProgress (1): 14/14 MBProgress (1): 14 MB                      Downloaded[90m from [0mcentral[90m: https://repo.maven.apache.org/maven2/[0mcom/ibm/icu/icu4j/75.1/icu4j-75.1.jar[90m (14 MB at 27 MB/s)[0m
[[1;34mINFO[m] Downloading from p2: https://eclipse.mirror.liteserver.nl/releases/2024-09/202409111000/plugins/com.ibm.icu.source_75.1.0.jar
[[1;34mINFO[m] Downloaded from p2: https://eclipse.mirror.liteserver.nl/releases/2024-09/202409111000/plugins/com.ibm.icu.source_75.1.0.jar (2 MB at 5 MB/s)
[[1;34mINFO[m] Downloading from p2: https://mirror.dkm.cz/eclipse/releases/2024-09/202409111000/plugins/com.sun.jna_5.14.0.v20231211-1200.jar
[[1;34mINFO[m] Downloaded from p2: https://mirror.dkm.cz/eclipse/releases/2024-09/202409111000/plugins/com.sun.jna_5.14.0.v20231211-1200.jar (1 MB at 3 MB/s)
[[1;34mINFO[m] Downloading from p2: https://download.eclipse.org/releases/2024-09/202409111000/plugins/com.sun.jna.source_5.14.0.v20231211-1200.jar
[[1;34mINFO[m] Downloaded from p2: https://download.eclipse.org/releases/2024-09/202409111000/plugins/com.sun.jna.source_5.14.0.v20231211-1200.jar (160 KB at 330 KB/s)
[[1;34mINFO[m] Downloading from p2: https://eclipse.mirror.liteserver.nl/releases/2024-09/202409111000/plugins/com.sun.jna.platform_5.14.0.jar
[[1;34mINFO[m] Downloaded from p2: https://eclipse.mirror.liteserver.nl/releases/2024-09/202409111000/plugins/com.sun.jna.platform_5.14.0.jar (1 MB at 5 MB/s)
[90mDownloading from [0mcentral[90m: https://repo.maven.apache.org/maven2/[0mnet/java/dev/jna/jna-platform/5.14.0/jna-platform-5.14.0.jar
Progress (1): 0/1.4 MBProgress (1): 0/1.4 MBProgress (1): 0/1.4 MBProgress (1): 0/1.4 MBProgress (1): 0/1.4 MBProgress (1): 0.1/1.4 MBProgress (1): 0.1/1.4 MBProgress (1): 0.1/1.4 MBProgress (1): 0.1/1.4 MBProgress (1): 0.1/1.4 MBProgress (1): 0.1/1.4 MBProgress (1): 0.1/1.4 MBProgress (1): 0.1/1.4 MBProgress (1): 0.1/1.4 MBProgress (1): 0.1/1.4 MBProgress (1): 0.1/1.4 MBProgress (1): 0.1/1.4 MBProgress (1): 0.2/1.4 MBProgress (1): 0.2/1.4 MBProgress (1): 0.2/1.4 MBProgress (1): 0.2/1.4 MBProgress (1): 0.2/1.4 MBProgress (1): 0.2/1.4 MBProgress (1): 0.2/1.4 MBProgress (1): 0.2/1.4 MBProgress (1): 0.2/1.4 MBProgress (1): 0.2/1.4 MBProgress (1): 0.2/1.4 MBProgress (1): 0.2/1.4 MBProgress (1): 0.3/1.4 MBProgress (1): 0.3/1.4 MBProgress (1): 0.3/1.4 MBProgress (1): 0.3/1.4 MBProgress (1): 0.3/1.4 MBProgress (1): 0.3/1.4 MBProgress (1): 0.3/1.4 MBProgress (1): 0.3/1.4 MBProgress (1): 0.3/1.4 MBProgress (1): 0.3/1.4 MBProgress (1): 0.3/1.4 MBProgress (1): 0.3/1.4 MBProgress (1): 0.4/1.4 MBProgress (1): 0.4/1.4 MBProgress (1): 0.4/1.4 MBProgress (1): 0.4/1.4 MBProgress (1): 0.4/1.4 MBProgress (1): 0.4/1.4 MBProgress (1): 0.4/1.4 MBProgress (1): 0.4/1.4 MBProgress (1): 0.4/1.4 MBProgress (1): 0.4/1.4 MBProgress (1): 0.4/1.4 MBProgress (1): 0.4/1.4 MBProgress (1): 0.5/1.4 MBProgress (1): 0.5/1.4 MBProgress (1): 0.5/1.4 MBProgress (1): 0.5/1.4 MBProgress (1): 0.5/1.4 MBProgress (1): 0.5/1.4 MBProgress (1): 0.5/1.4 MBProgress (1): 0.5/1.4 MBProgress (1): 0.5/1.4 MBProgress (1): 0.5/1.4 MBProgress (1): 0.5/1.4 MBProgress (1): 0.5/1.4 MBProgress (1): 0.5/1.4 MBProgress (1): 0.6/1.4 MBProgress (1): 0.6/1.4 MBProgress (1): 0.6/1.4 MBProgress (1): 0.6/1.4 MBProgress (1): 0.6/1.4 MBProgress (1): 0.6/1.4 MBProgress (1): 0.6/1.4 MBProgress (1): 0.6/1.4 MBProgress (1): 0.6/1.4 MBProgress (1): 0.6/1.4 MBProgress (1): 0.6/1.4 MBProgress (1): 0.6/1.4 MBProgress (1): 0.7/1.4 MBProgress (1): 0.7/1.4 MBProgress (1): 0.7/1.4 MBProgress (1): 0.7/1.4 MBProgress (1): 0.7/1.4 MBProgress (1): 0.7/1.4 MBProgress (1): 0.7/1.4 MBProgress (1): 0.7/1.4 MBProgress (1): 0.7/1.4 MBProgress (1): 0.7/1.4 MBProgress (1): 0.7/1.4 MBProgress (1): 0.7/1.4 MBProgress (1): 0.8/1.4 MBProgress (1): 0.8/1.4 MBProgress (1): 0.8/1.4 MBProgress (1): 0.8/1.4 MBProgress (1): 0.8/1.4 MBProgress (1): 0.8/1.4 MBProgress (1): 0.8/1.4 MBProgress (1): 0.8/1.4 MBProgress (1): 0.8/1.4 MBProgress (1): 0.8/1.4 MBProgress (1): 0.8/1.4 MBProgress (1): 0.8/1.4 MBProgress (1): 0.9/1.4 MBProgress (1): 0.9/1.4 MBProgress (1): 0.9/1.4 MBProgress (1): 0.9/1.4 MBProgress (1): 0.9/1.4 MBProgress (1): 0.9/1.4 MBProgress (1): 0.9/1.4 MBProgress (1): 0.9/1.4 MBProgress (1): 0.9/1.4 MBProgress (1): 0.9/1.4 MBProgress (1): 0.9/1.4 MBProgress (1): 0.9/1.4 MBProgress (1): 1.0/1.4 MBProgress (1): 1.0/1.4 MBProgress (1): 1.0/1.4 MBProgress (1): 1.0/1.4 MBProgress (1): 1.0/1.4 MBProgress (1): 1.0/1.4 MBProgress (1): 1.0/1.4 MBProgress (1): 1.0/1.4 MBProgress (1): 1.0/1.4 MBProgress (1): 1.0/1.4 MBProgress (1): 1.0/1.4 MBProgress (1): 1.0/1.4 MBProgress (1): 1.1/1.4 MBProgress (1): 1.1/1.4 MBProgress (1): 1.1/1.4 MBProgress (1): 1.1/1.4 MBProgress (1): 1.1/1.4 MBProgress (1): 1.1/1.4 MBProgress (1): 1.1/1.4 MBProgress (1): 1.1/1.4 MBProgress (1): 1.1/1.4 MBProgress (1): 1.1/1.4 MBProgress (1): 1.1/1.4 MBProgress (1): 1.1/1.4 MBProgress (1): 1.2/1.4 MBProgress (1): 1.2/1.4 MBProgress (1): 1.2/1.4 MBProgress (1): 1.2/1.4 MBProgress (1): 1.2/1.4 MBProgress (1): 1.2/1.4 MBProgress (1): 1.2/1.4 MBProgress (1): 1.2/1.4 MBProgress (1): 1.2/1.4 MBProgress (1): 1.2/1.4 MBProgress (1): 1.2/1.4 MBProgress (1): 1.2/1.4 MBProgress (1): 1.2/1.4 MBProgress (1): 1.3/1.4 MBProgress (1): 1.3/1.4 MBProgress (1): 1.3/1.4 MBProgress (1): 1.3/1.4 MBProgress (1): 1.3/1.4 MBProgress (1): 1.3/1.4 MBProgress (1): 1.3/1.4 MBProgress (1): 1.3/1.4 MBProgress (1): 1.3/1.4 MBProgress (1): 1.3/1.4 MBProgress (1): 1.3/1.4 MBProgress (1): 1.3/1.4 MBProgress (1): 1.4/1.4 MBProgress (1): 1.4/1.4 MBProgress (1): 1.4 MB                        Downloaded[90m from [0mcentral[90m: https://repo.maven.apache.org/maven2/[0mnet/java/dev/jna/jna-platform/5.14.0/jna-platform-5.14.0.jar[90m (1.4 MB at 13 MB/s)[0m
[[1;34mINFO[m] Downloading from p2: https://download.eclipse.org/releases/2024-09/202409111000/plugins/com.sun.jna.platform.source_5.14.0.jar
[[1;34mINFO[m] Downloaded from p2: https://download.eclipse.org/releases/2024-09/202409111000/plugins/com.sun.jna.platform.source_5.14.0.jar (1 MB at 2 MB/s)
[[1;34mINFO[m] Downloading from p2: https://mirror.dkm.cz/eclipse/releases/2024-09/202409111000/plugins/jakarta.annotation-api_2.1.1.jar
[[1;34mINFO[m] Downloaded from p2: https://mirror.dkm.cz/eclipse/releases/2024-09/202409111000/plugins/jakarta.annotation-api_2.1.1.jar (25 KB at 654 KB/s)
[90mDownloading from [0mcentral[90m: https://repo.maven.apache.org/maven2/[0mjakarta/annotation/jakarta.annotation-api/2.1.1/jakarta.annotation-api-2.1.1.jar
Progress (1): 4.0/26 kBProgress (1): 8.1/26 kBProgress (1): 12/26 kB Progress (1): 16/26 kBProgress (1): 20/26 kBProgress (1): 24/26 kBProgress (1): 26 kB                      Downloaded[90m from [0mcentral[90m: https://repo.maven.apache.org/maven2/[0mjakarta/annotation/jakarta.annotation-api/2.1.1/jakarta.annotation-api-2.1.1.jar[90m (26 kB at 429 kB/s)[0m
[[1;34mINFO[m] Downloading from p2: https://mirror.dkm.cz/eclipse/releases/2024-09/202409111000/plugins/jakarta.annotation-api.source_2.1.1.jar
[[1;34mINFO[m] Downloaded from p2: https://mirror.dkm.cz/eclipse/releases/2024-09/202409111000/plugins/jakarta.annotation-api.source_2.1.1.jar (37 KB at 882 KB/s)
[[1;34mINFO[m] Downloading from p2: https://eclipse.mirror.liteserver.nl/releases/2024-09/202409111000/plugins/jakarta.inject.jakarta.inject-api_2.0.1.jar
[[1;34mINFO[m] Downloaded from p2: https://eclipse.mirror.liteserver.nl/releases/2024-09/202409111000/plugins/jakarta.inject.jakarta.inject-api_2.0.1.jar (10 KB at 253 KB/s)
[[1;34mINFO[m] Downloading from p2: https://mirror.dkm.cz/eclipse/releases/2024-09/202409111000/plugins/jakarta.inject.jakarta.inject-api.source_2.0.1.jar
[[1;34mINFO[m] Downloaded from p2: https://mirror.dkm.cz/eclipse/releases/2024-09/202409111000/plugins/jakarta.inject.jakarta.inject-api.source_2.0.1.jar (18 KB at 312 KB/s)
[[1;34mINFO[m] Downloading from p2: https://eclipse.mirror.liteserver.nl/releases/2024-09/202409111000/plugins/org.apache.aries.spifly.dynamic.bundle_1.3.7.jar
[[1;34mINFO[m] Downloaded from p2: https://eclipse.mirror.liteserver.nl/releases/2024-09/202409111000/plugins/org.apache.aries.spifly.dynamic.bundle_1.3.7.jar (150 KB at 2 MB/s)
[90mDownloading from [0mcentral[90m: https://repo.maven.apache.org/maven2/[0morg/apache/aries/spifly/org.apache.aries.spifly.dynamic.bundle/1.3.7/org.apache.aries.spifly.dynamic.bundle-1.3.7.jar
Progress (1): 4.1/154 kBProgress (1): 7.7/154 kBProgress (1): 12/154 kB Progress (1): 16/154 kBProgress (1): 20/154 kBProgress (1): 24/154 kBProgress (1): 28/154 kBProgress (1): 32/154 kBProgress (1): 36/154 kBProgress (1): 40/154 kBProgress (1): 45/154 kBProgress (1): 49/154 kBProgress (1): 53/154 kBProgress (1): 57/154 kBProgress (1): 61/154 kBProgress (1): 65/154 kBProgress (1): 69/154 kBProgress (1): 73/154 kBProgress (1): 77/154 kBProgress (1): 81/154 kBProgress (1): 86/154 kBProgress (1): 90/154 kBProgress (1): 94/154 kBProgress (1): 98/154 kBProgress (1): 102/154 kBProgress (1): 106/154 kBProgress (1): 110/154 kBProgress (1): 114/154 kBProgress (1): 118/154 kBProgress (1): 122/154 kBProgress (1): 127/154 kBProgress (1): 131/154 kBProgress (1): 135/154 kBProgress (1): 139/154 kBProgress (1): 143/154 kBProgress (1): 147/154 kBProgress (1): 151/154 kBProgress (1): 154 kB                        Downloaded[90m from [0mcentral[90m: https://repo.maven.apache.org/maven2/[0morg/apache/aries/spifly/org.apache.aries.spifly.dynamic.bundle/1.3.7/org.apache.aries.spifly.dynamic.bundle-1.3.7.jar[90m (154 kB at 2.2 MB/s)[0m
[[1;34mINFO[m] Downloading from p2: https://eclipse.mirror.liteserver.nl/releases/2024-09/202409111000/plugins/org.objectweb.asm_9.7.0.jar
[[1;34mINFO[m] Downloaded from p2: https://eclipse.mirror.liteserver.nl/releases/2024-09/202409111000/plugins/org.objectweb.asm_9.7.0.jar (122 KB at 2 MB/s)
[[1;34mINFO[m] Downloading from p2: https://mirror.dkm.cz/eclipse/releases/2024-09/202409111000/plugins/org.objectweb.asm.commons_9.7.0.jar
[[1;34mINFO[m] Downloaded from p2: https://mirror.dkm.cz/eclipse/releases/2024-09/202409111000/plugins/org.objectweb.asm.commons_9.7.0.jar (71 KB at 1 MB/s)
[90mDownloading from [0mcentral[90m: https://repo.maven.apache.org/maven2/[0morg/ow2/asm/asm-commons/9.7/asm-commons-9.7.jar
Progress (1): 4.1/73 kBProgress (1): 7.7/73 kBProgress (1): 12/73 kB Progress (1): 16/73 kBProgress (1): 20/73 kBProgress (1): 24/73 kBProgress (1): 28/73 kBProgress (1): 32/73 kBProgress (1): 36/73 kBProgress (1): 40/73 kBProgress (1): 44/73 kBProgress (1): 48/73 kBProgress (1): 52/73 kBProgress (1): 56/73 kBProgress (1): 61/73 kBProgress (1): 65/73 kBProgress (1): 69/73 kBProgress (1): 73/73 kBProgress (1): 73 kB                      Downloaded[90m from [0mcentral[90m: https://repo.maven.apache.org/maven2/[0morg/ow2/asm/asm-commons/9.7/asm-commons-9.7.jar[90m (73 kB at 1.1 MB/s)[0m
[[1;34mINFO[m] Downloading from p2: https://eclipse.mirror.liteserver.nl/releases/2024-09/202409111000/plugins/org.objectweb.asm.util_9.7.0.jar
[[1;34mINFO[m] Downloaded from p2: https://eclipse.mirror.liteserver.nl/releases/2024-09/202409111000/plugins/org.objectweb.asm.util_9.7.0.jar (91 KB at 2 MB/s)
[90mDownloading from [0mcentral[90m: https://repo.maven.apache.org/maven2/[0morg/ow2/asm/asm-util/9.7/asm-util-9.7.jar
Progress (1): 4.1/94 kBProgress (1): 7.7/94 kBProgress (1): 12/94 kB Progress (1): 16/94 kBProgress (1): 20/94 kBProgress (1): 24/94 kBProgress (1): 28/94 kBProgress (1): 32/94 kBProgress (1): 36/94 kBProgress (1): 40/94 kBProgress (1): 45/94 kBProgress (1): 49/94 kBProgress (1): 53/94 kBProgress (1): 57/94 kBProgress (1): 61/94 kBProgress (1): 65/94 kBProgress (1): 69/94 kBProgress (1): 73/94 kBProgress (1): 77/94 kBProgress (1): 81/94 kBProgress (1): 86/94 kBProgress (1): 90/94 kBProgress (1): 94/94 kBProgress (1): 94 kB                      Downloaded[90m from [0mcentral[90m: https://repo.maven.apache.org/maven2/[0morg/ow2/asm/asm-util/9.7/asm-util-9.7.jar[90m (94 kB at 1.6 MB/s)[0m
[[1;34mINFO[m] Downloading from p2: https://eclipse.mirror.liteserver.nl/releases/2024-09/202409111000/plugins/org.eclipse.osgi_3.21.0.v20240717-2103.jar
[[1;34mINFO[m] Downloaded from p2: https://eclipse.mirror.liteserver.nl/releases/2024-09/202409111000/plugins/org.eclipse.osgi_3.21.0.v20240717-2103.jar (1 MB at 7 MB/s)
[[1;34mINFO[m] Downloading from p2: https://mirror.dkm.cz/eclipse/releases/2024-09/202409111000/plugins/org.apache.aries.spifly.dynamic.bundle.source_1.3.7.jar
[[1;34mINFO[m] Downloaded from p2: https://mirror.dkm.cz/eclipse/releases/2024-09/202409111000/plugins/org.apache.aries.spifly.dynamic.bundle.source_1.3.7.jar (113 KB at 2 MB/s)
[[1;34mINFO[m] Downloading from p2: https://eclipse.mirror.liteserver.nl/releases/2024-09/202409111000/plugins/org.apache.batik.constants_1.17.0.v20231215-1130.jar
[[1;34mINFO[m] Downloaded from p2: https://eclipse.mirror.liteserver.nl/releases/2024-09/202409111000/plugins/org.apache.batik.constants_1.17.0.v20231215-1130.jar (16 KB at 411 KB/s)
[[1;34mINFO[m] Downloading from p2: https://mirror.dkm.cz/eclipse/releases/2024-09/202409111000/plugins/org.apache.batik.constants.source_1.17.0.v20231215-1130.jar
[[1;34mINFO[m] Downloaded from p2: https://mirror.dkm.cz/eclipse/releases/2024-09/202409111000/plugins/org.apache.batik.constants.source_1.17.0.v20231215-1130.jar (11 KB at 237 KB/s)
[90mDownloading from [0mcentral[90m: https://repo.maven.apache.org/maven2/[0morg/apache/xmlgraphics/batik-constants/1.17/batik-constants-1.17.jar
Progress (1): 4.0/8.4 kBProgress (1): 8.1/8.4 kBProgress (1): 8.4 kB                        Downloaded[90m from [0mcentral[90m: https://repo.maven.apache.org/maven2/[0morg/apache/xmlgraphics/batik-constants/1.17/batik-constants-1.17.jar[90m (8.4 kB at 153 kB/s)[0m
[[1;34mINFO[m] Downloading from p2: https://mirror.dkm.cz/eclipse/releases/2024-09/202409111000/plugins/org.apache.batik.css_1.17.0.v20231215-1130.jar
[[1;34mINFO[m] Downloaded from p2: https://mirror.dkm.cz/eclipse/releases/2024-09/202409111000/plugins/org.apache.batik.css_1.17.0.v20231215-1130.jar (356 KB at 4 MB/s)
[[1;34mINFO[m] Downloading from p2: https://eclipse.mirror.liteserver.nl/releases/2024-09/202409111000/plugins/org.eclipse.orbit.xml-apis-ext_1.0.0.v20230923-0644.jar
[[1;34mINFO[m] Downloaded from p2: https://eclipse.mirror.liteserver.nl/releases/2024-09/202409111000/plugins/org.eclipse.orbit.xml-apis-ext_1.0.0.v20230923-0644.jar (140 KB at 2 MB/s)
[[1;34mINFO[m] Downloading from p2: https://eclipse.mirror.liteserver.nl/releases/2024-09/202409111000/plugins/org.apache.xmlgraphics_2.9.0.v20230916-1600.jar
[[1;34mINFO[m] Downloaded from p2: https://eclipse.mirror.liteserver.nl/releases/2024-09/202409111000/plugins/org.apache.xmlgraphics_2.9.0.v20230916-1600.jar (712 KB at 6 MB/s)
[[1;34mINFO[m] Downloading from p2: https://mirror.accum.se/mirror/eclipse.org//releases/2024-09/202409111000/plugins/org.apache.batik.i18n_1.17.0.v20231215-1130.jar
[[1;34mINFO[m] Downloaded from p2: https://mirror.accum.se/mirror/eclipse.org//releases/2024-09/202409111000/plugins/org.apache.batik.i18n_1.17.0.v20231215-1130.jar (19 KB at 70 KB/s)
[[1;34mINFO[m] Downloading from p2: https://mirror.umd.edu/eclipse/releases/2024-09/202409111000/plugins/org.apache.batik.util_1.17.0.v20231215-1130.jar
[[1;34mINFO[m] Downloaded from p2: https://mirror.umd.edu/eclipse/releases/2024-09/202409111000/plugins/org.apache.batik.util_1.17.0.v20231215-1130.jar (141 KB at 94 KB/s)
[[1;34mINFO[m] Downloading from p2: https://mirror.dkm.cz/eclipse/releases/2024-09/202409111000/plugins/org.apache.batik.css.source_1.17.0.v20231215-1130.jar
[[1;34mINFO[m] Downloaded from p2: https://mirror.dkm.cz/eclipse/releases/2024-09/202409111000/plugins/org.apache.batik.css.source_1.17.0.v20231215-1130.jar (309 KB at 4 MB/s)
[90mDownloading from [0mcentral[90m: https://repo.maven.apache.org/maven2/[0morg/apache/xmlgraphics/batik-css/1.17/batik-css-1.17.jar
Progress (1): 4.1/331 kBProgress (1): 7.7/331 kBProgress (1): 11/331 kB Progress (1): 15/331 kBProgress (1): 20/331 kBProgress (1): 24/331 kBProgress (1): 28/331 kBProgress (1): 32/331 kBProgress (1): 36/331 kBProgress (1): 40/331 kBProgress (1): 44/331 kBProgress (1): 48/331 kBProgress (1): 52/331 kBProgress (1): 56/331 kBProgress (1): 61/331 kBProgress (1): 65/331 kBProgress (1): 69/331 kBProgress (1): 73/331 kBProgress (1): 77/331 kBProgress (1): 81/331 kBProgress (1): 85/331 kBProgress (1): 89/331 kBProgress (1): 93/331 kBProgress (1): 97/331 kBProgress (1): 101/331 kBProgress (1): 106/331 kBProgress (1): 110/331 kBProgress (1): 114/331 kBProgress (1): 118/331 kBProgress (1): 122/331 kBProgress (1): 126/331 kBProgress (1): 130/331 kBProgress (1): 134/331 kBProgress (1): 138/331 kBProgress (1): 142/331 kBProgress (1): 147/331 kBProgress (1): 151/331 kBProgress (1): 155/331 kBProgress (1): 159/331 kBProgress (1): 163/331 kBProgress (1): 167/331 kBProgress (1): 171/331 kBProgress (1): 175/331 kBProgress (1): 179/331 kBProgress (1): 183/331 kBProgress (1): 187/331 kBProgress (1): 192/331 kBProgress (1): 196/331 kBProgress (1): 200/331 kBProgress (1): 204/331 kBProgress (1): 208/331 kBProgress (1): 212/331 kBProgress (1): 216/331 kBProgress (1): 220/331 kBProgress (1): 224/331 kBProgress (1): 228/331 kBProgress (1): 233/331 kBProgress (1): 237/331 kBProgress (1): 241/331 kBProgress (1): 245/331 kBProgress (1): 249/331 kBProgress (1): 253/331 kBProgress (1): 257/331 kBProgress (1): 261/331 kBProgress (1): 265/331 kBProgress (1): 269/331 kBProgress (1): 274/331 kBProgress (1): 278/331 kBProgress (1): 282/331 kBProgress (1): 286/331 kBProgress (1): 290/331 kBProgress (1): 294/331 kBProgress (1): 298/331 kBProgress (1): 302/331 kBProgress (1): 306/331 kBProgress (1): 310/331 kBProgress (1): 314/331 kBProgress (1): 319/331 kBProgress (1): 323/331 kBProgress (1): 327/331 kBProgress (1): 331 kB                        Downloaded[90m from [0mcentral[90m: https://repo.maven.apache.org/maven2/[0morg/apache/xmlgraphics/batik-css/1.17/batik-css-1.17.jar[90m (331 kB at 3.9 MB/s)[0m
[[1;34mINFO[m] Downloading from p2: https://eclipse.mirror.liteserver.nl/releases/2024-09/202409111000/plugins/org.apache.batik.i18n.source_1.17.0.v20231215-1130.jar
[[1;34mINFO[m] Downloaded from p2: https://eclipse.mirror.liteserver.nl/releases/2024-09/202409111000/plugins/org.apache.batik.i18n.source_1.17.0.v20231215-1130.jar (17 KB at 266 KB/s)
[90mDownloading from [0mcentral[90m: https://repo.maven.apache.org/maven2/[0morg/apache/xmlgraphics/batik-i18n/1.17/batik-i18n-1.17.jar
Progress (1): 4.0/11 kBProgress (1): 8.1/11 kBProgress (1): 11 kB                       Downloaded[90m from [0mcentral[90m: https://repo.maven.apache.org/maven2/[0morg/apache/xmlgraphics/batik-i18n/1.17/batik-i18n-1.17.jar[90m (11 kB at 168 kB/s)[0m
[[1;34mINFO[m] Downloading from p2: https://eclipse.mirror.liteserver.nl/releases/2024-09/202409111000/plugins/org.apache.batik.util.source_1.17.0.v20231215-1130.jar
[[1;34mINFO[m] Downloaded from p2: https://eclipse.mirror.liteserver.nl/releases/2024-09/202409111000/plugins/org.apache.batik.util.source_1.17.0.v20231215-1130.jar (121 KB at 1 MB/s)
[90mDownloading from [0mcentral[90m: https://repo.maven.apache.org/maven2/[0morg/apache/xmlgraphics/batik-util/1.17/batik-util-1.17.jar
Progress (1): 4.1/127 kBProgress (1): 7.7/127 kBProgress (1): 12/127 kB Progress (1): 16/127 kBProgress (1): 20/127 kBProgress (1): 24/127 kBProgress (1): 28/127 kBProgress (1): 32/127 kBProgress (1): 36/127 kBProgress (1): 40/127 kBProgress (1): 45/127 kBProgress (1): 49/127 kBProgress (1): 53/127 kBProgress (1): 57/127 kBProgress (1): 61/127 kBProgress (1): 65/127 kBProgress (1): 69/127 kBProgress (1): 73/127 kBProgress (1): 77/127 kBProgress (1): 81/127 kBProgress (1): 86/127 kBProgress (1): 90/127 kBProgress (1): 94/127 kBProgress (1): 98/127 kBProgress (1): 102/127 kBProgress (1): 106/127 kBProgress (1): 110/127 kBProgress (1): 114/127 kBProgress (1): 118/127 kBProgress (1): 122/127 kBProgress (1): 127/127 kBProgress (1): 127 kB                        Downloaded[90m from [0mcentral[90m: https://repo.maven.apache.org/maven2/[0morg/apache/xmlgraphics/batik-util/1.17/batik-util-1.17.jar[90m (127 kB at 2.0 MB/s)[0m
[[1;34mINFO[m] Downloading from p2: https://eclipse.mirror.liteserver.nl/releases/2024-09/202409111000/plugins/org.apache.commons.commons-beanutils_1.9.4.jar
[[1;34mINFO[m] Downloaded from p2: https://eclipse.mirror.liteserver.nl/releases/2024-09/202409111000/plugins/org.apache.commons.commons-beanutils_1.9.4.jar (241 KB at 2 MB/s)
[90mDownloading from [0mcentral[90m: https://repo.maven.apache.org/maven2/[0mcommons-beanutils/commons-beanutils/1.9.4/commons-beanutils-1.9.4.jar
Progress (1): 4.1/247 kBProgress (1): 7.7/247 kBProgress (1): 12/247 kB Progress (1): 16/247 kBProgress (1): 20/247 kBProgress (1): 24/247 kBProgress (1): 28/247 kBProgress (1): 32/247 kBProgress (1): 36/247 kBProgress (1): 40/247 kBProgress (1): 45/247 kBProgress (1): 49/247 kBProgress (1): 53/247 kBProgress (1): 57/247 kBProgress (1): 61/247 kBProgress (1): 65/247 kBProgress (1): 69/247 kBProgress (1): 73/247 kBProgress (1): 77/247 kBProgress (1): 81/247 kBProgress (1): 86/247 kBProgress (1): 90/247 kBProgress (1): 94/247 kBProgress (1): 98/247 kBProgress (1): 102/247 kBProgress (1): 106/247 kBProgress (1): 110/247 kBProgress (1): 114/247 kBProgress (1): 118/247 kBProgress (1): 122/247 kBProgress (1): 127/247 kBProgress (1): 131/247 kBProgress (1): 135/247 kBProgress (1): 139/247 kBProgress (1): 143/247 kBProgress (1): 147/247 kBProgress (1): 151/247 kBProgress (1): 155/247 kBProgress (1): 159/247 kBProgress (1): 163/247 kBProgress (1): 167/247 kBProgress (1): 171/247 kBProgress (1): 176/247 kBProgress (1): 180/247 kBProgress (1): 184/247 kBProgress (1): 188/247 kBProgress (1): 192/247 kBProgress (1): 196/247 kBProgress (1): 200/247 kBProgress (1): 204/247 kBProgress (1): 208/247 kBProgress (1): 212/247 kBProgress (1): 217/247 kBProgress (1): 221/247 kBProgress (1): 225/247 kBProgress (1): 229/247 kBProgress (1): 233/247 kBProgress (1): 236/247 kBProgress (1): 240/247 kBProgress (1): 244/247 kBProgress (1): 247 kB                        Downloaded[90m from [0mcentral[90m: https://repo.maven.apache.org/maven2/[0mcommons-beanutils/commons-beanutils/1.9.4/commons-beanutils-1.9.4.jar[90m (247 kB at 3.4 MB/s)[0m
[[1;34mINFO[m] Downloading from p2: https://download.eclipse.org/releases/2024-09/202409111000/plugins/org.apache.commons.collections_3.2.2.v201511171945.jar
[[1;34mINFO[m] Downloaded from p2: https://download.eclipse.org/releases/2024-09/202409111000/plugins/org.apache.commons.collections_3.2.2.v201511171945.jar (617 KB at 852 KB/s)
[[1;34mINFO[m] Downloading from p2: https://eclipse.mirror.liteserver.nl/releases/2024-09/202409111000/plugins/org.apache.commons.logging_1.2.0.jar
[[1;34mINFO[m] Downloaded from p2: https://eclipse.mirror.liteserver.nl/releases/2024-09/202409111000/plugins/org.apache.commons.logging_1.2.0.jar (60 KB at 862 KB/s)
[[1;34mINFO[m] Downloading from p2: https://mirrors.dotsrc.org/eclipse//releases/2024-09/202409111000/plugins/org.apache.commons.commons-beanutils.source_1.9.4.jar
[[1;34mINFO[m] Downloaded from p2: https://mirrors.dotsrc.org/eclipse//releases/2024-09/202409111000/plugins/org.apache.commons.commons-beanutils.source_1.9.4.jar (303 KB at 797 KB/s)
[[1;34mINFO[m] Downloading from p2: https://eclipse.mirror.liteserver.nl/releases/2024-09/202409111000/plugins/org.apache.commons.commons-io_2.16.1.jar
[[1;34mINFO[m] Downloaded from p2: https://eclipse.mirror.liteserver.nl/releases/2024-09/202409111000/plugins/org.apache.commons.commons-io_2.16.1.jar (496 KB at 2 MB/s)
[[1;34mINFO[m] Downloading from p2: https://eclipse.mirror.liteserver.nl/releases/2024-09/202409111000/plugins/org.apache.commons.commons-io.source_2.16.1.jar
[[1;34mINFO[m] Downloaded from p2: https://eclipse.mirror.liteserver.nl/releases/2024-09/202409111000/plugins/org.apache.commons.commons-io.source_2.16.1.jar (519 KB at 4 MB/s)
[[1;34mINFO[m] Downloading from p2: https://mirrors.dotsrc.org/eclipse//releases/2024-09/202409111000/plugins/org.apache.commons.jxpath_1.3.0.jar
[[1;34mINFO[m] Downloaded from p2: https://mirrors.dotsrc.org/eclipse//releases/2024-09/202409111000/plugins/org.apache.commons.jxpath_1.3.0.jar (292 KB at 1 MB/s)
[90mDownloading from [0mcentral[90m: https://repo.maven.apache.org/maven2/[0mcommons-jxpath/commons-jxpath/1.3/commons-jxpath-1.3.jar
Progress (1): 4.1/300 kBProgress (1): 7.7/300 kBProgress (1): 12/300 kB Progress (1): 16/300 kBProgress (1): 20/300 kBProgress (1): 24/300 kBProgress (1): 28/300 kBProgress (1): 32/300 kBProgress (1): 36/300 kBProgress (1): 40/300 kBProgress (1): 45/300 kBProgress (1): 49/300 kBProgress (1): 53/300 kBProgress (1): 57/300 kBProgress (1): 61/300 kBProgress (1): 65/300 kBProgress (1): 69/300 kBProgress (1): 73/300 kBProgress (1): 77/300 kBProgress (1): 81/300 kBProgress (1): 86/300 kBProgress (1): 90/300 kBProgress (1): 94/300 kBProgress (1): 98/300 kBProgress (1): 102/300 kBProgress (1): 106/300 kBProgress (1): 110/300 kBProgress (1): 114/300 kBProgress (1): 118/300 kBProgress (1): 122/300 kBProgress (1): 127/300 kBProgress (1): 131/300 kBProgress (1): 135/300 kBProgress (1): 139/300 kBProgress (1): 143/300 kBProgress (1): 147/300 kBProgress (1): 151/300 kBProgress (1): 155/300 kBProgress (1): 159/300 kBProgress (1): 163/300 kBProgress (1): 167/300 kBProgress (1): 172/300 kBProgress (1): 176/300 kBProgress (1): 180/300 kBProgress (1): 184/300 kBProgress (1): 188/300 kBProgress (1): 192/300 kBProgress (1): 196/300 kBProgress (1): 200/300 kBProgress (1): 204/300 kBProgress (1): 208/300 kBProgress (1): 213/300 kBProgress (1): 217/300 kBProgress (1): 221/300 kBProgress (1): 225/300 kBProgress (1): 229/300 kBProgress (1): 233/300 kBProgress (1): 237/300 kBProgress (1): 241/300 kBProgress (1): 245/300 kBProgress (1): 249/300 kBProgress (1): 253/300 kBProgress (1): 258/300 kBProgress (1): 262/300 kBProgress (1): 266/300 kBProgress (1): 270/300 kBProgress (1): 274/300 kBProgress (1): 278/300 kBProgress (1): 282/300 kBProgress (1): 286/300 kBProgress (1): 290/300 kBProgress (1): 294/300 kBProgress (1): 299/300 kBProgress (1): 300 kB                        Downloaded[90m from [0mcentral[90m: https://repo.maven.apache.org/maven2/[0mcommons-jxpath/commons-jxpath/1.3/commons-jxpath-1.3.jar[90m (300 kB at 3.3 MB/s)[0m
[[1;34mINFO[m] Downloading from p2: https://mirrors.dotsrc.org/eclipse//releases/2024-09/202409111000/plugins/org.eclipse.jetty.servlet-api_4.0.6.jar
[[1;34mINFO[m] Downloaded from p2: https://mirrors.dotsrc.org/eclipse//releases/2024-09/202409111000/plugins/org.eclipse.jetty.servlet-api_4.0.6.jar (266 KB at 1 MB/s)
[90mDownloading from [0mcentral[90m: https://repo.maven.apache.org/maven2/[0morg/eclipse/jetty/toolchain/jetty-servlet-api/4.0.6/jetty-servlet-api-4.0.6.jar
Progress (1): 4.1/273 kBProgress (1): 7.7/273 kBProgress (1): 12/273 kB Progress (1): 16/273 kBProgress (1): 20/273 kBProgress (1): 24/273 kBProgress (1): 28/273 kBProgress (1): 32/273 kBProgress (1): 36/273 kBProgress (1): 40/273 kBProgress (1): 45/273 kBProgress (1): 49/273 kBProgress (1): 53/273 kBProgress (1): 57/273 kBProgress (1): 61/273 kBProgress (1): 65/273 kBProgress (1): 69/273 kBProgress (1): 73/273 kBProgress (1): 77/273 kBProgress (1): 81/273 kBProgress (1): 86/273 kBProgress (1): 90/273 kBProgress (1): 94/273 kBProgress (1): 98/273 kBProgress (1): 102/273 kBProgress (1): 106/273 kBProgress (1): 110/273 kBProgress (1): 114/273 kBProgress (1): 118/273 kBProgress (1): 122/273 kBProgress (1): 127/273 kBProgress (1): 131/273 kBProgress (1): 135/273 kBProgress (1): 139/273 kBProgress (1): 143/273 kBProgress (1): 147/273 kBProgress (1): 151/273 kBProgress (1): 155/273 kBProgress (1): 159/273 kBProgress (1): 163/273 kBProgress (1): 167/273 kBProgress (1): 171/273 kBProgress (1): 176/273 kBProgress (1): 180/273 kBProgress (1): 184/273 kBProgress (1): 188/273 kBProgress (1): 192/273 kBProgress (1): 196/273 kBProgress (1): 200/273 kBProgress (1): 204/273 kBProgress (1): 208/273 kBProgress (1): 212/273 kBProgress (1): 217/273 kBProgress (1): 221/273 kBProgress (1): 225/273 kBProgress (1): 228/273 kBProgress (1): 232/273 kBProgress (1): 237/273 kBProgress (1): 241/273 kBProgress (1): 245/273 kBProgress (1): 249/273 kBProgress (1): 253/273 kBProgress (1): 257/273 kBProgress (1): 261/273 kBProgress (1): 265/273 kBProgress (1): 269/273 kBProgress (1): 273 kB                        Downloaded[90m from [0mcentral[90m: https://repo.maven.apache.org/maven2/[0morg/eclipse/jetty/toolchain/jetty-servlet-api/4.0.6/jetty-servlet-api-4.0.6.jar[90m (273 kB at 3.3 MB/s)[0m
[[1;34mINFO[m] Downloading from p2: https://mirror.accum.se/mirror/eclipse.org//releases/2024-09/202409111000/plugins/org.mortbay.jasper.apache-jsp_9.0.90.jar
[[1;34mINFO[m] Downloaded from p2: https://mirror.accum.se/mirror/eclipse.org//releases/2024-09/202409111000/plugins/org.mortbay.jasper.apache-jsp_9.0.90.jar (1 MB at 2 MB/s)
[90mDownloading from [0mcentral[90m: https://repo.maven.apache.org/maven2/[0morg/mortbay/jasper/apache-jsp/9.0.90/apache-jsp-9.0.90.jar
Progress (1): 0/1.1 MBProgress (1): 0/1.1 MBProgress (1): 0/1.1 MBProgress (1): 0/1.1 MBProgress (1): 0/1.1 MBProgress (1): 0/1.1 MBProgress (1): 0.1/1.1 MBProgress (1): 0.1/1.1 MBProgress (1): 0.1/1.1 MBProgress (1): 0.1/1.1 MBProgress (1): 0.1/1.1 MBProgress (1): 0.1/1.1 MBProgress (1): 0.1/1.1 MBProgress (1): 0.1/1.1 MBProgress (1): 0.1/1.1 MBProgress (1): 0.1/1.1 MBProgress (1): 0.1/1.1 MBProgress (1): 0.1/1.1 MBProgress (1): 0.2/1.1 MBProgress (1): 0.2/1.1 MBProgress (1): 0.2/1.1 MBProgress (1): 0.2/1.1 MBProgress (1): 0.2/1.1 MBProgress (1): 0.2/1.1 MBProgress (1): 0.2/1.1 MBProgress (1): 0.2/1.1 MBProgress (1): 0.2/1.1 MBProgress (1): 0.2/1.1 MBProgress (1): 0.2/1.1 MBProgress (1): 0.2/1.1 MBProgress (1): 0.3/1.1 MBProgress (1): 0.3/1.1 MBProgress (1): 0.3/1.1 MBProgress (1): 0.3/1.1 MBProgress (1): 0.3/1.1 MBProgress (1): 0.3/1.1 MBProgress (1): 0.3/1.1 MBProgress (1): 0.3/1.1 MBProgress (1): 0.3/1.1 MBProgress (1): 0.3/1.1 MBProgress (1): 0.3/1.1 MBProgress (1): 0.3/1.1 MBProgress (1): 0.3/1.1 MBProgress (1): 0.4/1.1 MBProgress (1): 0.4/1.1 MBProgress (1): 0.4/1.1 MBProgress (1): 0.4/1.1 MBProgress (1): 0.4/1.1 MBProgress (1): 0.4/1.1 MBProgress (1): 0.4/1.1 MBProgress (1): 0.4/1.1 MBProgress (1): 0.4/1.1 MBProgress (1): 0.4/1.1 MBProgress (1): 0.4/1.1 MBProgress (1): 0.4/1.1 MBProgress (1): 0.4/1.1 MBProgress (1): 0.5/1.1 MBProgress (1): 0.5/1.1 MBProgress (1): 0.5/1.1 MBProgress (1): 0.5/1.1 MBProgress (1): 0.5/1.1 MBProgress (1): 0.5/1.1 MBProgress (1): 0.5/1.1 MBProgress (1): 0.5/1.1 MBProgress (1): 0.5/1.1 MBProgress (1): 0.5/1.1 MBProgress (1): 0.5/1.1 MBProgress (1): 0.5/1.1 MBProgress (1): 0.5/1.1 MBProgress (1): 0.6/1.1 MBProgress (1): 0.6/1.1 MBProgress (1): 0.6/1.1 MBProgress (1): 0.6/1.1 MBProgress (1): 0.6/1.1 MBProgress (1): 0.6/1.1 MBProgress (1): 0.6/1.1 MBProgress (1): 0.6/1.1 MBProgress (1): 0.6/1.1 MBProgress (1): 0.6/1.1 MBProgress (1): 0.6/1.1 MBProgress (1): 0.6/1.1 MBProgress (1): 0.6/1.1 MBProgress (1): 0.7/1.1 MBProgress (1): 0.7/1.1 MBProgress (1): 0.7/1.1 MBProgress (1): 0.7/1.1 MBProgress (1): 0.7/1.1 MBProgress (1): 0.7/1.1 MBProgress (1): 0.7/1.1 MBProgress (1): 0.7/1.1 MBProgress (1): 0.7/1.1 MBProgress (1): 0.7/1.1 MBProgress (1): 0.7/1.1 MBProgress (1): 0.7/1.1 MBProgress (1): 0.7/1.1 MBProgress (1): 0.8/1.1 MBProgress (1): 0.8/1.1 MBProgress (1): 0.8/1.1 MBProgress (1): 0.8/1.1 MBProgress (1): 0.8/1.1 MBProgress (1): 0.8/1.1 MBProgress (1): 0.8/1.1 MBProgress (1): 0.8/1.1 MBProgress (1): 0.8/1.1 MBProgress (1): 0.8/1.1 MBProgress (1): 0.8/1.1 MBProgress (1): 0.8/1.1 MBProgress (1): 0.9/1.1 MBProgress (1): 0.9/1.1 MBProgress (1): 0.9/1.1 MBProgress (1): 0.9/1.1 MBProgress (1): 0.9/1.1 MBProgress (1): 0.9/1.1 MBProgress (1): 0.9/1.1 MBProgress (1): 0.9/1.1 MBProgress (1): 0.9/1.1 MBProgress (1): 0.9/1.1 MBProgress (1): 0.9/1.1 MBProgress (1): 0.9/1.1 MBProgress (1): 1.0/1.1 MBProgress (1): 1.0/1.1 MBProgress (1): 1.0/1.1 MBProgress (1): 1.0/1.1 MBProgress (1): 1.0/1.1 MBProgress (1): 1.0/1.1 MBProgress (1): 1.0/1.1 MBProgress (1): 1.0/1.1 MBProgress (1): 1.0/1.1 MBProgress (1): 1.0/1.1 MBProgress (1): 1.0/1.1 MBProgress (1): 1.0/1.1 MBProgress (1): 1.1/1.1 MBProgress (1): 1.1 MB                        Downloaded[90m from [0mcentral[90m: https://repo.maven.apache.org/maven2/[0morg/mortbay/jasper/apache-jsp/9.0.90/apache-jsp-9.0.90.jar[90m (1.1 MB at 10.0 MB/s)[0m
[[1;34mINFO[m] Downloading from p2: https://eclipse.mirror.liteserver.nl/releases/2024-09/202409111000/plugins/org.jdom_1.1.3.v20230812-1600.jar
[[1;34mINFO[m] Downloaded from p2: https://eclipse.mirror.liteserver.nl/releases/2024-09/202409111000/plugins/org.jdom_1.1.3.v20230812-1600.jar (163 KB at 1 MB/s)
[[1;34mINFO[m] Downloading from p2: https://mirror.dkm.cz/eclipse/releases/2024-09/202409111000/plugins/org.apache.commons.jxpath.source_1.3.0.jar
[[1;34mINFO[m] Downloaded from p2: https://mirror.dkm.cz/eclipse/releases/2024-09/202409111000/plugins/org.apache.commons.jxpath.source_1.3.0.jar (328 KB at 3 MB/s)
[[1;34mINFO[m] Downloading from p2: https://eclipse.mirror.liteserver.nl/releases/2024-09/202409111000/plugins/org.apache.commons.logging.source_1.2.0.jar
[[1;34mINFO[m] Downloaded from p2: https://eclipse.mirror.liteserver.nl/releases/2024-09/202409111000/plugins/org.apache.commons.logging.source_1.2.0.jar (72 KB at 1 MB/s)
[[1;34mINFO[m] Downloading from p2: https://mirror.dkm.cz/eclipse/releases/2024-09/202409111000/plugins/org.apache.felix.gogo.command.source_1.1.2.jar
[[1;34mINFO[m] Downloaded from p2: https://mirror.dkm.cz/eclipse/releases/2024-09/202409111000/plugins/org.apache.felix.gogo.command.source_1.1.2.jar (25 KB at 444 KB/s)
[[1;34mINFO[m] Downloading from p2: https://mirrors.dotsrc.org/eclipse//releases/2024-09/202409111000/plugins/org.apache.felix.gogo.runtime.source_1.1.6.jar
[[1;34mINFO[m] Downloaded from p2: https://mirrors.dotsrc.org/eclipse//releases/2024-09/202409111000/plugins/org.apache.felix.gogo.runtime.source_1.1.6.jar (100 KB at 472 KB/s)
[[1;34mINFO[m] Downloading from p2: https://eclipse.mirror.liteserver.nl/releases/2024-09/202409111000/plugins/org.apache.felix.gogo.shell.source_1.1.4.jar
[[1;34mINFO[m] Downloaded from p2: https://eclipse.mirror.liteserver.nl/releases/2024-09/202409111000/plugins/org.apache.felix.gogo.shell.source_1.1.4.jar (37 KB at 964 KB/s)
[[1;34mINFO[m] Downloading from p2: https://mirrors.dotsrc.org/eclipse//releases/2024-09/202409111000/plugins/org.apache.felix.scr_2.2.12.jar
[[1;34mINFO[m] Downloaded from p2: https://mirrors.dotsrc.org/eclipse//releases/2024-09/202409111000/plugins/org.apache.felix.scr_2.2.12.jar (399 KB at 2 MB/s)
[[1;34mINFO[m] Downloading from p2: https://mirrors.dotsrc.org/eclipse//releases/2024-09/202409111000/plugins/org.apache.felix.scr.source_2.2.12.jar
[[1;34mINFO[m] Downloaded from p2: https://mirrors.dotsrc.org/eclipse//releases/2024-09/202409111000/plugins/org.apache.felix.scr.source_2.2.12.jar (265 KB at 826 KB/s)
[[1;34mINFO[m] Downloading from p2: https://eclipse.mirror.liteserver.nl/releases/2024-09/202409111000/plugins/org.apache.log4j_1.2.25.jar
[[1;34mINFO[m] Downloaded from p2: https://eclipse.mirror.liteserver.nl/releases/2024-09/202409111000/plugins/org.apache.log4j_1.2.25.jar (325 KB at 2 MB/s)
[[1;34mINFO[m] Downloading from p2: https://mirrors.dotsrc.org/eclipse//releases/2024-09/202409111000/plugins/org.apache.log4j.source_1.2.25.jar
[[1;34mINFO[m] Downloaded from p2: https://mirrors.dotsrc.org/eclipse//releases/2024-09/202409111000/plugins/org.apache.log4j.source_1.2.25.jar (374 KB at 1 MB/s)
[[1;34mINFO[m] Downloading from p2: https://mirrors.dotsrc.org/eclipse//releases/2024-09/202409111000/plugins/org.apache.xmlgraphics.source_2.9.0.v20230916-1600.jar
[[1;34mINFO[m] Downloaded from p2: https://mirrors.dotsrc.org/eclipse//releases/2024-09/202409111000/plugins/org.apache.xmlgraphics.source_2.9.0.v20230916-1600.jar (661 KB at 2 MB/s)
[90mDownloading from [0mcentral[90m: https://repo.maven.apache.org/maven2/[0morg/apache/xmlgraphics/xmlgraphics-commons/2.9/xmlgraphics-commons-2.9.jar
Progress (1): 4.1/678 kBProgress (1): 7.7/678 kBProgress (1): 12/678 kB Progress (1): 16/678 kBProgress (1): 20/678 kBProgress (1): 24/678 kBProgress (1): 28/678 kBProgress (1): 32/678 kBProgress (1): 36/678 kBProgress (1): 40/678 kBProgress (1): 45/678 kBProgress (1): 49/678 kBProgress (1): 53/678 kBProgress (1): 57/678 kBProgress (1): 61/678 kBProgress (1): 65/678 kBProgress (1): 69/678 kBProgress (1): 73/678 kBProgress (1): 77/678 kBProgress (1): 81/678 kBProgress (1): 86/678 kBProgress (1): 90/678 kBProgress (1): 94/678 kBProgress (1): 98/678 kBProgress (1): 102/678 kBProgress (1): 106/678 kBProgress (1): 110/678 kBProgress (1): 114/678 kBProgress (1): 118/678 kBProgress (1): 122/678 kBProgress (1): 127/678 kBProgress (1): 131/678 kBProgress (1): 135/678 kBProgress (1): 139/678 kBProgress (1): 143/678 kBProgress (1): 147/678 kBProgress (1): 151/678 kBProgress (1): 155/678 kBProgress (1): 159/678 kBProgress (1): 163/678 kBProgress (1): 167/678 kBProgress (1): 171/678 kBProgress (1): 176/678 kBProgress (1): 180/678 kBProgress (1): 184/678 kBProgress (1): 188/678 kBProgress (1): 192/678 kBProgress (1): 196/678 kBProgress (1): 200/678 kBProgress (1): 204/678 kBProgress (1): 208/678 kBProgress (1): 212/678 kBProgress (1): 217/678 kBProgress (1): 221/678 kBProgress (1): 225/678 kBProgress (1): 228/678 kBProgress (1): 232/678 kBProgress (1): 237/678 kBProgress (1): 240/678 kBProgress (1): 244/678 kBProgress (1): 248/678 kBProgress (1): 252/678 kBProgress (1): 257/678 kBProgress (1): 261/678 kBProgress (1): 265/678 kBProgress (1): 269/678 kBProgress (1): 273/678 kBProgress (1): 277/678 kBProgress (1): 281/678 kBProgress (1): 285/678 kBProgress (1): 289/678 kBProgress (1): 293/678 kBProgress (1): 297/678 kBProgress (1): 302/678 kBProgress (1): 306/678 kBProgress (1): 310/678 kBProgress (1): 314/678 kBProgress (1): 318/678 kBProgress (1): 322/678 kBProgress (1): 326/678 kBProgress (1): 330/678 kBProgress (1): 334/678 kBProgress (1): 338/678 kBProgress (1): 343/678 kBProgress (1): 347/678 kBProgress (1): 351/678 kBProgress (1): 355/678 kBProgress (1): 359/678 kBProgress (1): 363/678 kBProgress (1): 367/678 kBProgress (1): 371/678 kBProgress (1): 375/678 kBProgress (1): 379/678 kBProgress (1): 383/678 kBProgress (1): 388/678 kBProgress (1): 392/678 kBProgress (1): 396/678 kBProgress (1): 400/678 kBProgress (1): 404/678 kBProgress (1): 408/678 kBProgress (1): 412/678 kBProgress (1): 416/678 kBProgress (1): 420/678 kBProgress (1): 424/678 kBProgress (1): 429/678 kBProgress (1): 433/678 kBProgress (1): 437/678 kBProgress (1): 441/678 kBProgress (1): 445/678 kBProgress (1): 449/678 kBProgress (1): 453/678 kBProgress (1): 457/678 kBProgress (1): 461/678 kBProgress (1): 465/678 kBProgress (1): 469/678 kBProgress (1): 474/678 kBProgress (1): 478/678 kBProgress (1): 482/678 kBProgress (1): 486/678 kBProgress (1): 490/678 kBProgress (1): 494/678 kBProgress (1): 498/678 kBProgress (1): 502/678 kBProgress (1): 506/678 kBProgress (1): 510/678 kBProgress (1): 515/678 kBProgress (1): 519/678 kBProgress (1): 523/678 kBProgress (1): 527/678 kBProgress (1): 531/678 kBProgress (1): 535/678 kBProgress (1): 539/678 kBProgress (1): 543/678 kBProgress (1): 547/678 kBProgress (1): 551/678 kBProgress (1): 556/678 kBProgress (1): 560/678 kBProgress (1): 564/678 kBProgress (1): 568/678 kBProgress (1): 572/678 kBProgress (1): 576/678 kBProgress (1): 580/678 kBProgress (1): 584/678 kBProgress (1): 588/678 kBProgress (1): 592/678 kBProgress (1): 596/678 kBProgress (1): 601/678 kBProgress (1): 605/678 kBProgress (1): 609/678 kBProgress (1): 613/678 kBProgress (1): 617/678 kBProgress (1): 621/678 kBProgress (1): 625/678 kBProgress (1): 629/678 kBProgress (1): 633/678 kBProgress (1): 637/678 kBProgress (1): 642/678 kBProgress (1): 646/678 kBProgress (1): 650/678 kBProgress (1): 654/678 kBProgress (1): 658/678 kBProgress (1): 662/678 kBProgress (1): 666/678 kBProgress (1): 670/678 kBProgress (1): 674/678 kBProgress (1): 678 kB                        Downloaded[90m from [0mcentral[90m: https://repo.maven.apache.org/maven2/[0morg/apache/xmlgraphics/xmlgraphics-commons/2.9/xmlgraphics-commons-2.9.jar[90m (678 kB at 7.5 MB/s)[0m
[[1;34mINFO[m] Downloading from p2: https://mirrors.dotsrc.org/eclipse//releases/2024-09/202409111000/plugins/org.eclipse.core.commands_3.12.200.v20240627-1019.jar
[[1;34mINFO[m] Downloaded from p2: https://mirrors.dotsrc.org/eclipse//releases/2024-09/202409111000/plugins/org.eclipse.core.commands_3.12.200.v20240627-1019.jar (119 KB at 1 MB/s)
[[1;34mINFO[m] Downloading from p2: https://mirrors.dotsrc.org/eclipse//releases/2024-09/202409111000/plugins/org.eclipse.equinox.common_3.19.100.v20240524-2011.jar
[[1;34mINFO[m] Downloaded from p2: https://mirrors.dotsrc.org/eclipse//releases/2024-09/202409111000/plugins/org.eclipse.equinox.common_3.19.100.v20240524-2011.jar (159 KB at 2 MB/s)
[[1;34mINFO[m] Downloading from p2: https://mirrors.dotsrc.org/eclipse//releases/2024-09/202409111000/plugins/org.eclipse.core.commands.source_3.12.200.v20240627-1019.jar
[[1;34mINFO[m] Downloaded from p2: https://mirrors.dotsrc.org/eclipse//releases/2024-09/202409111000/plugins/org.eclipse.core.commands.source_3.12.200.v20240627-1019.jar (154 KB at 1 MB/s)
[[1;34mINFO[m] Downloading from p2: https://mirrors.dotsrc.org/eclipse//releases/2024-09/202409111000/plugins/org.eclipse.core.contenttype_3.9.500.v20240708-0707.jar
[[1;34mINFO[m] Downloaded from p2: https://mirrors.dotsrc.org/eclipse//releases/2024-09/202409111000/plugins/org.eclipse.core.contenttype_3.9.500.v20240708-0707.jar (104 KB at 1 MB/s)
[[1;34mINFO[m] Downloading from p2: https://mirrors.dotsrc.org/eclipse//releases/2024-09/202409111000/plugins/org.eclipse.equinox.preferences_3.11.100.v20240327-0645.jar
[[1;34mINFO[m] Downloaded from p2: https://mirrors.dotsrc.org/eclipse//releases/2024-09/202409111000/plugins/org.eclipse.equinox.preferences_3.11.100.v20240327-0645.jar (125 KB at 2 MB/s)
[[1;34mINFO[m] Downloading from p2: https://mirrors.dotsrc.org/eclipse//releases/2024-09/202409111000/plugins/org.eclipse.equinox.registry_3.12.100.v20240524-2011.jar
[[1;34mINFO[m] Downloaded from p2: https://mirrors.dotsrc.org/eclipse//releases/2024-09/202409111000/plugins/org.eclipse.equinox.registry_3.12.100.v20240524-2011.jar (201 KB at 3 MB/s)
[[1;34mINFO[m] Downloading from p2: https://mirror.accum.se/mirror/eclipse.org//releases/2024-09/202409111000/plugins/org.eclipse.core.contenttype.source_3.9.500.v20240708-0707.jar
[[1;34mINFO[m] Downloaded from p2: https://mirror.accum.se/mirror/eclipse.org//releases/2024-09/202409111000/plugins/org.eclipse.core.contenttype.source_3.9.500.v20240708-0707.jar (86 KB at 1 MB/s)
[[1;34mINFO[m] Downloading from p2: https://eclipse.mirror.liteserver.nl/releases/2024-09/202409111000/plugins/org.eclipse.core.databinding_1.13.300.v20240424-0444.jar
[[1;34mINFO[m] Downloaded from p2: https://eclipse.mirror.liteserver.nl/releases/2024-09/202409111000/plugins/org.eclipse.core.databinding_1.13.300.v20240424-0444.jar (288 KB at 1 MB/s)
[[1;34mINFO[m] Downloading from p2: https://eclipse.mirror.liteserver.nl/releases/2024-09/202409111000/plugins/org.eclipse.core.databinding.observable_1.13.300.v20240424-0444.jar
[[1;34mINFO[m] Downloaded from p2: https://eclipse.mirror.liteserver.nl/releases/2024-09/202409111000/plugins/org.eclipse.core.databinding.observable_1.13.300.v20240424-0444.jar (315 KB at 3 MB/s)
[[1;34mINFO[m] Downloading from p2: https://mirror.dkm.cz/eclipse/releases/2024-09/202409111000/plugins/org.eclipse.core.databinding.property_1.10.300.v20240424-0444.jar
[[1;34mINFO[m] Downloaded from p2: https://mirror.dkm.cz/eclipse/releases/2024-09/202409111000/plugins/org.eclipse.core.databinding.property_1.10.300.v20240424-0444.jar (166 KB at 2 MB/s)
[[1;34mINFO[m] Downloading from p2: https://mirrors.dotsrc.org/eclipse//releases/2024-09/202409111000/plugins/org.eclipse.core.databinding.source_1.13.300.v20240424-0444.jar
[[1;34mINFO[m] Downloaded from p2: https://mirrors.dotsrc.org/eclipse//releases/2024-09/202409111000/plugins/org.eclipse.core.databinding.source_1.13.300.v20240424-0444.jar (177 KB at 486 KB/s)
[[1;34mINFO[m] Downloading from p2: https://eclipse.mirror.liteserver.nl/releases/2024-09/202409111000/plugins/org.eclipse.core.databinding.beans_1.10.300.v20240321-1245.jar
[[1;34mINFO[m] Downloaded from p2: https://eclipse.mirror.liteserver.nl/releases/2024-09/202409111000/plugins/org.eclipse.core.databinding.beans_1.10.300.v20240321-1245.jar (83 KB at 1 MB/s)
[[1;34mINFO[m] Downloading from p2: https://eclipse.mirror.liteserver.nl/releases/2024-09/202409111000/plugins/org.eclipse.core.databinding.beans.source_1.10.300.v20240321-1245.jar
[[1;34mINFO[m] Downloaded from p2: https://eclipse.mirror.liteserver.nl/releases/2024-09/202409111000/plugins/org.eclipse.core.databinding.beans.source_1.10.300.v20240321-1245.jar (64 KB at 1 MB/s)
[[1;34mINFO[m] Downloading from p2: https://mirrors.dotsrc.org/eclipse//releases/2024-09/202409111000/plugins/org.eclipse.core.databinding.observable.source_1.13.300.v20240424-0444.jar
[[1;34mINFO[m] Downloaded from p2: https://mirrors.dotsrc.org/eclipse//releases/2024-09/202409111000/plugins/org.eclipse.core.databinding.observable.source_1.13.300.v20240424-0444.jar (210 KB at 780 KB/s)
[[1;34mINFO[m] Downloading from p2: https://eclipse.mirror.liteserver.nl/releases/2024-09/202409111000/plugins/org.eclipse.core.databinding.property.source_1.10.300.v20240424-0444.jar
[[1;34mINFO[m] Downloaded from p2: https://eclipse.mirror.liteserver.nl/releases/2024-09/202409111000/plugins/org.eclipse.core.databinding.property.source_1.10.300.v20240424-0444.jar (96 KB at 1 MB/s)
[[1;34mINFO[m] Downloading from p2: https://mirror.dkm.cz/eclipse/releases/2024-09/202409111000/plugins/org.eclipse.core.expressions_3.9.400.v20240413-1529.jar
[[1;34mINFO[m] Downloaded from p2: https://mirror.dkm.cz/eclipse/releases/2024-09/202409111000/plugins/org.eclipse.core.expressions_3.9.400.v20240413-1529.jar (95 KB at 1 MB/s)
[[1;34mINFO[m] Downloading from p2: https://mirrors.dotsrc.org/eclipse//releases/2024-09/202409111000/plugins/org.eclipse.core.runtime_3.31.100.v20240524-2010.jar
[[1;34mINFO[m] Downloaded from p2: https://mirrors.dotsrc.org/eclipse//releases/2024-09/202409111000/plugins/org.eclipse.core.runtime_3.31.100.v20240524-2010.jar (81 KB at 1 MB/s)
[[1;34mINFO[m] Downloading from p2: https://eclipse.mirror.liteserver.nl/releases/2024-09/202409111000/plugins/org.eclipse.core.expressions.source_3.9.400.v20240413-1529.jar
[[1;34mINFO[m] Downloaded from p2: https://eclipse.mirror.liteserver.nl/releases/2024-09/202409111000/plugins/org.eclipse.core.expressions.source_3.9.400.v20240413-1529.jar (88 KB at 2 MB/s)
[[1;34mINFO[m] Downloading from p2: https://eclipse.mirror.liteserver.nl/releases/2024-09/202409111000/plugins/org.eclipse.core.jobs_3.15.400.v20240619-0602.jar
[[1;34mINFO[m] Downloaded from p2: https://eclipse.mirror.liteserver.nl/releases/2024-09/202409111000/plugins/org.eclipse.core.jobs_3.15.400.v20240619-0602.jar (117 KB at 1 MB/s)
[[1;34mINFO[m] Downloading from p2: https://mirrors.dotsrc.org/eclipse//releases/2024-09/202409111000/plugins/org.eclipse.core.jobs.source_3.15.400.v20240619-0602.jar
[[1;34mINFO[m] Downloaded from p2: https://mirrors.dotsrc.org/eclipse//releases/2024-09/202409111000/plugins/org.eclipse.core.jobs.source_3.15.400.v20240619-0602.jar (114 KB at 1 MB/s)
[[1;34mINFO[m] Downloading from p2: https://mirrors.dotsrc.org/eclipse//releases/2024-09/202409111000/plugins/org.eclipse.equinox.app_1.7.200.v20240722-2103.jar
[[1;34mINFO[m] Downloaded from p2: https://mirrors.dotsrc.org/eclipse//releases/2024-09/202409111000/plugins/org.eclipse.equinox.app_1.7.200.v20240722-2103.jar (93 KB at 1 MB/s)
[[1;34mINFO[m] Downloading from p2: https://mirrors.dotsrc.org/eclipse//releases/2024-09/202409111000/plugins/org.eclipse.core.runtime.source_3.31.100.v20240524-2010.jar
[[1;34mINFO[m] Downloaded from p2: https://mirrors.dotsrc.org/eclipse//releases/2024-09/202409111000/plugins/org.eclipse.core.runtime.source_3.31.100.v20240524-2010.jar (84 KB at 1 MB/s)
[[1;34mINFO[m] Downloading from p2: https://mirrors.dotsrc.org/eclipse//releases/2024-09/202409111000/plugins/org.eclipse.e4.core.commands_1.1.400.v20240424-0444.jar
[[1;34mINFO[m] Downloaded from p2: https://mirrors.dotsrc.org/eclipse//releases/2024-09/202409111000/plugins/org.eclipse.e4.core.commands_1.1.400.v20240424-0444.jar (29 KB at 326 KB/s)
[[1;34mINFO[m] Downloading from p2: https://mirror.dkm.cz/eclipse/releases/2024-09/202409111000/plugins/org.eclipse.e4.core.di_1.9.500.v20240606-1236.jar
[[1;34mINFO[m] Downloaded from p2: https://mirror.dkm.cz/eclipse/releases/2024-09/202409111000/plugins/org.eclipse.e4.core.di_1.9.500.v20240606-1236.jar (64 KB at 1 MB/s)
[[1;34mINFO[m] Downloading from p2: https://eclipse.mirror.liteserver.nl/releases/2024-09/202409111000/plugins/org.eclipse.e4.core.contexts_1.12.600.v20240413-1529.jar
[[1;34mINFO[m] Downloaded from p2: https://eclipse.mirror.liteserver.nl/releases/2024-09/202409111000/plugins/org.eclipse.e4.core.contexts_1.12.600.v20240413-1529.jar (56 KB at 1 MB/s)
[[1;34mINFO[m] Downloading from p2: https://mirror.dkm.cz/eclipse/releases/2024-09/202409111000/plugins/org.eclipse.e4.core.services_2.4.400.v20240413-1529.jar
[[1;34mINFO[m] Downloaded from p2: https://mirror.dkm.cz/eclipse/releases/2024-09/202409111000/plugins/org.eclipse.e4.core.services_2.4.400.v20240413-1529.jar (71 KB at 1 MB/s)
[[1;34mINFO[m] Downloading from p2: https://eclipse.mirror.liteserver.nl/releases/2024-09/202409111000/plugins/org.eclipse.e4.core.commands.source_1.1.400.v20240424-0444.jar
[[1;34mINFO[m] Downloaded from p2: https://eclipse.mirror.liteserver.nl/releases/2024-09/202409111000/plugins/org.eclipse.e4.core.commands.source_1.1.400.v20240424-0444.jar (25 KB at 582 KB/s)
[[1;34mINFO[m] Downloading from p2: https://mirror.dkm.cz/eclipse/releases/2024-09/202409111000/plugins/org.eclipse.e4.core.contexts.source_1.12.600.v20240413-1529.jar
[[1;34mINFO[m] Downloaded from p2: https://mirror.dkm.cz/eclipse/releases/2024-09/202409111000/plugins/org.eclipse.e4.core.contexts.source_1.12.600.v20240413-1529.jar (47 KB at 1 MB/s)
[[1;34mINFO[m] Downloading from p2: https://mirror.accum.se/mirror/eclipse.org//releases/2024-09/202409111000/plugins/org.eclipse.e4.core.di.annotations_1.8.400.v20240413-1529.jar
[[1;34mINFO[m] Downloaded from p2: https://mirror.accum.se/mirror/eclipse.org//releases/2024-09/202409111000/plugins/org.eclipse.e4.core.di.annotations_1.8.400.v20240413-1529.jar (13 KB at 255 KB/s)
[[1;34mINFO[m] Downloading from p2: https://mirror.accum.se/mirror/eclipse.org//releases/2024-09/202409111000/plugins/org.eclipse.e4.core.di.source_1.9.500.v20240606-1236.jar
[[1;34mINFO[m] Downloaded from p2: https://mirror.accum.se/mirror/eclipse.org//releases/2024-09/202409111000/plugins/org.eclipse.e4.core.di.source_1.9.500.v20240606-1236.jar (50 KB at 693 KB/s)
[[1;34mINFO[m] Downloading from p2: https://eclipse.mirror.liteserver.nl/releases/2024-09/202409111000/plugins/org.eclipse.e4.core.di.annotations.source_1.8.400.v20240413-1529.jar
[[1;34mINFO[m] Downloaded from p2: https://eclipse.mirror.liteserver.nl/releases/2024-09/202409111000/plugins/org.eclipse.e4.core.di.annotations.source_1.8.400.v20240413-1529.jar (16 KB at 523 KB/s)
[[1;34mINFO[m] Downloading from p2: https://eclipse.mirror.liteserver.nl/releases/2024-09/202409111000/plugins/org.eclipse.e4.core.di.extensions_0.18.300.v20240413-1529.jar
[[1;34mINFO[m] Downloaded from p2: https://eclipse.mirror.liteserver.nl/releases/2024-09/202409111000/plugins/org.eclipse.e4.core.di.extensions_0.18.300.v20240413-1529.jar (12 KB at 370 KB/s)
[[1;34mINFO[m] Downloading from p2: https://mirror.accum.se/mirror/eclipse.org//releases/2024-09/202409111000/plugins/org.eclipse.e4.core.di.extensions.source_0.18.300.v20240413-1529.jar
[[1;34mINFO[m] Downloaded from p2: https://mirror.accum.se/mirror/eclipse.org//releases/2024-09/202409111000/plugins/org.eclipse.e4.core.di.extensions.source_0.18.300.v20240413-1529.jar (14 KB at 189 KB/s)
[[1;34mINFO[m] Downloading from p2: https://mirrors.dotsrc.org/eclipse//releases/2024-09/202409111000/plugins/org.eclipse.e4.core.di.extensions.supplier_0.17.500.v20240419-1233.jar
[[1;34mINFO[m] Downloaded from p2: https://mirrors.dotsrc.org/eclipse//releases/2024-09/202409111000/plugins/org.eclipse.e4.core.di.extensions.supplier_0.17.500.v20240419-1233.jar (41 KB at 943 KB/s)
[[1;34mINFO[m] Downloading from p2: https://mirror.dkm.cz/eclipse/releases/2024-09/202409111000/plugins/org.eclipse.e4.core.di.extensions.supplier.source_0.17.500.v20240419-1233.jar
[[1;34mINFO[m] Downloaded from p2: https://mirror.dkm.cz/eclipse/releases/2024-09/202409111000/plugins/org.eclipse.e4.core.di.extensions.supplier.source_0.17.500.v20240419-1233.jar (22 KB at 592 KB/s)
[[1;34mINFO[m] Downloading from p2: https://mirror.accum.se/mirror/eclipse.org//releases/2024-09/202409111000/plugins/org.eclipse.e4.core.services.source_2.4.400.v20240413-1529.jar
[[1;34mINFO[m] Downloaded from p2: https://mirror.accum.se/mirror/eclipse.org//releases/2024-09/202409111000/plugins/org.eclipse.e4.core.services.source_2.4.400.v20240413-1529.jar (62 KB at 1 MB/s)
[[1;34mINFO[m] Downloading from p2: https://eclipse.mirror.liteserver.nl/releases/2024-09/202409111000/plugins/org.eclipse.e4.emf.xpath_0.4.300.v20240321-1245.jar
[[1;34mINFO[m] Downloaded from p2: https://eclipse.mirror.liteserver.nl/releases/2024-09/202409111000/plugins/org.eclipse.e4.emf.xpath_0.4.300.v20240321-1245.jar (54 KB at 817 KB/s)
[[1;34mINFO[m] Downloading from p2: https://mirrors.dotsrc.org/eclipse//releases/2024-09/202409111000/plugins/org.eclipse.emf.ecore_2.37.0.v20240721-0802.jar
[[1;34mINFO[m] Downloaded from p2: https://mirrors.dotsrc.org/eclipse//releases/2024-09/202409111000/plugins/org.eclipse.emf.ecore_2.37.0.v20240721-0802.jar (1 MB at 7 MB/s)
[[1;34mINFO[m] Downloading from p2: https://mirrors.dotsrc.org/eclipse//releases/2024-09/202409111000/plugins/org.eclipse.e4.emf.xpath.source_0.4.300.v20240321-1245.jar
[[1;34mINFO[m] Downloaded from p2: https://mirrors.dotsrc.org/eclipse//releases/2024-09/202409111000/plugins/org.eclipse.e4.emf.xpath.source_0.4.300.v20240321-1245.jar (54 KB at 694 KB/s)
[[1;34mINFO[m] Downloading from p2: https://eclipse.mirror.liteserver.nl/releases/2024-09/202409111000/plugins/org.eclipse.e4.ui.workbench.swt_0.17.500.v20240807-0911.jar
[[1;34mINFO[m] Downloaded from p2: https://eclipse.mirror.liteserver.nl/releases/2024-09/202409111000/plugins/org.eclipse.e4.ui.workbench.swt_0.17.500.v20240807-0911.jar (152 KB at 1 MB/s)
[[1;34mINFO[m] Downloading from p2: https://mirrors.dotsrc.org/eclipse//releases/2024-09/202409111000/plugins/org.eclipse.e4.ui.bindings_0.14.400.v20240321-1245.jar
[[1;34mINFO[m] Downloaded from p2: https://mirrors.dotsrc.org/eclipse//releases/2024-09/202409111000/plugins/org.eclipse.e4.ui.bindings_0.14.400.v20240321-1245.jar (48 KB at 1 MB/s)
[[1;34mINFO[m] Downloading from p2: https://eclipse.mirror.liteserver.nl/releases/2024-09/202409111000/plugins/org.eclipse.e4.ui.model.workbench_2.4.300.v20240321-1245.jar
[[1;34mINFO[m] Downloaded from p2: https://eclipse.mirror.liteserver.nl/releases/2024-09/202409111000/plugins/org.eclipse.e4.ui.model.workbench_2.4.300.v20240321-1245.jar (396 KB at 4 MB/s)
[[1;34mINFO[m] Downloading from p2: https://eclipse.mirror.liteserver.nl/releases/2024-09/202409111000/plugins/org.eclipse.e4.ui.progress_0.4.600.v20240606-1020.jar
[[1;34mINFO[m] Downloaded from p2: https://eclipse.mirror.liteserver.nl/releases/2024-09/202409111000/plugins/org.eclipse.e4.ui.progress_0.4.600.v20240606-1020.jar (211 KB at 3 MB/s)
[[1;34mINFO[m] Downloading from p2: https://mirrors.dotsrc.org/eclipse//releases/2024-09/202409111000/plugins/org.eclipse.e4.ui.services_1.6.300.v20231201-1637.jar
[[1;34mINFO[m] Downloaded from p2: https://mirrors.dotsrc.org/eclipse//releases/2024-09/202409111000/plugins/org.eclipse.e4.ui.services_1.6.300.v20231201-1637.jar (26 KB at 361 KB/s)
[[1;34mINFO[m] Downloading from p2: https://mirror.dkm.cz/eclipse/releases/2024-09/202409111000/plugins/org.eclipse.e4.ui.workbench.renderers.swt_0.16.500.v20240727-1037.jar
[[1;34mINFO[m] Downloaded from p2: https://mirror.dkm.cz/eclipse/releases/2024-09/202409111000/plugins/org.eclipse.e4.ui.workbench.renderers.swt_0.16.500.v20240727-1037.jar (262 KB at 4 MB/s)
[[1;34mINFO[m] Downloading from p2: https://eclipse.mirror.liteserver.nl/releases/2024-09/202409111000/plugins/org.eclipse.e4.ui.workbench_1.15.500.v20240730-1919.jar
[[1;34mINFO[m] Downloaded from p2: https://eclipse.mirror.liteserver.nl/releases/2024-09/202409111000/plugins/org.eclipse.e4.ui.workbench_1.15.500.v20240730-1919.jar (271 KB at 3 MB/s)
[[1;34mINFO[m] Downloading from p2: https://mirrors.dotsrc.org/eclipse//releases/2024-09/202409111000/plugins/org.eclipse.e4.ui.css.core_0.14.500.v20240606-0949.jar
[[1;34mINFO[m] Downloaded from p2: https://mirrors.dotsrc.org/eclipse//releases/2024-09/202409111000/plugins/org.eclipse.e4.ui.css.core_0.14.500.v20240606-0949.jar (221 KB at 1 MB/s)
[[1;34mINFO[m] Downloading from p2: https://mirrors.dotsrc.org/eclipse//releases/2024-09/202409111000/plugins/org.eclipse.e4.ui.css.swt_0.15.400.v20240321-1245.jar
[[1;34mINFO[m] Downloaded from p2: https://mirrors.dotsrc.org/eclipse//releases/2024-09/202409111000/plugins/org.eclipse.e4.ui.css.swt_0.15.400.v20240321-1245.jar (204 KB at 1 MB/s)
[[1;34mINFO[m] Downloading from p2: https://eclipse.mirror.liteserver.nl/releases/2024-09/202409111000/plugins/org.eclipse.e4.ui.css.swt.theme_0.14.400.v20240424-0956.jar
[[1;34mINFO[m] Downloaded from p2: https://eclipse.mirror.liteserver.nl/releases/2024-09/202409111000/plugins/org.eclipse.e4.ui.css.swt.theme_0.14.400.v20240424-0956.jar (30 KB at 735 KB/s)
[[1;34mINFO[m] Downloading from p2: https://mirrors.dotsrc.org/eclipse//releases/2024-09/202409111000/plugins/org.eclipse.e4.ui.di_1.5.400.v20240321-1245.jar
[[1;34mINFO[m] Downloaded from p2: https://mirrors.dotsrc.org/eclipse//releases/2024-09/202409111000/plugins/org.eclipse.e4.ui.di_1.5.400.v20240321-1245.jar (18 KB at 289 KB/s)
[[1;34mINFO[m] Downloading from p2: https://eclipse.mirror.liteserver.nl/releases/2024-09/202409111000/plugins/org.eclipse.e4.ui.widgets_1.4.200.v20240801-0837.jar
[[1;34mINFO[m] Downloaded from p2: https://eclipse.mirror.liteserver.nl/releases/2024-09/202409111000/plugins/org.eclipse.e4.ui.widgets_1.4.200.v20240801-0837.jar (16 KB at 403 KB/s)
[[1;34mINFO[m] Downloading from p2: https://eclipse.mirror.liteserver.nl/releases/2024-09/202409111000/plugins/org.eclipse.e4.ui.workbench.renderers.swt.cocoa_0.14.400.v20240525-0701.jar
[[1;34mINFO[m] Downloaded from p2: https://eclipse.mirror.liteserver.nl/releases/2024-09/202409111000/plugins/org.eclipse.e4.ui.workbench.renderers.swt.cocoa_0.14.400.v20240525-0701.jar (33 KB at 1 MB/s)
[[1;34mINFO[m] Downloading from p2: https://mirror.dkm.cz/eclipse/releases/2024-09/202409111000/plugins/org.eclipse.equinox.event_1.7.100.v20240321-1445.jar
[[1;34mINFO[m] Downloaded from p2: https://mirror.dkm.cz/eclipse/releases/2024-09/202409111000/plugins/org.eclipse.equinox.event_1.7.100.v20240321-1445.jar (35 KB at 887 KB/s)
[[1;34mINFO[m] Downloading from p2: https://mirrors.dotsrc.org/eclipse//releases/2024-09/202409111000/plugins/org.eclipse.equinox.launcher_1.6.900.v20240613-2009.jar
[[1;34mINFO[m] Downloaded from p2: https://mirrors.dotsrc.org/eclipse//releases/2024-09/202409111000/plugins/org.eclipse.equinox.launcher_1.6.900.v20240613-2009.jar (48 KB at 590 KB/s)
[[1;34mINFO[m] Downloading from p2: https://mirrors.dotsrc.org/eclipse//releases/2024-09/202409111000/plugins/org.eclipse.equinox.simpleconfigurator_1.5.300.v20240424-1301.jar
[[1;34mINFO[m] Downloaded from p2: https://mirrors.dotsrc.org/eclipse//releases/2024-09/202409111000/plugins/org.eclipse.equinox.simpleconfigurator_1.5.300.v20240424-1301.jar (53 KB at 1 MB/s)
[[1;34mINFO[m] Downloading from p2: https://mirrors.dotsrc.org/eclipse//releases/2024-09/202409111000/plugins/org.eclipse.osgi.compatibility.state_1.2.1000.v20240213-1057.jar
[[1;34mINFO[m] Downloaded from p2: https://mirrors.dotsrc.org/eclipse//releases/2024-09/202409111000/plugins/org.eclipse.osgi.compatibility.state_1.2.1000.v20240213-1057.jar (251 KB at 2 MB/s)
[[1;34mINFO[m] Downloading from p2: https://mirror.accum.se/mirror/eclipse.org//releases/2024-09/202409111000/plugins/org.eclipse.osgi.util_3.7.300.v20231104-1118.jar
[[1;34mINFO[m] Downloaded from p2: https://mirror.accum.se/mirror/eclipse.org//releases/2024-09/202409111000/plugins/org.eclipse.osgi.util_3.7.300.v20231104-1118.jar (14 KB at 271 KB/s)
[[1;34mINFO[m] Downloading from p2: https://eclipse.mirror.liteserver.nl/releases/2024-09/202409111000/plugins/org.eclipse.equinox.launcher.cocoa.macosx.x86_64_1.2.1100.v20240722-2106.jar
[[1;34mINFO[m] Downloaded from p2: https://eclipse.mirror.liteserver.nl/releases/2024-09/202409111000/plugins/org.eclipse.equinox.launcher.cocoa.macosx.x86_64_1.2.1100.v20240722-2106.jar (43 KB at 982 KB/s)
[[1;34mINFO[m] Downloading from p2: https://mirror.umd.edu/eclipse/releases/2024-09/202409111000/plugins/org.eclipse.swt_3.127.0.v20240903-0618.jar
[[1;34mINFO[m] Downloaded from p2: https://mirror.umd.edu/eclipse/releases/2024-09/202409111000/plugins/org.eclipse.swt_3.127.0.v20240903-0618.jar (19 KB at 70 KB/s)
[[1;34mINFO[m] Downloading from p2: https://mirror.dkm.cz/eclipse/releases/2024-09/202409111000/plugins/org.eclipse.swt.cocoa.macosx.x86_64_3.127.0.v20240903-0618.jar
[[1;34mINFO[m] Downloaded from p2: https://mirror.dkm.cz/eclipse/releases/2024-09/202409111000/plugins/org.eclipse.swt.cocoa.macosx.x86_64_3.127.0.v20240903-0618.jar (2 MB at 9 MB/s)
[[1;34mINFO[m] Downloading from p2: https://eclipse.mirror.liteserver.nl/releases/2024-09/202409111000/plugins/org.eclipse.jface_3.35.0.v20240820-2045.jar
[[1;34mINFO[m] Downloaded from p2: https://eclipse.mirror.liteserver.nl/releases/2024-09/202409111000/plugins/org.eclipse.jface_3.35.0.v20240820-2045.jar (1 MB at 4 MB/s)
[[1;34mINFO[m] Downloading from p2: https://mirror.accum.se/mirror/eclipse.org//releases/2024-09/202409111000/plugins/org.eclipse.jface.databinding_1.15.300.v20240424-0444.jar
[[1;34mINFO[m] Downloaded from p2: https://mirror.accum.se/mirror/eclipse.org//releases/2024-09/202409111000/plugins/org.eclipse.jface.databinding_1.15.300.v20240424-0444.jar (292 KB at 3 MB/s)
[[1;34mINFO[m] Downloading from p2: https://mirrors.dotsrc.org/eclipse//releases/2024-09/202409111000/plugins/org.eclipse.e4.ui.workbench3_0.17.400.v20240321-1245.jar
[[1;34mINFO[m] Downloaded from p2: https://mirrors.dotsrc.org/eclipse//releases/2024-09/202409111000/plugins/org.eclipse.e4.ui.workbench3_0.17.400.v20240321-1245.jar (23 KB at 297 KB/s)
[[1;34mINFO[m] Downloading from p2: https://eclipse.mirror.liteserver.nl/releases/2024-09/202409111000/plugins/org.eclipse.equinox.console_1.4.800.v20240513-1104.jar
[[1;34mINFO[m] Downloaded from p2: https://eclipse.mirror.liteserver.nl/releases/2024-09/202409111000/plugins/org.eclipse.equinox.console_1.4.800.v20240513-1104.jar (137 KB at 2 MB/s)
[[1;34mINFO[m] Downloading from p2: https://mirror.accum.se/mirror/eclipse.org//releases/2024-09/202409111000/plugins/org.eclipse.e4.ui.workbench.addons.swt_1.5.500.v20240620-1945.jar
[[1;34mINFO[m] Downloaded from p2: https://mirror.accum.se/mirror/eclipse.org//releases/2024-09/202409111000/plugins/org.eclipse.e4.ui.workbench.addons.swt_1.5.500.v20240620-1945.jar (122 KB at 1 MB/s)
[[1;34mINFO[m] Downloading from p2: https://mirror.accum.se/mirror/eclipse.org//releases/2024-09/202409111000/plugins/org.eclipse.equinox.bidi_1.5.100.v20240321-1445.jar
[[1;34mINFO[m] Downloaded from p2: https://mirror.accum.se/mirror/eclipse.org//releases/2024-09/202409111000/plugins/org.eclipse.equinox.bidi_1.5.100.v20240321-1445.jar (52 KB at 928 KB/s)
[[1;34mINFO[m] Downloading from p2: https://eclipse.mirror.liteserver.nl/releases/2024-09/202409111000/plugins/org.eclipse.e4.ui.dialogs_1.5.0.v20240424-0957.jar
[[1;34mINFO[m] Downloaded from p2: https://eclipse.mirror.liteserver.nl/releases/2024-09/202409111000/plugins/org.eclipse.e4.ui.dialogs_1.5.0.v20240424-0957.jar (58 KB at 1 MB/s)
[[1;34mINFO[m] Downloading from p2: https://eclipse.mirror.liteserver.nl/releases/2024-09/202409111000/plugins/org.eclipse.urischeme_1.3.400.v20240606-1412.jar
[[1;34mINFO[m] Downloaded from p2: https://eclipse.mirror.liteserver.nl/releases/2024-09/202409111000/plugins/org.eclipse.urischeme_1.3.400.v20240606-1412.jar (56 KB at 1 MB/s)
[[1;34mINFO[m] Downloading from p2: https://mirrors.dotsrc.org/eclipse//releases/2024-09/202409111000/plugins/org.eclipse.jface.notifications_0.7.300.v20240707-1119.jar
[[1;34mINFO[m] Downloaded from p2: https://mirrors.dotsrc.org/eclipse//releases/2024-09/202409111000/plugins/org.eclipse.jface.notifications_0.7.300.v20240707-1119.jar (34 KB at 807 KB/s)
[[1;34mINFO[m] Downloading from p2: https://mirror.umd.edu/eclipse/releases/2024-09/202409111000/features/org.eclipse.e4.rcp_4.33.0.v20240903-0618.jar
[[1;34mINFO[m] Downloaded from p2: https://mirror.umd.edu/eclipse/releases/2024-09/202409111000/features/org.eclipse.e4.rcp_4.33.0.v20240903-0618.jar (23 KB at 82 KB/s)
[[1;34mINFO[m] Downloading from p2: https://eclipse.mirror.liteserver.nl/releases/2024-09/202409111000/plugins/org.eclipse.e4.ui.bindings.source_0.14.400.v20240321-1245.jar
[[1;34mINFO[m] Downloaded from p2: https://eclipse.mirror.liteserver.nl/releases/2024-09/202409111000/plugins/org.eclipse.e4.ui.bindings.source_0.14.400.v20240321-1245.jar (37 KB at 767 KB/s)
[[1;34mINFO[m] Downloading from p2: https://eclipse.mirror.liteserver.nl/releases/2024-09/202409111000/plugins/org.eclipse.e4.ui.css.core.source_0.14.500.v20240606-0949.jar
[[1;34mINFO[m] Downloaded from p2: https://eclipse.mirror.liteserver.nl/releases/2024-09/202409111000/plugins/org.eclipse.e4.ui.css.core.source_0.14.500.v20240606-0949.jar (208 KB at 2 MB/s)
[[1;34mINFO[m] Downloading from p2: https://mirrors.dotsrc.org/eclipse//releases/2024-09/202409111000/plugins/org.eclipse.e4.ui.css.swt.source_0.15.400.v20240321-1245.jar
[[1;34mINFO[m] Downloaded from p2: https://mirrors.dotsrc.org/eclipse//releases/2024-09/202409111000/plugins/org.eclipse.e4.ui.css.swt.source_0.15.400.v20240321-1245.jar (164 KB at 821 KB/s)
[[1;34mINFO[m] Downloading from p2: https://eclipse.mirror.liteserver.nl/releases/2024-09/202409111000/plugins/org.eclipse.e4.ui.css.swt.theme.source_0.14.400.v20240424-0956.jar
[[1;34mINFO[m] Downloaded from p2: https://eclipse.mirror.liteserver.nl/releases/2024-09/202409111000/plugins/org.eclipse.e4.ui.css.swt.theme.source_0.14.400.v20240424-0956.jar (24 KB at 819 KB/s)
[[1;34mINFO[m] Downloading from p2: https://eclipse.mirror.liteserver.nl/releases/2024-09/202409111000/plugins/org.eclipse.e4.ui.di.source_1.5.400.v20240321-1245.jar
[[1;34mINFO[m] Downloaded from p2: https://eclipse.mirror.liteserver.nl/releases/2024-09/202409111000/plugins/org.eclipse.e4.ui.di.source_1.5.400.v20240321-1245.jar (18 KB at 632 KB/s)
[[1;34mINFO[m] Downloading from p2: https://eclipse.mirror.liteserver.nl/releases/2024-09/202409111000/plugins/org.eclipse.e4.ui.dialogs.source_1.5.0.v20240424-0957.jar
[[1;34mINFO[m] Downloaded from p2: https://eclipse.mirror.liteserver.nl/releases/2024-09/202409111000/plugins/org.eclipse.e4.ui.dialogs.source_1.5.0.v20240424-0957.jar (40 KB at 1 MB/s)
[[1;34mINFO[m] Downloading from p2: https://eclipse.mirror.liteserver.nl/releases/2024-09/202409111000/plugins/org.eclipse.e4.ui.model.workbench.source_2.4.300.v20240321-1245.jar
[[1;34mINFO[m] Downloaded from p2: https://eclipse.mirror.liteserver.nl/releases/2024-09/202409111000/plugins/org.eclipse.e4.ui.model.workbench.source_2.4.300.v20240321-1245.jar (377 KB at 3 MB/s)
[[1;34mINFO[m] Downloading from p2: https://eclipse.mirror.liteserver.nl/releases/2024-09/202409111000/plugins/org.eclipse.e4.ui.progress.source_0.4.600.v20240606-1020.jar
[[1;34mINFO[m] Downloaded from p2: https://eclipse.mirror.liteserver.nl/releases/2024-09/202409111000/plugins/org.eclipse.e4.ui.progress.source_0.4.600.v20240606-1020.jar (123 KB at 2 MB/s)
[[1;34mINFO[m] Downloading from p2: https://eclipse.mirror.liteserver.nl/releases/2024-09/202409111000/plugins/org.eclipse.e4.ui.widgets.source_1.4.200.v20240801-0837.jar
[[1;34mINFO[m] Downloaded from p2: https://eclipse.mirror.liteserver.nl/releases/2024-09/202409111000/plugins/org.eclipse.e4.ui.widgets.source_1.4.200.v20240801-0837.jar (13 KB at 380 KB/s)
[[1;34mINFO[m] Downloading from p2: https://mirror.dkm.cz/eclipse/releases/2024-09/202409111000/plugins/org.eclipse.emf.ecore.change_2.17.0.v20240604-0832.jar
[[1;34mINFO[m] Downloaded from p2: https://mirror.dkm.cz/eclipse/releases/2024-09/202409111000/plugins/org.eclipse.emf.ecore.change_2.17.0.v20240604-0832.jar (95 KB at 1 MB/s)
[[1;34mINFO[m] Downloading from p2: https://mirror.dkm.cz/eclipse/releases/2024-09/202409111000/plugins/org.eclipse.emf.ecore.xmi_2.38.0.v20240721-0634.jar
[[1;34mINFO[m] Downloaded from p2: https://mirror.dkm.cz/eclipse/releases/2024-09/202409111000/plugins/org.eclipse.emf.ecore.xmi_2.38.0.v20240721-0634.jar (248 KB at 3 MB/s)
[[1;34mINFO[m] Downloading from p2: https://eclipse.mirror.liteserver.nl/releases/2024-09/202409111000/plugins/org.eclipse.e4.ui.workbench.source_1.15.500.v20240730-1919.jar
[[1;34mINFO[m] Downloaded from p2: https://eclipse.mirror.liteserver.nl/releases/2024-09/202409111000/plugins/org.eclipse.e4.ui.workbench.source_1.15.500.v20240730-1919.jar (174 KB at 3 MB/s)
[[1;34mINFO[m] Downloading from p2: https://mirror.dkm.cz/eclipse/releases/2024-09/202409111000/plugins/org.eclipse.e4.ui.workbench.addons.swt.source_1.5.500.v20240620-1945.jar
[[1;34mINFO[m] Downloaded from p2: https://mirror.dkm.cz/eclipse/releases/2024-09/202409111000/plugins/org.eclipse.e4.ui.workbench.addons.swt.source_1.5.500.v20240620-1945.jar (80 KB at 1 MB/s)
[[1;34mINFO[m] Downloading from p2: https://mirror.accum.se/mirror/eclipse.org//releases/2024-09/202409111000/plugins/org.eclipse.e4.ui.workbench.renderers.swt.source_0.16.500.v20240727-1037.jar
[[1;34mINFO[m] Downloaded from p2: https://mirror.accum.se/mirror/eclipse.org//releases/2024-09/202409111000/plugins/org.eclipse.e4.ui.workbench.renderers.swt.source_0.16.500.v20240727-1037.jar (144 KB at 1 MB/s)
[[1;34mINFO[m] Downloading from p2: https://eclipse.mirror.liteserver.nl/releases/2024-09/202409111000/plugins/org.eclipse.e4.ui.workbench.renderers.swt.cocoa.source_0.14.400.v20240525-0701.jar
[[1;34mINFO[m] Downloaded from p2: https://eclipse.mirror.liteserver.nl/releases/2024-09/202409111000/plugins/org.eclipse.e4.ui.workbench.renderers.swt.cocoa.source_0.14.400.v20240525-0701.jar (27 KB at 910 KB/s)
[[1;34mINFO[m] Downloading from p2: https://mirror.dkm.cz/eclipse/releases/2024-09/202409111000/plugins/org.eclipse.e4.ui.workbench.swt.source_0.17.500.v20240807-0911.jar
[[1;34mINFO[m] Downloaded from p2: https://mirror.dkm.cz/eclipse/releases/2024-09/202409111000/plugins/org.eclipse.e4.ui.workbench.swt.source_0.17.500.v20240807-0911.jar (97 KB at 1 MB/s)
[[1;34mINFO[m] Downloading from p2: https://mirror.dkm.cz/eclipse/releases/2024-09/202409111000/plugins/org.eclipse.e4.ui.workbench3.source_0.17.400.v20240321-1245.jar
[[1;34mINFO[m] Downloaded from p2: https://mirror.dkm.cz/eclipse/releases/2024-09/202409111000/plugins/org.eclipse.e4.ui.workbench3.source_0.17.400.v20240321-1245.jar (19 KB at 464 KB/s)
[[1;34mINFO[m] Downloading from p2: https://mirror.dkm.cz/eclipse/releases/2024-09/202409111000/plugins/org.eclipse.emf.common_2.31.0.v20240731-0952.jar
[[1;34mINFO[m] Downloaded from p2: https://mirror.dkm.cz/eclipse/releases/2024-09/202409111000/plugins/org.eclipse.emf.common_2.31.0.v20240731-0952.jar (393 KB at 5 MB/s)
[[1;34mINFO[m] Downloading from p2: https://mirror.dkm.cz/eclipse/releases/2024-09/202409111000/plugins/org.eclipse.emf.common.source_2.31.0.v20240731-0952.jar
[[1;34mINFO[m] Downloaded from p2: https://mirror.dkm.cz/eclipse/releases/2024-09/202409111000/plugins/org.eclipse.emf.common.source_2.31.0.v20240731-0952.jar (222 KB at 3 MB/s)
[[1;34mINFO[m] Downloading from p2: https://mirrors.dotsrc.org/eclipse//releases/2024-09/202409111000/features/org.eclipse.emf.common_2.32.0.v20240731-0952.jar
[[1;34mINFO[m] Downloaded from p2: https://mirrors.dotsrc.org/eclipse//releases/2024-09/202409111000/features/org.eclipse.emf.common_2.32.0.v20240731-0952.jar (22 KB at 238 KB/s)
[[1;34mINFO[m] Downloading from p2: https://eclipse.mirror.liteserver.nl/releases/2024-09/202409111000/plugins/org.eclipse.emf.ecore.source_2.37.0.v20240721-0802.jar
[[1;34mINFO[m] Downloaded from p2: https://eclipse.mirror.liteserver.nl/releases/2024-09/202409111000/plugins/org.eclipse.emf.ecore.source_2.37.0.v20240721-0802.jar (824 KB at 5 MB/s)
[[1;34mINFO[m] Downloading from p2: https://eclipse.mirror.liteserver.nl/releases/2024-09/202409111000/plugins/org.eclipse.emf.ecore.change.source_2.17.0.v20240604-0832.jar
[[1;34mINFO[m] Downloaded from p2: https://eclipse.mirror.liteserver.nl/releases/2024-09/202409111000/plugins/org.eclipse.emf.ecore.change.source_2.17.0.v20240604-0832.jar (93 KB at 1 MB/s)
[[1;34mINFO[m] Downloading from p2: https://eclipse.mirror.liteserver.nl/releases/2024-09/202409111000/features/org.eclipse.emf.ecore_2.38.0.v20240721-0802.jar
[[1;34mINFO[m] Downloaded from p2: https://eclipse.mirror.liteserver.nl/releases/2024-09/202409111000/features/org.eclipse.emf.ecore_2.38.0.v20240721-0802.jar (22 KB at 530 KB/s)
[[1;34mINFO[m] Downloading from p2: https://eclipse.mirror.liteserver.nl/releases/2024-09/202409111000/plugins/org.eclipse.emf.ecore.xmi.source_2.38.0.v20240721-0634.jar
[[1;34mINFO[m] Downloaded from p2: https://eclipse.mirror.liteserver.nl/releases/2024-09/202409111000/plugins/org.eclipse.emf.ecore.xmi.source_2.38.0.v20240721-0634.jar (154 KB at 2 MB/s)
[[1;34mINFO[m] Downloading from p2: https://eclipse.mirror.liteserver.nl/releases/2024-09/202409111000/plugins/org.eclipse.equinox.app.source_1.7.200.v20240722-2103.jar
[[1;34mINFO[m] Downloaded from p2: https://eclipse.mirror.liteserver.nl/releases/2024-09/202409111000/plugins/org.eclipse.equinox.app.source_1.7.200.v20240722-2103.jar (79 KB at 1 MB/s)
[[1;34mINFO[m] Downloading from p2: https://download.eclipse.org/releases/2024-09/202409111000/plugins/org.eclipse.equinox.bidi.source_1.5.100.v20240321-1445.jar
[[1;34mINFO[m] Downloaded from p2: https://download.eclipse.org/releases/2024-09/202409111000/plugins/org.eclipse.equinox.bidi.source_1.5.100.v20240321-1445.jar (65 KB at 190 KB/s)
[[1;34mINFO[m] Downloading from p2: https://eclipse.mirror.liteserver.nl/releases/2024-09/202409111000/plugins/org.eclipse.equinox.common.source_3.19.100.v20240524-2011.jar
[[1;34mINFO[m] Downloaded from p2: https://eclipse.mirror.liteserver.nl/releases/2024-09/202409111000/plugins/org.eclipse.equinox.common.source_3.19.100.v20240524-2011.jar (155 KB at 2 MB/s)
[[1;34mINFO[m] Downloading from p2: https://eclipse.mirror.liteserver.nl/releases/2024-09/202409111000/plugins/org.eclipse.equinox.console.source_1.4.800.v20240513-1104.jar
[[1;34mINFO[m] Downloaded from p2: https://eclipse.mirror.liteserver.nl/releases/2024-09/202409111000/plugins/org.eclipse.equinox.console.source_1.4.800.v20240513-1104.jar (89 KB at 1 MB/s)
[[1;34mINFO[m] Downloading from p2: https://eclipse.mirror.liteserver.nl/releases/2024-09/202409111000/plugins/org.eclipse.equinox.event.source_1.7.100.v20240321-1445.jar
[[1;34mINFO[m] Downloaded from p2: https://eclipse.mirror.liteserver.nl/releases/2024-09/202409111000/plugins/org.eclipse.equinox.event.source_1.7.100.v20240321-1445.jar (28 KB at 722 KB/s)
[[1;34mINFO[m] Downloading from p2: https://mirror.dkm.cz/eclipse/releases/2024-09/202409111000/plugins/org.eclipse.equinox.launcher.source_1.6.900.v20240613-2009.jar
[[1;34mINFO[m] Downloaded from p2: https://mirror.dkm.cz/eclipse/releases/2024-09/202409111000/plugins/org.eclipse.equinox.launcher.source_1.6.900.v20240613-2009.jar (40 KB at 1015 KB/s)
[[1;34mINFO[m] Downloading from p2: https://mirror.dkm.cz/eclipse/releases/2024-09/202409111000/plugins/org.eclipse.equinox.preferences.source_3.11.100.v20240327-0645.jar
[[1;34mINFO[m] Downloaded from p2: https://mirror.dkm.cz/eclipse/releases/2024-09/202409111000/plugins/org.eclipse.equinox.preferences.source_3.11.100.v20240327-0645.jar (106 KB at 1 MB/s)
[[1;34mINFO[m] Downloading from p2: https://eclipse.mirror.liteserver.nl/releases/2024-09/202409111000/plugins/org.eclipse.equinox.registry.source_3.12.100.v20240524-2011.jar
[[1;34mINFO[m] Downloaded from p2: https://eclipse.mirror.liteserver.nl/releases/2024-09/202409111000/plugins/org.eclipse.equinox.registry.source_3.12.100.v20240524-2011.jar (181 KB at 2 MB/s)
[[1;34mINFO[m] Downloading from p2: https://eclipse.mirror.liteserver.nl/releases/2024-09/202409111000/plugins/org.eclipse.equinox.simpleconfigurator.source_1.5.300.v20240424-1301.jar
[[1;34mINFO[m] Downloaded from p2: https://eclipse.mirror.liteserver.nl/releases/2024-09/202409111000/plugins/org.eclipse.equinox.simpleconfigurator.source_1.5.300.v20240424-1301.jar (41 KB at 915 KB/s)
[[1;34mINFO[m] Downloading from p2: https://eclipse.mirror.liteserver.nl/releases/2024-09/202409111000/plugins/org.eclipse.help_3.10.400.v20240415-0528.jar
[[1;34mINFO[m] Downloaded from p2: https://eclipse.mirror.liteserver.nl/releases/2024-09/202409111000/plugins/org.eclipse.help_3.10.400.v20240415-0528.jar (276 KB at 3 MB/s)
[[1;34mINFO[m] Downloading from p2: https://mirrors.dotsrc.org/eclipse//releases/2024-09/202409111000/plugins/org.eclipse.help.source_3.10.400.v20240415-0528.jar
[[1;34mINFO[m] Downloaded from p2: https://mirrors.dotsrc.org/eclipse//releases/2024-09/202409111000/plugins/org.eclipse.help.source_3.10.400.v20240415-0528.jar (182 KB at 893 KB/s)
[[1;34mINFO[m] Downloading from p2: https://mirrors.dotsrc.org/eclipse//releases/2024-09/202409111000/plugins/org.eclipse.jdt.core.compiler.batch_3.39.0.v20240820-0604.jar
[[1;34mINFO[m] Downloaded from p2: https://mirrors.dotsrc.org/eclipse//releases/2024-09/202409111000/plugins/org.eclipse.jdt.core.compiler.batch_3.39.0.v20240820-0604.jar (3 MB at 6 MB/s)
[[1;34mINFO[m] Downloading from p2: https://mirrors.dotsrc.org/eclipse//releases/2024-09/202409111000/plugins/org.eclipse.jdt.core.compiler.batch.source_3.39.0.v20240820-0604.jar
[[1;34mINFO[m] Downloaded from p2: https://mirrors.dotsrc.org/eclipse//releases/2024-09/202409111000/plugins/org.eclipse.jdt.core.compiler.batch.source_3.39.0.v20240820-0604.jar (2 MB at 5 MB/s)
[[1;34mINFO[m] Downloading from p2: https://mirrors.dotsrc.org/eclipse//releases/2024-09/202409111000/plugins/org.eclipse.jetty.servlet-api.source_4.0.6.jar
[[1;34mINFO[m] Downloaded from p2: https://mirrors.dotsrc.org/eclipse//releases/2024-09/202409111000/plugins/org.eclipse.jetty.servlet-api.source_4.0.6.jar (404 KB at 3 MB/s)
[[1;34mINFO[m] Downloading from p2: https://mirrors.dotsrc.org/eclipse//releases/2024-09/202409111000/plugins/org.eclipse.jface.source_3.35.0.v20240820-2045.jar
[[1;34mINFO[m] Downloaded from p2: https://mirrors.dotsrc.org/eclipse//releases/2024-09/202409111000/plugins/org.eclipse.jface.source_3.35.0.v20240820-2045.jar (1 MB at 2 MB/s)
[[1;34mINFO[m] Downloading from p2: https://mirror.accum.se/mirror/eclipse.org//releases/2024-09/202409111000/plugins/org.eclipse.jface.databinding.source_1.15.300.v20240424-0444.jar
[[1;34mINFO[m] Downloaded from p2: https://mirror.accum.se/mirror/eclipse.org//releases/2024-09/202409111000/plugins/org.eclipse.jface.databinding.source_1.15.300.v20240424-0444.jar (221 KB at 2 MB/s)
[[1;34mINFO[m] Downloading from p2: https://mirrors.dotsrc.org/eclipse//releases/2024-09/202409111000/plugins/org.eclipse.jface.notifications.source_0.7.300.v20240707-1119.jar
[[1;34mINFO[m] Downloaded from p2: https://mirrors.dotsrc.org/eclipse//releases/2024-09/202409111000/plugins/org.eclipse.jface.notifications.source_0.7.300.v20240707-1119.jar (21 KB at 410 KB/s)
[[1;34mINFO[m] Downloading from p2: https://mirrors.dotsrc.org/eclipse//releases/2024-09/202409111000/plugins/org.eclipse.osgi.source_3.21.0.v20240717-2103.jar
[[1;34mINFO[m] Downloaded from p2: https://mirrors.dotsrc.org/eclipse//releases/2024-09/202409111000/plugins/org.eclipse.osgi.source_3.21.0.v20240717-2103.jar (1 MB at 2 MB/s)
[[1;34mINFO[m] Downloading from p2: https://mirrors.dotsrc.org/eclipse//releases/2024-09/202409111000/plugins/org.eclipse.osgi.compatibility.state.source_1.2.1000.v20240213-1057.jar
[[1;34mINFO[m] Downloaded from p2: https://mirrors.dotsrc.org/eclipse//releases/2024-09/202409111000/plugins/org.eclipse.osgi.compatibility.state.source_1.2.1000.v20240213-1057.jar (144 KB at 504 KB/s)
[[1;34mINFO[m] Downloading from p2: https://mirrors.dotsrc.org/eclipse//releases/2024-09/202409111000/plugins/org.eclipse.ui_3.206.100.v20240720-1232.jar
[[1;34mINFO[m] Downloaded from p2: https://mirrors.dotsrc.org/eclipse//releases/2024-09/202409111000/plugins/org.eclipse.ui_3.206.100.v20240720-1232.jar (455 KB at 981 KB/s)
[[1;34mINFO[m] Downloading from p2: https://eclipse.mirror.liteserver.nl/releases/2024-09/202409111000/plugins/org.eclipse.ui.workbench_3.133.0.v20240818-1923.jar
[[1;34mINFO[m] Downloaded from p2: https://eclipse.mirror.liteserver.nl/releases/2024-09/202409111000/plugins/org.eclipse.ui.workbench_3.133.0.v20240818-1923.jar (3 MB at 8 MB/s)
[[1;34mINFO[m] Downloading from p2: https://eclipse.mirror.liteserver.nl/releases/2024-09/202409111000/plugins/org.eclipse.update.configurator_3.5.400.v20240416-0654.jar
[[1;34mINFO[m] Downloaded from p2: https://eclipse.mirror.liteserver.nl/releases/2024-09/202409111000/plugins/org.eclipse.update.configurator_3.5.400.v20240416-0654.jar (99 KB at 2 MB/s)
[[1;34mINFO[m] Downloading from p2: https://eclipse.mirror.liteserver.nl/releases/2024-09/202409111000/plugins/org.eclipse.rcp_4.33.0.v20240903-0240.jar
[[1;34mINFO[m] Downloaded from p2: https://eclipse.mirror.liteserver.nl/releases/2024-09/202409111000/plugins/org.eclipse.rcp_4.33.0.v20240903-0240.jar (14 KB at 508 KB/s)
[[1;34mINFO[m] Downloading from p2: https://mirrors.dotsrc.org/eclipse//releases/2024-09/202409111000/plugins/org.eclipse.ui.cocoa_1.3.200.v20240309-0857.jar
[[1;34mINFO[m] Downloaded from p2: https://mirrors.dotsrc.org/eclipse//releases/2024-09/202409111000/plugins/org.eclipse.ui.cocoa_1.3.200.v20240309-0857.jar (11 KB at 76 KB/s)
[[1;34mINFO[m] Downloading from p2: https://eclipse.mirror.liteserver.nl/releases/2024-09/202409111000/features/org.eclipse.rcp_4.33.0.v20240903-0618.jar
[[1;34mINFO[m] Downloaded from p2: https://eclipse.mirror.liteserver.nl/releases/2024-09/202409111000/features/org.eclipse.rcp_4.33.0.v20240903-0618.jar (22 KB at 553 KB/s)
[[1;34mINFO[m] Downloading from p2: https://eclipse.mirror.liteserver.nl/releases/2024-09/202409111000/binary/org.eclipse.rcp_root_4.33.0.v20240903-0618
[[1;34mINFO[m] Downloaded from p2: https://eclipse.mirror.liteserver.nl/releases/2024-09/202409111000/binary/org.eclipse.rcp_root_4.33.0.v20240903-0618 (20 KB at 505 KB/s)
[[1;34mINFO[m] Downloading from p2: https://eclipse.mirror.liteserver.nl/releases/2024-09/202409111000/plugins/org.eclipse.swt.cocoa.macosx.x86_64.source_3.127.0.v20240903-0618.jar
[[1;34mINFO[m] Downloaded from p2: https://eclipse.mirror.liteserver.nl/releases/2024-09/202409111000/plugins/org.eclipse.swt.cocoa.macosx.x86_64.source_3.127.0.v20240903-0618.jar (2 MB at 9 MB/s)
[[1;34mINFO[m] Downloading from p2: https://eclipse.mirror.liteserver.nl/releases/2024-09/202409111000/plugins/org.eclipse.ui.source_3.206.100.v20240720-1232.jar
[[1;34mINFO[m] Downloaded from p2: https://eclipse.mirror.liteserver.nl/releases/2024-09/202409111000/plugins/org.eclipse.ui.source_3.206.100.v20240720-1232.jar (149 KB at 3 MB/s)
[[1;34mINFO[m] Downloading from p2: https://mirror.dkm.cz/eclipse/releases/2024-09/202409111000/plugins/org.eclipse.ui.cocoa.source_1.3.200.v20240309-0857.jar
[[1;34mINFO[m] Downloaded from p2: https://mirror.dkm.cz/eclipse/releases/2024-09/202409111000/plugins/org.eclipse.ui.cocoa.source_1.3.200.v20240309-0857.jar (10 KB at 202 KB/s)
[[1;34mINFO[m] Downloading from p2: https://eclipse.mirror.liteserver.nl/releases/2024-09/202409111000/plugins/org.eclipse.ui.workbench.source_3.133.0.v20240818-1923.jar
[[1;34mINFO[m] Downloaded from p2: https://eclipse.mirror.liteserver.nl/releases/2024-09/202409111000/plugins/org.eclipse.ui.workbench.source_3.133.0.v20240818-1923.jar (2 MB at 9 MB/s)
[[1;34mINFO[m] Downloading from p2: https://eclipse.mirror.liteserver.nl/releases/2024-09/202409111000/plugins/org.eclipse.update.configurator.source_3.5.400.v20240416-0654.jar
[[1;34mINFO[m] Downloaded from p2: https://eclipse.mirror.liteserver.nl/releases/2024-09/202409111000/plugins/org.eclipse.update.configurator.source_3.5.400.v20240416-0654.jar (78 KB at 2 MB/s)
[[1;34mINFO[m] Downloading from p2: https://eclipse.mirror.liteserver.nl/releases/2024-09/202409111000/plugins/org.eclipse.urischeme.source_1.3.400.v20240606-1412.jar
[[1;34mINFO[m] Downloaded from p2: https://eclipse.mirror.liteserver.nl/releases/2024-09/202409111000/plugins/org.eclipse.urischeme.source_1.3.400.v20240606-1412.jar (47 KB at 1 MB/s)
[[1;34mINFO[m] Downloading from p2: https://mirror.umd.edu/eclipse/releases/2024-09/202409111000/plugins/org.eclipse.xtext.logging_2.36.0.v20240825-0714.jar
[[1;34mINFO[m] Downloaded from p2: https://mirror.umd.edu/eclipse/releases/2024-09/202409111000/plugins/org.eclipse.xtext.logging_2.36.0.v20240825-0714.jar (15 KB at 46 KB/s)
[[1;34mINFO[m] Downloading from p2: https://eclipse.mirror.liteserver.nl/releases/2024-09/202409111000/plugins/org.eclipse.xtext.logging.source_2.36.0.v20240825-0714.jar
[[1;34mINFO[m] Downloaded from p2: https://eclipse.mirror.liteserver.nl/releases/2024-09/202409111000/plugins/org.eclipse.xtext.logging.source_2.36.0.v20240825-0714.jar (13 KB at 325 KB/s)
[[1;34mINFO[m] Downloading from p2: https://mirrors.dotsrc.org/eclipse//releases/2024-09/202409111000/plugins/org.jdom.source_1.1.3.v20230812-1600.jar
[[1;34mINFO[m] Downloaded from p2: https://mirrors.dotsrc.org/eclipse//releases/2024-09/202409111000/plugins/org.jdom.source_1.1.3.v20230812-1600.jar (245 KB at 696 KB/s)
[90mDownloading from [0mcentral[90m: https://repo.maven.apache.org/maven2/[0morg/jdom/jdom/1.1.3/jdom-1.1.3.jar
Progress (1): 4.1/151 kBProgress (1): 7.7/151 kBProgress (1): 12/151 kB Progress (1): 16/151 kBProgress (1): 20/151 kBProgress (1): 24/151 kBProgress (1): 28/151 kBProgress (1): 32/151 kBProgress (1): 36/151 kBProgress (1): 40/151 kBProgress (1): 45/151 kBProgress (1): 49/151 kBProgress (1): 53/151 kBProgress (1): 57/151 kBProgress (1): 61/151 kBProgress (1): 65/151 kBProgress (1): 69/151 kBProgress (1): 73/151 kBProgress (1): 77/151 kBProgress (1): 81/151 kBProgress (1): 86/151 kBProgress (1): 90/151 kBProgress (1): 94/151 kBProgress (1): 98/151 kBProgress (1): 102/151 kBProgress (1): 106/151 kBProgress (1): 110/151 kBProgress (1): 114/151 kBProgress (1): 118/151 kBProgress (1): 122/151 kBProgress (1): 127/151 kBProgress (1): 131/151 kBProgress (1): 135/151 kBProgress (1): 139/151 kBProgress (1): 143/151 kBProgress (1): 147/151 kBProgress (1): 151/151 kBProgress (1): 151 kB                        Downloaded[90m from [0mcentral[90m: https://repo.maven.apache.org/maven2/[0morg/jdom/jdom/1.1.3/jdom-1.1.3.jar[90m (151 kB at 2.0 MB/s)[0m
[[1;34mINFO[m] Downloading from p2: https://eclipse.mirror.liteserver.nl/releases/2024-09/202409111000/plugins/org.mortbay.jasper.apache-el_9.0.90.jar
[[1;34mINFO[m] Downloaded from p2: https://eclipse.mirror.liteserver.nl/releases/2024-09/202409111000/plugins/org.mortbay.jasper.apache-el_9.0.90.jar (249 KB at 2 MB/s)
[90mDownloading from [0mcentral[90m: https://repo.maven.apache.org/maven2/[0morg/mortbay/jasper/apache-el/9.0.90/apache-el-9.0.90.jar
Progress (1): 4.1/256 kBProgress (1): 7.7/256 kBProgress (1): 12/256 kB Progress (1): 16/256 kBProgress (1): 20/256 kBProgress (1): 24/256 kBProgress (1): 28/256 kBProgress (1): 32/256 kBProgress (1): 36/256 kBProgress (1): 41/256 kBProgress (1): 45/256 kBProgress (1): 49/256 kBProgress (1): 53/256 kBProgress (1): 57/256 kBProgress (1): 61/256 kBProgress (1): 65/256 kBProgress (1): 69/256 kBProgress (1): 73/256 kBProgress (1): 77/256 kBProgress (1): 81/256 kBProgress (1): 86/256 kBProgress (1): 90/256 kBProgress (1): 94/256 kBProgress (1): 98/256 kBProgress (1): 102/256 kBProgress (1): 106/256 kBProgress (1): 110/256 kBProgress (1): 114/256 kBProgress (1): 118/256 kBProgress (1): 122/256 kBProgress (1): 127/256 kBProgress (1): 131/256 kBProgress (1): 135/256 kBProgress (1): 139/256 kBProgress (1): 143/256 kBProgress (1): 147/256 kBProgress (1): 151/256 kBProgress (1): 155/256 kBProgress (1): 159/256 kBProgress (1): 163/256 kBProgress (1): 167/256 kBProgress (1): 171/256 kBProgress (1): 176/256 kBProgress (1): 180/256 kBProgress (1): 184/256 kBProgress (1): 188/256 kBProgress (1): 192/256 kBProgress (1): 196/256 kBProgress (1): 200/256 kBProgress (1): 204/256 kBProgress (1): 208/256 kBProgress (1): 212/256 kBProgress (1): 217/256 kBProgress (1): 221/256 kBProgress (1): 225/256 kBProgress (1): 229/256 kBProgress (1): 233/256 kBProgress (1): 237/256 kBProgress (1): 241/256 kBProgress (1): 245/256 kBProgress (1): 249/256 kBProgress (1): 253/256 kBProgress (1): 256 kB                        Downloaded[90m from [0mcentral[90m: https://repo.maven.apache.org/maven2/[0morg/mortbay/jasper/apache-el/9.0.90/apache-el-9.0.90.jar[90m (256 kB at 2.2 MB/s)[0m
[[1;34mINFO[m] Downloading from p2: https://mirror.accum.se/mirror/eclipse.org//releases/2024-09/202409111000/plugins/org.mortbay.jasper.apache-el.source_9.0.90.jar
[[1;34mINFO[m] Downloaded from p2: https://mirror.accum.se/mirror/eclipse.org//releases/2024-09/202409111000/plugins/org.mortbay.jasper.apache-el.source_9.0.90.jar (212 KB at 2 MB/s)
[[1;34mINFO[m] Downloading from p2: https://download.eclipse.org/releases/2024-09/202409111000/plugins/org.mortbay.jasper.apache-jsp.source_9.0.90.jar
[[1;34mINFO[m] Downloaded from p2: https://download.eclipse.org/releases/2024-09/202409111000/plugins/org.mortbay.jasper.apache-jsp.source_9.0.90.jar (1 MB at 1 MB/s)
[[1;34mINFO[m] Downloading from p2: https://mirror.dkm.cz/eclipse/releases/2024-09/202409111000/plugins/org.objectweb.asm.source_9.7.0.jar
[[1;34mINFO[m] Downloaded from p2: https://mirror.dkm.cz/eclipse/releases/2024-09/202409111000/plugins/org.objectweb.asm.source_9.7.0.jar (180 KB at 2 MB/s)
[[1;34mINFO[m] Downloading from p2: https://eclipse.mirror.liteserver.nl/releases/2024-09/202409111000/plugins/org.objectweb.asm.tree_9.7.0.jar
[[1;34mINFO[m] Downloaded from p2: https://eclipse.mirror.liteserver.nl/releases/2024-09/202409111000/plugins/org.objectweb.asm.tree_9.7.0.jar (50 KB at 649 KB/s)
[90mDownloading from [0mcentral[90m: https://repo.maven.apache.org/maven2/[0morg/ow2/asm/asm-tree/9.7/asm-tree-9.7.jar
Progress (1): 4.1/52 kBProgress (1): 7.7/52 kBProgress (1): 12/52 kB Progress (1): 16/52 kBProgress (1): 20/52 kBProgress (1): 24/52 kBProgress (1): 28/52 kBProgress (1): 32/52 kBProgress (1): 36/52 kBProgress (1): 40/52 kBProgress (1): 44/52 kBProgress (1): 48/52 kBProgress (1): 52 kB                      Downloaded[90m from [0mcentral[90m: https://repo.maven.apache.org/maven2/[0morg/ow2/asm/asm-tree/9.7/asm-tree-9.7.jar[90m (52 kB at 811 kB/s)[0m
[[1;34mINFO[m] Downloading from p2: https://mirror.dkm.cz/eclipse/releases/2024-09/202409111000/plugins/org.objectweb.asm.commons.source_9.7.0.jar
[[1;34mINFO[m] Downloaded from p2: https://mirror.dkm.cz/eclipse/releases/2024-09/202409111000/plugins/org.objectweb.asm.commons.source_9.7.0.jar (81 KB at 1 MB/s)
[[1;34mINFO[m] Downloading from p2: https://eclipse.mirror.liteserver.nl/releases/2024-09/202409111000/plugins/org.objectweb.asm.tree.source_9.7.0.jar
[[1;34mINFO[m] Downloaded from p2: https://eclipse.mirror.liteserver.nl/releases/2024-09/202409111000/plugins/org.objectweb.asm.tree.source_9.7.0.jar (75 KB at 1 MB/s)
[[1;34mINFO[m] Downloading from p2: https://eclipse.mirror.liteserver.nl/releases/2024-09/202409111000/plugins/org.objectweb.asm.tree.analysis_9.7.0.jar
[[1;34mINFO[m] Downloaded from p2: https://eclipse.mirror.liteserver.nl/releases/2024-09/202409111000/plugins/org.objectweb.asm.tree.analysis_9.7.0.jar (33 KB at 1 MB/s)
[90mDownloading from [0mcentral[90m: https://repo.maven.apache.org/maven2/[0morg/ow2/asm/asm-analysis/9.7/asm-analysis-9.7.jar
Progress (1): 4.0/35 kBProgress (1): 8.1/35 kBProgress (1): 12/35 kB Progress (1): 16/35 kBProgress (1): 20/35 kBProgress (1): 24/35 kBProgress (1): 29/35 kBProgress (1): 33/35 kBProgress (1): 35 kB                      Downloaded[90m from [0mcentral[90m: https://repo.maven.apache.org/maven2/[0morg/ow2/asm/asm-analysis/9.7/asm-analysis-9.7.jar[90m (35 kB at 600 kB/s)[0m
[[1;34mINFO[m] Downloading from p2: https://mirrors.dotsrc.org/eclipse//releases/2024-09/202409111000/plugins/org.objectweb.asm.tree.analysis.source_9.7.0.jar
[[1;34mINFO[m] Downloaded from p2: https://mirrors.dotsrc.org/eclipse//releases/2024-09/202409111000/plugins/org.objectweb.asm.tree.analysis.source_9.7.0.jar (41 KB at 500 KB/s)
[[1;34mINFO[m] Downloading from p2: https://eclipse.mirror.liteserver.nl/releases/2024-09/202409111000/plugins/org.objectweb.asm.util.source_9.7.0.jar
[[1;34mINFO[m] Downloaded from p2: https://eclipse.mirror.liteserver.nl/releases/2024-09/202409111000/plugins/org.objectweb.asm.util.source_9.7.0.jar (84 KB at 2 MB/s)
[[1;34mINFO[m] Downloading from p2: https://mirror.accum.se/mirror/eclipse.org//releases/2024-09/202409111000/plugins/org.osgi.service.cm.source_1.6.1.202109301733.jar
[[1;34mINFO[m] Downloaded from p2: https://mirror.accum.se/mirror/eclipse.org//releases/2024-09/202409111000/plugins/org.osgi.service.cm.source_1.6.1.202109301733.jar (31 KB at 368 KB/s)
[[1;34mINFO[m] Downloading from p2: https://mirror.dkm.cz/eclipse/releases/2024-09/202409111000/plugins/org.osgi.service.component.source_1.5.1.202212101352.jar
[[1;34mINFO[m] Downloaded from p2: https://mirror.dkm.cz/eclipse/releases/2024-09/202409111000/plugins/org.osgi.service.component.source_1.5.1.202212101352.jar (29 KB at 756 KB/s)
[[1;34mINFO[m] Downloading from p2: https://mirrors.dotsrc.org/eclipse//releases/2024-09/202409111000/plugins/org.osgi.service.device.source_1.1.1.202109301733.jar
[[1;34mINFO[m] Downloaded from p2: https://mirrors.dotsrc.org/eclipse//releases/2024-09/202409111000/plugins/org.osgi.service.device.source_1.1.1.202109301733.jar (9 KB at 64 KB/s)
[[1;34mINFO[m] Downloading from p2: https://mirror.dkm.cz/eclipse/releases/2024-09/202409111000/plugins/org.osgi.service.event.source_1.4.1.202109301733.jar
[[1;34mINFO[m] Downloaded from p2: https://mirror.dkm.cz/eclipse/releases/2024-09/202409111000/plugins/org.osgi.service.event.source_1.4.1.202109301733.jar (22 KB at 404 KB/s)
[[1;34mINFO[m] Downloading from p2: https://eclipse.mirror.liteserver.nl/releases/2024-09/202409111000/plugins/org.osgi.service.metatype.source_1.4.1.202109301733.jar
[[1;34mINFO[m] Downloaded from p2: https://eclipse.mirror.liteserver.nl/releases/2024-09/202409111000/plugins/org.osgi.service.metatype.source_1.4.1.202109301733.jar (10 KB at 255 KB/s)
[[1;34mINFO[m] Downloading from p2: https://eclipse.mirror.liteserver.nl/releases/2024-09/202409111000/plugins/org.osgi.service.prefs.source_1.1.2.202109301733.jar
[[1;34mINFO[m] Downloaded from p2: https://eclipse.mirror.liteserver.nl/releases/2024-09/202409111000/plugins/org.osgi.service.prefs.source_1.1.2.202109301733.jar (10 KB at 344 KB/s)
[[1;34mINFO[m] Downloading from p2: https://mirrors.dotsrc.org/eclipse//releases/2024-09/202409111000/plugins/org.osgi.service.provisioning.source_1.2.0.201505202024.jar
[[1;34mINFO[m] Downloaded from p2: https://mirrors.dotsrc.org/eclipse//releases/2024-09/202409111000/plugins/org.osgi.service.provisioning.source_1.2.0.201505202024.jar (9 KB at 100 KB/s)
[[1;34mINFO[m] Downloading from p2: https://mirror.dkm.cz/eclipse/releases/2024-09/202409111000/plugins/org.osgi.service.upnp.source_1.2.1.202109301733.jar
[[1;34mINFO[m] Downloaded from p2: https://mirror.dkm.cz/eclipse/releases/2024-09/202409111000/plugins/org.osgi.service.upnp.source_1.2.1.202109301733.jar (17 KB at 480 KB/s)
[[1;34mINFO[m] Downloading from p2: https://mirrors.dotsrc.org/eclipse//releases/2024-09/202409111000/plugins/org.osgi.service.useradmin.source_1.1.1.202109301733.jar
[[1;34mINFO[m] Downloaded from p2: https://mirrors.dotsrc.org/eclipse//releases/2024-09/202409111000/plugins/org.osgi.service.useradmin.source_1.1.1.202109301733.jar (19 KB at 350 KB/s)
[[1;34mINFO[m] Downloading from p2: https://eclipse.mirror.liteserver.nl/releases/2024-09/202409111000/plugins/org.osgi.service.wireadmin.source_1.0.2.202109301733.jar
[[1;34mINFO[m] Downloaded from p2: https://eclipse.mirror.liteserver.nl/releases/2024-09/202409111000/plugins/org.osgi.service.wireadmin.source_1.0.2.202109301733.jar (25 KB at 701 KB/s)
[[1;34mINFO[m] Downloading from p2: https://eclipse.mirror.liteserver.nl/releases/2024-09/202409111000/plugins/org.osgi.util.function.source_1.2.0.202109301733.jar
[[1;34mINFO[m] Downloaded from p2: https://eclipse.mirror.liteserver.nl/releases/2024-09/202409111000/plugins/org.osgi.util.function.source_1.2.0.202109301733.jar (8 KB at 291 KB/s)
[[1;34mINFO[m] Downloading from p2: https://mirror.accum.se/mirror/eclipse.org//releases/2024-09/202409111000/plugins/org.osgi.util.measurement.source_1.0.2.201802012109.jar
[[1;34mINFO[m] Downloaded from p2: https://mirror.accum.se/mirror/eclipse.org//releases/2024-09/202409111000/plugins/org.osgi.util.measurement.source_1.0.2.201802012109.jar (10 KB at 158 KB/s)
[[1;34mINFO[m] Downloading from p2: https://eclipse.mirror.liteserver.nl/releases/2024-09/202409111000/plugins/org.osgi.util.position.source_1.0.1.201505202026.jar
[[1;34mINFO[m] Downloaded from p2: https://eclipse.mirror.liteserver.nl/releases/2024-09/202409111000/plugins/org.osgi.util.position.source_1.0.1.201505202026.jar (9 KB at 330 KB/s)
[[1;34mINFO[m] Downloading from p2: https://eclipse.mirror.liteserver.nl/releases/2024-09/202409111000/plugins/org.osgi.util.promise.source_1.3.0.202212101352.jar
[[1;34mINFO[m] Downloaded from p2: https://eclipse.mirror.liteserver.nl/releases/2024-09/202409111000/plugins/org.osgi.util.promise.source_1.3.0.202212101352.jar (28 KB at 964 KB/s)
[[1;34mINFO[m] Downloading from p2: https://mirrors.dotsrc.org/eclipse//releases/2024-09/202409111000/plugins/org.osgi.util.xml.source_1.0.2.202109301733.jar
[[1;34mINFO[m] Downloaded from p2: https://mirrors.dotsrc.org/eclipse//releases/2024-09/202409111000/plugins/org.osgi.util.xml.source_1.0.2.202109301733.jar (6 KB at 60 KB/s)
[[1;34mINFO[m] Downloading from p2: https://eclipse.mirror.liteserver.nl/releases/2024-09/202409111000/plugins/org.eclipse.equinox.launcher.cocoa.macosx.aarch64_1.2.1100.v20240722-2106.jar
[[1;34mINFO[m] Downloaded from p2: https://eclipse.mirror.liteserver.nl/releases/2024-09/202409111000/plugins/org.eclipse.equinox.launcher.cocoa.macosx.aarch64_1.2.1100.v20240722-2106.jar (43 KB at 1 MB/s)
[[1;34mINFO[m] Downloading from p2: https://eclipse.mirror.liteserver.nl/releases/2024-09/202409111000/plugins/org.eclipse.swt.cocoa.macosx.aarch64_3.127.0.v20240903-0618.jar
[[1;34mINFO[m] Downloaded from p2: https://eclipse.mirror.liteserver.nl/releases/2024-09/202409111000/plugins/org.eclipse.swt.cocoa.macosx.aarch64_3.127.0.v20240903-0618.jar (2 MB at 8 MB/s)
[[1;34mINFO[m] Downloading from p2: https://mirror.dkm.cz/eclipse/releases/2024-09/202409111000/plugins/org.eclipse.swt.cocoa.macosx.aarch64.source_3.127.0.v20240903-0618.jar
[[1;34mINFO[m] Downloaded from p2: https://mirror.dkm.cz/eclipse/releases/2024-09/202409111000/plugins/org.eclipse.swt.cocoa.macosx.aarch64.source_3.127.0.v20240903-0618.jar (2 MB at 10 MB/s)
[[1;34mINFO[m] Downloading from p2: https://mirror.dkm.cz/eclipse/releases/2024-09/202409111000/plugins/org.eclipse.equinox.launcher.win32.win32.x86_64_1.2.1100.v20240722-2106.jar
[[1;34mINFO[m] Downloaded from p2: https://mirror.dkm.cz/eclipse/releases/2024-09/202409111000/plugins/org.eclipse.equinox.launcher.win32.win32.x86_64_1.2.1100.v20240722-2106.jar (146 KB at 2 MB/s)
[[1;34mINFO[m] Downloading from p2: https://mirror.dkm.cz/eclipse/releases/2024-09/202409111000/plugins/org.eclipse.swt.win32.win32.x86_64_3.127.0.v20240903-0618.jar
[[1;34mINFO[m] Downloaded from p2: https://mirror.dkm.cz/eclipse/releases/2024-09/202409111000/plugins/org.eclipse.swt.win32.win32.x86_64_3.127.0.v20240903-0618.jar (2 MB at 10 MB/s)
[[1;34mINFO[m] Downloading from p2: https://eclipse.mirror.liteserver.nl/releases/2024-09/202409111000/plugins/org.eclipse.e4.ui.swt.win32_1.2.300.v20240416-0658.jar
[[1;34mINFO[m] Downloaded from p2: https://eclipse.mirror.liteserver.nl/releases/2024-09/202409111000/plugins/org.eclipse.e4.ui.swt.win32_1.2.300.v20240416-0658.jar (12 KB at 433 KB/s)
[[1;34mINFO[m] Downloading from p2: https://eclipse.mirror.liteserver.nl/releases/2024-09/202409111000/plugins/org.eclipse.e4.ui.swt.win32.source_1.2.300.v20240416-0658.jar
[[1;34mINFO[m] Downloaded from p2: https://eclipse.mirror.liteserver.nl/releases/2024-09/202409111000/plugins/org.eclipse.e4.ui.swt.win32.source_1.2.300.v20240416-0658.jar (11 KB at 386 KB/s)
[[1;34mINFO[m] Downloading from p2: https://eclipse.mirror.liteserver.nl/releases/2024-09/202409111000/plugins/org.eclipse.swt.win32.win32.x86_64.source_3.127.0.v20240903-0618.jar
[[1;34mINFO[m] Downloaded from p2: https://eclipse.mirror.liteserver.nl/releases/2024-09/202409111000/plugins/org.eclipse.swt.win32.win32.x86_64.source_3.127.0.v20240903-0618.jar (2 MB at 7 MB/s)
[[1;34mINFO[m] Downloading from p2: https://mirror.dkm.cz/eclipse/releases/2024-09/202409111000/plugins/org.eclipse.equinox.launcher.gtk.linux.x86_64_1.2.1100.v20240722-2106.jar
[[1;34mINFO[m] Downloaded from p2: https://mirror.dkm.cz/eclipse/releases/2024-09/202409111000/plugins/org.eclipse.equinox.launcher.gtk.linux.x86_64_1.2.1100.v20240722-2106.jar (90 KB at 1 MB/s)
[[1;34mINFO[m] Downloading from p2: https://eclipse.mirror.liteserver.nl/releases/2024-09/202409111000/plugins/org.eclipse.swt.gtk.linux.x86_64_3.127.0.v20240903-0618.jar
[[1;34mINFO[m] Downloaded from p2: https://eclipse.mirror.liteserver.nl/releases/2024-09/202409111000/plugins/org.eclipse.swt.gtk.linux.x86_64_3.127.0.v20240903-0618.jar (2 MB at 9 MB/s)
[[1;34mINFO[m] Downloading from p2: https://mirror.dkm.cz/eclipse/releases/2024-09/202409111000/plugins/org.eclipse.e4.ui.swt.gtk_1.2.200.v20240416-0658.jar
[[1;34mINFO[m] Downloaded from p2: https://mirror.dkm.cz/eclipse/releases/2024-09/202409111000/plugins/org.eclipse.e4.ui.swt.gtk_1.2.200.v20240416-0658.jar (12 KB at 350 KB/s)
[[1;34mINFO[m] Downloading from p2: https://mirror.dkm.cz/eclipse/releases/2024-09/202409111000/plugins/org.eclipse.e4.ui.swt.gtk.source_1.2.200.v20240416-0658.jar
[[1;34mINFO[m] Downloaded from p2: https://mirror.dkm.cz/eclipse/releases/2024-09/202409111000/plugins/org.eclipse.e4.ui.swt.gtk.source_1.2.200.v20240416-0658.jar (11 KB at 305 KB/s)
[[1;34mINFO[m] Downloading from p2: https://eclipse.mirror.liteserver.nl/releases/2024-09/202409111000/plugins/org.eclipse.swt.gtk.linux.x86_64.source_3.127.0.v20240903-0618.jar
[[1;34mINFO[m] Downloaded from p2: https://eclipse.mirror.liteserver.nl/releases/2024-09/202409111000/plugins/org.eclipse.swt.gtk.linux.x86_64.source_3.127.0.v20240903-0618.jar (1 MB at 9 MB/s)
[90mDownloading from [0mcentral[90m: https://repo.maven.apache.org/maven2/[0mcom/ibm/icu/icu4j/75.1/icu4j-75.1.pom
Progress (1): 4.1 kBProgress (1): 8.2 kBProgress (1): 12 kB Progress (1): 13 kB                   Downloaded[90m from [0mcentral[90m: https://repo.maven.apache.org/maven2/[0mcom/ibm/icu/icu4j/75.1/icu4j-75.1.pom[90m (13 kB at 160 kB/s)[0m
[90mDownloading from [0mcentral[90m: https://repo.maven.apache.org/maven2/[0mcom/ibm/icu/icu4j-root/75.1/icu4j-root-75.1.pom
Progress (1): 4.1 kBProgress (1): 8.2 kBProgress (1): 12 kB Progress (1): 16 kBProgress (1): 20 kBProgress (1): 25 kBProgress (1): 27 kB                   Downloaded[90m from [0mcentral[90m: https://repo.maven.apache.org/maven2/[0mcom/ibm/icu/icu4j-root/75.1/icu4j-root-75.1.pom[90m (27 kB at 336 kB/s)[0m
[90mDownloading from [0mcentral[90m: https://repo.maven.apache.org/maven2/[0mnet/java/dev/jna/jna-platform/5.14.0/jna-platform-5.14.0.pom
Progress (1): 2.3 kB                    Downloaded[90m from [0mcentral[90m: https://repo.maven.apache.org/maven2/[0mnet/java/dev/jna/jna-platform/5.14.0/jna-platform-5.14.0.pom[90m (2.3 kB at 38 kB/s)[0m
[90mDownloading from [0mcentral[90m: https://repo.maven.apache.org/maven2/[0mnet/java/dev/jna/jna/5.14.0/jna-5.14.0.pom
Progress (1): 2.0 kB                    Downloaded[90m from [0mcentral[90m: https://repo.maven.apache.org/maven2/[0mnet/java/dev/jna/jna/5.14.0/jna-5.14.0.pom[90m (2.0 kB at 31 kB/s)[0m
[90mDownloading from [0mcentral[90m: https://repo.maven.apache.org/maven2/[0mjakarta/annotation/jakarta.annotation-api/2.1.1/jakarta.annotation-api-2.1.1.pom
Progress (1): 4.1 kBProgress (1): 8.2 kBProgress (1): 12 kB Progress (1): 16 kB                   Downloaded[90m from [0mcentral[90m: https://repo.maven.apache.org/maven2/[0mjakarta/annotation/jakarta.annotation-api/2.1.1/jakarta.annotation-api-2.1.1.pom[90m (16 kB at 268 kB/s)[0m
[90mDownloading from [0mcentral[90m: https://repo.maven.apache.org/maven2/[0morg/eclipse/ee4j/project/1.0.7/project-1.0.7.pom
Progress (1): 4.1 kBProgress (1): 8.2 kBProgress (1): 12 kB Progress (1): 14 kB                   Downloaded[90m from [0mcentral[90m: https://repo.maven.apache.org/maven2/[0morg/eclipse/ee4j/project/1.0.7/project-1.0.7.pom[90m (14 kB at 244 kB/s)[0m
[90mDownloading from [0mcentral[90m: https://repo.maven.apache.org/maven2/[0morg/apache/aries/spifly/org.apache.aries.spifly.dynamic.bundle/1.3.7/org.apache.aries.spifly.dynamic.bundle-1.3.7.pom
Progress (1): 4.1 kBProgress (1): 4.8 kB                    Downloaded[90m from [0mcentral[90m: https://repo.maven.apache.org/maven2/[0morg/apache/aries/spifly/org.apache.aries.spifly.dynamic.bundle/1.3.7/org.apache.aries.spifly.dynamic.bundle-1.3.7.pom[90m (4.8 kB at 62 kB/s)[0m
[90mDownloading from [0mcentral[90m: https://repo.maven.apache.org/maven2/[0morg/ow2/asm/asm-commons/9.6/asm-commons-9.6.pom
Progress (1): 2.8 kB                    Downloaded[90m from [0mcentral[90m: https://repo.maven.apache.org/maven2/[0morg/ow2/asm/asm-commons/9.6/asm-commons-9.6.pom[90m (2.8 kB at 48 kB/s)[0m
[90mDownloading from [0mcentral[90m: https://repo.maven.apache.org/maven2/[0morg/ow2/asm/asm-commons/9.7/asm-commons-9.7.pom
Progress (1): 2.8 kB                    Downloaded[90m from [0mcentral[90m: https://repo.maven.apache.org/maven2/[0morg/ow2/asm/asm-commons/9.7/asm-commons-9.7.pom[90m (2.8 kB at 44 kB/s)[0m
[90mDownloading from [0mcentral[90m: https://repo.maven.apache.org/maven2/[0morg/ow2/asm/asm-tree/9.7/asm-tree-9.7.pom
Progress (1): 2.6 kB                    Downloaded[90m from [0mcentral[90m: https://repo.maven.apache.org/maven2/[0morg/ow2/asm/asm-tree/9.7/asm-tree-9.7.pom[90m (2.6 kB at 46 kB/s)[0m
[90mDownloading from [0mcentral[90m: https://repo.maven.apache.org/maven2/[0morg/ow2/asm/asm-util/9.7/asm-util-9.7.pom
Progress (1): 2.9 kB                    Downloaded[90m from [0mcentral[90m: https://repo.maven.apache.org/maven2/[0morg/ow2/asm/asm-util/9.7/asm-util-9.7.pom[90m (2.9 kB at 48 kB/s)[0m
[90mDownloading from [0mcentral[90m: https://repo.maven.apache.org/maven2/[0morg/ow2/asm/asm-analysis/9.7/asm-analysis-9.7.pom
Progress (1): 2.6 kB                    Downloaded[90m from [0mcentral[90m: https://repo.maven.apache.org/maven2/[0morg/ow2/asm/asm-analysis/9.7/asm-analysis-9.7.pom[90m (2.6 kB at 48 kB/s)[0m
[90mDownloading from [0mcentral[90m: https://repo.maven.apache.org/maven2/[0morg/apache/xmlgraphics/batik-constants/1.17/batik-constants-1.17.pom
Progress (1): 2.4 kB                    Downloaded[90m from [0mcentral[90m: https://repo.maven.apache.org/maven2/[0morg/apache/xmlgraphics/batik-constants/1.17/batik-constants-1.17.pom[90m (2.4 kB at 38 kB/s)[0m
[90mDownloading from [0mcentral[90m: https://repo.maven.apache.org/maven2/[0morg/apache/xmlgraphics/batik/1.17/batik-1.17.pom
Progress (1): 4.1 kBProgress (1): 7.6 kB                    Downloaded[90m from [0mcentral[90m: https://repo.maven.apache.org/maven2/[0morg/apache/xmlgraphics/batik/1.17/batik-1.17.pom[90m (7.6 kB at 115 kB/s)[0m
[90mDownloading from [0mcentral[90m: https://repo.maven.apache.org/maven2/[0morg/apache/xmlgraphics/batik-shared-resources/1.17/batik-shared-resources-1.17.pom
Progress (1): 1.7 kB                    Downloaded[90m from [0mcentral[90m: https://repo.maven.apache.org/maven2/[0morg/apache/xmlgraphics/batik-shared-resources/1.17/batik-shared-resources-1.17.pom[90m (1.7 kB at 24 kB/s)[0m
[90mDownloading from [0mcentral[90m: https://repo.maven.apache.org/maven2/[0morg/apache/xmlgraphics/batik-css/1.17/batik-css-1.17.pom
Progress (1): 2.9 kB                    Downloaded[90m from [0mcentral[90m: https://repo.maven.apache.org/maven2/[0morg/apache/xmlgraphics/batik-css/1.17/batik-css-1.17.pom[90m (2.9 kB at 43 kB/s)[0m
[90mDownloading from [0mcentral[90m: https://repo.maven.apache.org/maven2/[0morg/apache/xmlgraphics/batik-util/1.17/batik-util-1.17.pom
Progress (1): 3.9 kB                    Downloaded[90m from [0mcentral[90m: https://repo.maven.apache.org/maven2/[0morg/apache/xmlgraphics/batik-util/1.17/batik-util-1.17.pom[90m (3.9 kB at 60 kB/s)[0m
[90mDownloading from [0mcentral[90m: https://repo.maven.apache.org/maven2/[0morg/apache/xmlgraphics/batik-i18n/1.17/batik-i18n-1.17.pom
Progress (1): 2.4 kB                    Downloaded[90m from [0mcentral[90m: https://repo.maven.apache.org/maven2/[0morg/apache/xmlgraphics/batik-i18n/1.17/batik-i18n-1.17.pom[90m (2.4 kB at 36 kB/s)[0m
[90mDownloading from [0mcentral[90m: https://repo.maven.apache.org/maven2/[0morg/apache/xmlgraphics/xmlgraphics-commons/2.9/xmlgraphics-commons-2.9.pom
Progress (1): 3.5 kB                    Downloaded[90m from [0mcentral[90m: https://repo.maven.apache.org/maven2/[0morg/apache/xmlgraphics/xmlgraphics-commons/2.9/xmlgraphics-commons-2.9.pom[90m (3.5 kB at 59 kB/s)[0m
[90mDownloading from [0mcentral[90m: https://repo.maven.apache.org/maven2/[0mxml-apis/xml-apis-ext/1.3.04/xml-apis-ext-1.3.04.pom
Progress (1): 1.8 kB                    Downloaded[90m from [0mcentral[90m: https://repo.maven.apache.org/maven2/[0mxml-apis/xml-apis-ext/1.3.04/xml-apis-ext-1.3.04.pom[90m (1.8 kB at 24 kB/s)[0m
[90mDownloading from [0mcentral[90m: https://repo.maven.apache.org/maven2/[0mcommons-beanutils/commons-beanutils/1.9.4/commons-beanutils-1.9.4.pom
Progress (1): 4.1 kBProgress (1): 8.2 kBProgress (1): 12 kB Progress (1): 16 kBProgress (1): 18 kB                   Downloaded[90m from [0mcentral[90m: https://repo.maven.apache.org/maven2/[0mcommons-beanutils/commons-beanutils/1.9.4/commons-beanutils-1.9.4.pom[90m (18 kB at 286 kB/s)[0m
[90mDownloading from [0mcentral[90m: https://repo.maven.apache.org/maven2/[0mcommons-jxpath/commons-jxpath/1.3/commons-jxpath-1.3.pom
Progress (1): 4.1 kBProgress (1): 8.2 kBProgress (1): 9.2 kB                    Downloaded[90m from [0mcentral[90m: https://repo.maven.apache.org/maven2/[0mcommons-jxpath/commons-jxpath/1.3/commons-jxpath-1.3.pom[90m (9.2 kB at 150 kB/s)[0m
[90mDownloading from [0mcentral[90m: https://repo.maven.apache.org/maven2/[0morg/eclipse/jetty/toolchain/jetty-servlet-api/4.0.6/jetty-servlet-api-4.0.6.pom
Progress (1): 4.1 kBProgress (1): 8.2 kBProgress (1): 9.7 kB                    Downloaded[90m from [0mcentral[90m: https://repo.maven.apache.org/maven2/[0morg/eclipse/jetty/toolchain/jetty-servlet-api/4.0.6/jetty-servlet-api-4.0.6.pom[90m (9.7 kB at 115 kB/s)[0m
[90mDownloading from [0mcentral[90m: https://repo.maven.apache.org/maven2/[0morg/eclipse/jetty/toolchain/jetty-toolchain/1.7/jetty-toolchain-1.7.pom
Progress (1): 4.1 kBProgress (1): 8.2 kBProgress (1): 12 kB Progress (1): 16 kBProgress (1): 17 kB                   Downloaded[90m from [0mcentral[90m: https://repo.maven.apache.org/maven2/[0morg/eclipse/jetty/toolchain/jetty-toolchain/1.7/jetty-toolchain-1.7.pom[90m (17 kB at 146 kB/s)[0m
[90mDownloading from [0mcentral[90m: https://repo.maven.apache.org/maven2/[0morg/mortbay/jasper/apache-jsp/9.0.90/apache-jsp-9.0.90.pom
Progress (1): 4.1 kBProgress (1): 8.2 kBProgress (1): 12 kB Progress (1): 16 kBProgress (1): 17 kB                   Downloaded[90m from [0mcentral[90m: https://repo.maven.apache.org/maven2/[0morg/mortbay/jasper/apache-jsp/9.0.90/apache-jsp-9.0.90.pom[90m (17 kB at 163 kB/s)[0m
[90mDownloading from [0mcentral[90m: https://repo.maven.apache.org/maven2/[0morg/mortbay/jasper/jasper-jsp/9.0.90/jasper-jsp-9.0.90.pom
Progress (1): 4.1 kBProgress (1): 5.9 kB                    Downloaded[90m from [0mcentral[90m: https://repo.maven.apache.org/maven2/[0morg/mortbay/jasper/jasper-jsp/9.0.90/jasper-jsp-9.0.90.pom[90m (5.9 kB at 66 kB/s)[0m
[90mDownloading from [0mcentral[90m: https://repo.maven.apache.org/maven2/[0morg/eclipse/jetty/jetty-parent/26/jetty-parent-26.pom
Progress (1): 4.1 kBProgress (1): 8.2 kBProgress (1): 12 kB Progress (1): 16 kBProgress (1): 20 kB                   Downloaded[90m from [0mcentral[90m: https://repo.maven.apache.org/maven2/[0morg/eclipse/jetty/jetty-parent/26/jetty-parent-26.pom[90m (20 kB at 295 kB/s)[0m
[90mDownloading from [0mcentral[90m: https://repo.maven.apache.org/maven2/[0morg/eclipse/jetty/toolchain/jetty-schemas/5.2/jetty-schemas-5.2.pom
Progress (1): 4.1 kBProgress (1): 6.1 kB                    Downloaded[90m from [0mcentral[90m: https://repo.maven.apache.org/maven2/[0morg/eclipse/jetty/toolchain/jetty-schemas/5.2/jetty-schemas-5.2.pom[90m (6.1 kB at 76 kB/s)[0m
[90mDownloading from [0mcentral[90m: https://repo.maven.apache.org/maven2/[0morg/eclipse/jetty/toolchain/jetty-toolchain/1.6/jetty-toolchain-1.6.pom
Progress (1): 4.1 kBProgress (1): 8.2 kBProgress (1): 12 kB Progress (1): 16 kBProgress (1): 17 kB                   Downloaded[90m from [0mcentral[90m: https://repo.maven.apache.org/maven2/[0morg/eclipse/jetty/toolchain/jetty-toolchain/1.6/jetty-toolchain-1.6.pom[90m (17 kB at 266 kB/s)[0m
[90mDownloading from [0mcentral[90m: https://repo.maven.apache.org/maven2/[0morg/mortbay/jasper/apache-el/9.0.90/apache-el-9.0.90.pom
Progress (1): 4.1 kBProgress (1): 7.8 kB                    Downloaded[90m from [0mcentral[90m: https://repo.maven.apache.org/maven2/[0morg/mortbay/jasper/apache-el/9.0.90/apache-el-9.0.90.pom[90m (7.8 kB at 81 kB/s)[0m
[90mDownloading from [0mcentral[90m: https://repo.maven.apache.org/maven2/[0morg/jdom/jdom/1.1.3/jdom-1.1.3.pom
Progress (1): 1.8 kB                    Downloaded[90m from [0mcentral[90m: https://repo.maven.apache.org/maven2/[0morg/jdom/jdom/1.1.3/jdom-1.1.3.pom[90m (1.8 kB at 29 kB/s)[0m
[90mDownloading from [0mcentral[90m: https://repo.maven.apache.org/maven2/[0mnet/java/dev/jna/jna/5.14.0/jna-5.14.0.jar
Progress (1): 0/1.9 MBProgress (1): 0/1.9 MBProgress (1): 0/1.9 MBProgress (1): 0/1.9 MBProgress (1): 0/1.9 MBProgress (1): 0.1/1.9 MBProgress (1): 0.1/1.9 MBProgress (1): 0.1/1.9 MBProgress (1): 0.1/1.9 MBProgress (1): 0.1/1.9 MBProgress (1): 0.1/1.9 MBProgress (1): 0.1/1.9 MBProgress (1): 0.1/1.9 MBProgress (1): 0.1/1.9 MBProgress (1): 0.1/1.9 MBProgress (1): 0.1/1.9 MBProgress (1): 0.2/1.9 MBProgress (1): 0.2/1.9 MBProgress (1): 0.2/1.9 MBProgress (1): 0.2/1.9 MBProgress (1): 0.2/1.9 MBProgress (1): 0.2/1.9 MBProgress (1): 0.2/1.9 MBProgress (1): 0.2/1.9 MBProgress (1): 0.2/1.9 MBProgress (1): 0.2/1.9 MBProgress (1): 0.2/1.9 MBProgress (1): 0.2/1.9 MBProgress (1): 0.2/1.9 MBProgress (1): 0.3/1.9 MBProgress (1): 0.3/1.9 MBProgress (1): 0.3/1.9 MBProgress (1): 0.3/1.9 MBProgress (1): 0.3/1.9 MBProgress (1): 0.3/1.9 MBProgress (1): 0.3/1.9 MBProgress (1): 0.3/1.9 MBProgress (1): 0.3/1.9 MBProgress (1): 0.3/1.9 MBProgress (1): 0.3/1.9 MBProgress (1): 0.4/1.9 MBProgress (1): 0.4/1.9 MBProgress (1): 0.4/1.9 MBProgress (1): 0.4/1.9 MBProgress (1): 0.4/1.9 MBProgress (1): 0.4/1.9 MBProgress (1): 0.4/1.9 MBProgress (1): 0.4/1.9 MBProgress (1): 0.4/1.9 MBProgress (1): 0.4/1.9 MBProgress (1): 0.4/1.9 MBProgress (1): 0.4/1.9 MBProgress (1): 0.4/1.9 MBProgress (1): 0.5/1.9 MBProgress (1): 0.5/1.9 MBProgress (1): 0.5/1.9 MBProgress (1): 0.5/1.9 MBProgress (1): 0.5/1.9 MBProgress (1): 0.5/1.9 MBProgress (1): 0.5/1.9 MBProgress (1): 0.5/1.9 MBProgress (1): 0.5/1.9 MBProgress (1): 0.5/1.9 MBProgress (1): 0.5/1.9 MBProgress (1): 0.5/1.9 MBProgress (1): 0.6/1.9 MBProgress (1): 0.6/1.9 MBProgress (1): 0.6/1.9 MBProgress (1): 0.6/1.9 MBProgress (1): 0.6/1.9 MBProgress (1): 0.6/1.9 MBProgress (1): 0.6/1.9 MBProgress (1): 0.6/1.9 MBProgress (1): 0.6/1.9 MBProgress (1): 0.6/1.9 MBProgress (1): 0.6/1.9 MBProgress (1): 0.6/1.9 MBProgress (1): 0.7/1.9 MBProgress (1): 0.7/1.9 MBProgress (1): 0.7/1.9 MBProgress (1): 0.7/1.9 MBProgress (1): 0.7/1.9 MBProgress (1): 0.7/1.9 MBProgress (1): 0.7/1.9 MBProgress (1): 0.7/1.9 MBProgress (1): 0.7/1.9 MBProgress (1): 0.7/1.9 MBProgress (1): 0.7/1.9 MBProgress (1): 0.7/1.9 MBProgress (1): 0.8/1.9 MBProgress (1): 0.8/1.9 MBProgress (1): 0.8/1.9 MBProgress (1): 0.8/1.9 MBProgress (1): 0.8/1.9 MBProgress (1): 0.8/1.9 MBProgress (1): 0.8/1.9 MBProgress (1): 0.8/1.9 MBProgress (1): 0.8/1.9 MBProgress (1): 0.8/1.9 MBProgress (1): 0.8/1.9 MBProgress (1): 0.8/1.9 MBProgress (1): 0.9/1.9 MBProgress (1): 0.9/1.9 MBProgress (1): 0.9/1.9 MBProgress (1): 0.9/1.9 MBProgress (1): 0.9/1.9 MBProgress (1): 0.9/1.9 MBProgress (1): 0.9/1.9 MBProgress (1): 0.9/1.9 MBProgress (1): 0.9/1.9 MBProgress (1): 0.9/1.9 MBProgress (1): 0.9/1.9 MBProgress (1): 0.9/1.9 MBProgress (1): 0.9/1.9 MBProgress (1): 1.0/1.9 MBProgress (1): 1.0/1.9 MBProgress (1): 1.0/1.9 MBProgress (1): 1.0/1.9 MBProgress (1): 1.0/1.9 MBProgress (1): 1.0/1.9 MBProgress (1): 1.0/1.9 MBProgress (1): 1.0/1.9 MBProgress (1): 1.0/1.9 MBProgress (1): 1.0/1.9 MBProgress (1): 1.0/1.9 MBProgress (1): 1.0/1.9 MBProgress (1): 1.1/1.9 MBProgress (1): 1.1/1.9 MBProgress (1): 1.1/1.9 MBProgress (1): 1.1/1.9 MBProgress (1): 1.1/1.9 MBProgress (1): 1.1/1.9 MBProgress (1): 1.1/1.9 MBProgress (1): 1.1/1.9 MBProgress (1): 1.1/1.9 MBProgress (1): 1.1/1.9 MBProgress (1): 1.1/1.9 MBProgress (1): 1.1/1.9 MBProgress (1): 1.2/1.9 MBProgress (1): 1.2/1.9 MBProgress (1): 1.2/1.9 MBProgress (1): 1.2/1.9 MBProgress (1): 1.2/1.9 MBProgress (1): 1.2/1.9 MBProgress (1): 1.2/1.9 MBProgress (1): 1.2/1.9 MBProgress (1): 1.2/1.9 MBProgress (1): 1.2/1.9 MBProgress (1): 1.2/1.9 MBProgress (1): 1.2/1.9 MBProgress (1): 1.3/1.9 MBProgress (1): 1.3/1.9 MBProgress (1): 1.3/1.9 MBProgress (1): 1.3/1.9 MBProgress (1): 1.3/1.9 MBProgress (1): 1.3/1.9 MBProgress (1): 1.3/1.9 MBProgress (1): 1.3/1.9 MBProgress (1): 1.3/1.9 MBProgress (1): 1.3/1.9 MBProgress (1): 1.3/1.9 MBProgress (1): 1.3/1.9 MBProgress (1): 1.4/1.9 MBProgress (1): 1.4/1.9 MBProgress (1): 1.4/1.9 MBProgress (1): 1.4/1.9 MBProgress (1): 1.4/1.9 MBProgress (1): 1.4/1.9 MBProgress (1): 1.4/1.9 MBProgress (1): 1.4/1.9 MBProgress (1): 1.4/1.9 MBProgress (1): 1.4/1.9 MBProgress (1): 1.4/1.9 MBProgress (1): 1.4/1.9 MBProgress (1): 1.5/1.9 MBProgress (1): 1.5/1.9 MBProgress (1): 1.5/1.9 MBProgress (1): 1.5/1.9 MBProgress (1): 1.5/1.9 MBProgress (1): 1.5/1.9 MBProgress (1): 1.5/1.9 MBProgress (1): 1.5/1.9 MBProgress (1): 1.5/1.9 MBProgress (1): 1.5/1.9 MBProgress (1): 1.5/1.9 MBProgress (1): 1.5/1.9 MBProgress (1): 1.6/1.9 MBProgress (1): 1.6/1.9 MBProgress (1): 1.6/1.9 MBProgress (1): 1.6/1.9 MBProgress (1): 1.6/1.9 MBProgress (1): 1.6/1.9 MBProgress (1): 1.6/1.9 MBProgress (1): 1.6/1.9 MBProgress (1): 1.6/1.9 MBProgress (1): 1.6/1.9 MBProgress (1): 1.6/1.9 MBProgress (1): 1.6/1.9 MBProgress (1): 1.6/1.9 MBProgress (1): 1.7/1.9 MBProgress (1): 1.7/1.9 MBProgress (1): 1.7/1.9 MBProgress (1): 1.7/1.9 MBProgress (1): 1.7/1.9 MBProgress (1): 1.7/1.9 MBProgress (1): 1.7/1.9 MBProgress (1): 1.7/1.9 MBProgress (1): 1.7/1.9 MBProgress (1): 1.7/1.9 MBProgress (1): 1.7/1.9 MBProgress (1): 1.7/1.9 MBProgress (1): 1.8/1.9 MBProgress (1): 1.8/1.9 MBProgress (1): 1.8/1.9 MBProgress (1): 1.8/1.9 MBProgress (1): 1.8/1.9 MBProgress (1): 1.8/1.9 MBProgress (1): 1.8/1.9 MBProgress (1): 1.8/1.9 MBProgress (1): 1.8/1.9 MBProgress (1): 1.8/1.9 MBProgress (1): 1.8/1.9 MBProgress (1): 1.8/1.9 MBProgress (1): 1.9/1.9 MBProgress (1): 1.9/1.9 MBProgress (1): 1.9/1.9 MBProgress (1): 1.9 MB                        Downloaded[90m from [0mcentral[90m: https://repo.maven.apache.org/maven2/[0mnet/java/dev/jna/jna/5.14.0/jna-5.14.0.jar[90m (1.9 MB at 21 MB/s)[0m
[90mDownloading from [0mcentral[90m: https://repo.maven.apache.org/maven2/[0morg/apache/xmlgraphics/batik-shared-resources/1.17/batik-shared-resources-1.17.jar
[90mDownloading from [0mcentral[90m: https://repo.maven.apache.org/maven2/[0mxml-apis/xml-apis-ext/1.3.04/xml-apis-ext-1.3.04.jar
[90mDownloading from [0mcentral[90m: https://repo.maven.apache.org/maven2/[0morg/eclipse/jetty/toolchain/jetty-schemas/5.2/jetty-schemas-5.2.jar
Progress (1): 4.1/6.7 kBProgress (1): 6.7 kB                        Downloaded[90m from [0mcentral[90m: https://repo.maven.apache.org/maven2/[0morg/apache/xmlgraphics/batik-shared-resources/1.17/batik-shared-resources-1.17.jar[90m (6.7 kB at 89 kB/s)[0m
Progress (1): 2.3/86 kBProgress (1): 5.0/86 kBProgress (1): 7.7/86 kBProgress (1): 10/86 kB Progress (1): 13/86 kBProgress (1): 16/86 kBProgress (1): 18/86 kBProgress (1): 21/86 kBProgress (1): 24/86 kBProgress (1): 26/86 kBProgress (1): 29/86 kBProgress (1): 32/86 kBProgress (1): 35/86 kBProgress (1): 37/86 kBProgress (1): 40/86 kBProgress (2): 40/86 kB | 2.3/564 kBProgress (2): 40/86 kB | 5.0/564 kBProgress (2): 40/86 kB | 7.7/564 kBProgress (2): 40/86 kB | 10/564 kB Progress (2): 40/86 kB | 13/564 kBProgress (2): 40/86 kB | 15/564 kBProgress (2): 40/86 kB | 18/564 kBProgress (2): 40/86 kB | 21/564 kBProgress (2): 40/86 kB | 24/564 kBProgress (2): 40/86 kB | 26/564 kBProgress (2): 40/86 kB | 29/564 kBProgress (2): 40/86 kB | 32/564 kBProgress (2): 40/86 kB | 35/564 kBProgress (2): 40/86 kB | 37/564 kBProgress (2): 40/86 kB | 40/564 kBProgress (2): 43/86 kB | 40/564 kBProgress (2): 46/86 kB | 40/564 kBProgress (2): 48/86 kB | 40/564 kBProgress (2): 51/86 kB | 40/564 kBProgress (2): 54/86 kB | 40/564 kBProgress (2): 58/86 kB | 40/564 kBProgress (2): 62/86 kB | 40/564 kBProgress (2): 66/86 kB | 40/564 kBProgress (2): 70/86 kB | 40/564 kBProgress (2): 74/86 kB | 40/564 kBProgress (2): 74/86 kB | 43/564 kBProgress (2): 74/86 kB | 46/564 kBProgress (2): 74/86 kB | 48/564 kBProgress (2): 74/86 kB | 51/564 kBProgress (2): 74/86 kB | 54/564 kBProgress (2): 74/86 kB | 58/564 kBProgress (2): 74/86 kB | 62/564 kBProgress (2): 74/86 kB | 66/564 kBProgress (2): 74/86 kB | 70/564 kBProgress (2): 74/86 kB | 74/564 kBProgress (2): 74/86 kB | 78/564 kBProgress (2): 74/86 kB | 81/564 kBProgress (2): 78/86 kB | 81/564 kBProgress (2): 81/86 kB | 81/564 kBProgress (2): 85/86 kB | 81/564 kBProgress (2): 86 kB | 81/564 kB   Progress (2): 86 kB | 85/564 kBProgress (2): 86 kB | 89/564 kBProgress (2): 86 kB | 93/564 kBProgress (2): 86 kB | 97/564 kBProgress (2): 86 kB | 101/564 kBProgress (2): 86 kB | 105/564 kBProgress (2): 86 kB | 109/564 kBProgress (2): 86 kB | 113/564 kBProgress (2): 86 kB | 117/564 kBProgress (2): 86 kB | 122/564 kBProgress (2): 86 kB | 126/564 kBProgress (2): 86 kB | 129/564 kBProgress (2): 86 kB | 133/564 kBProgress (2): 86 kB | 137/564 kBProgress (2): 86 kB | 141/564 kBProgress (2): 86 kB | 145/564 kBProgress (2): 86 kB | 149/564 kBProgress (2): 86 kB | 154/564 kBProgress (2): 86 kB | 158/564 kBProgress (2): 86 kB | 162/564 kBProgress (2): 86 kB | 166/564 kBProgress (2): 86 kB | 170/564 kBProgress (2): 86 kB | 174/564 kBProgress (2): 86 kB | 178/564 kBProgress (2): 86 kB | 182/564 kBProgress (2): 86 kB | 186/564 kBProgress (2): 86 kB | 190/564 kBProgress (2): 86 kB | 195/564 kBProgress (2): 86 kB | 197/564 kBProgress (2): 86 kB | 201/564 kBProgress (2): 86 kB | 205/564 kBProgress (2): 86 kB | 209/564 kBProgress (2): 86 kB | 213/564 kBProgress (2): 86 kB | 217/564 kBProgress (2): 86 kB | 221/564 kBProgress (2): 86 kB | 225/564 kBProgress (2): 86 kB | 229/564 kBProgress (2): 86 kB | 234/564 kBProgress (2): 86 kB | 238/564 kBProgress (2): 86 kB | 242/564 kBProgress (2): 86 kB | 246/564 kBProgress (2): 86 kB | 250/564 kBProgress (2): 86 kB | 254/564 kBProgress (2): 86 kB | 258/564 kBProgress (2): 86 kB | 262/564 kBProgress (2): 86 kB | 266/564 kBProgress (2): 86 kB | 270/564 kBProgress (2): 86 kB | 274/564 kBProgress (2): 86 kB | 279/564 kBProgress (2): 86 kB | 283/564 kBProgress (2): 86 kB | 287/564 kBProgress (2): 86 kB | 291/564 kBProgress (2): 86 kB | 295/564 kBProgress (2): 86 kB | 299/564 kBProgress (2): 86 kB | 303/564 kBProgress (2): 86 kB | 307/564 kBProgress (2): 86 kB | 311/564 kBProgress (2): 86 kB | 315/564 kBProgress (2): 86 kB | 320/564 kBProgress (2): 86 kB | 324/564 kBProgress (2): 86 kB | 328/564 kBProgress (2): 86 kB | 332/564 kBProgress (2): 86 kB | 336/564 kBProgress (2): 86 kB | 340/564 kBProgress (2): 86 kB | 344/564 kBProgress (2): 86 kB | 348/564 kBProgress (2): 86 kB | 352/564 kBProgress (2): 86 kB | 356/564 kBProgress (2): 86 kB | 361/564 kBProgress (2): 86 kB | 365/564 kBProgress (2): 86 kB | 369/564 kBProgress (2): 86 kB | 373/564 kBProgress (2): 86 kB | 377/564 kBProgress (2): 86 kB | 381/564 kBProgress (2): 86 kB | 385/564 kBProgress (2): 86 kB | 389/564 kBProgress (2): 86 kB | 393/564 kBProgress (2): 86 kB | 397/564 kBProgress (2): 86 kB | 401/564 kBProgress (2): 86 kB | 406/564 kBProgress (2): 86 kB | 410/564 kBProgress (2): 86 kB | 414/564 kBProgress (2): 86 kB | 418/564 kBProgress (2): 86 kB | 422/564 kBProgress (2): 86 kB | 426/564 kBProgress (2): 86 kB | 430/564 kBProgress (2): 86 kB | 434/564 kBProgress (2): 86 kB | 438/564 kBProgress (2): 86 kB | 442/564 kBProgress (2): 86 kB | 447/564 kBProgress (2): 86 kB | 451/564 kBProgress (2): 86 kB | 455/564 kBProgress (2): 86 kB | 459/564 kBProgress (2): 86 kB | 463/564 kBProgress (2): 86 kB | 467/564 kBProgress (2): 86 kB | 471/564 kBProgress (2): 86 kB | 475/564 kBProgress (2): 86 kB | 479/564 kBProgress (2): 86 kB | 483/564 kBProgress (2): 86 kB | 487/564 kBProgress (2): 86 kB | 492/564 kBProgress (2): 86 kB | 496/564 kBProgress (2): 86 kB | 500/564 kBProgress (2): 86 kB | 504/564 kBProgress (2): 86 kB | 508/564 kBProgress (2): 86 kB | 512/564 kBProgress (2): 86 kB | 516/564 kBProgress (2): 86 kB | 520/564 kBProgress (2): 86 kB | 524/564 kBProgress (2): 86 kB | 528/564 kBProgress (2): 86 kB | 533/564 kBProgress (2): 86 kB | 537/564 kBProgress (2): 86 kB | 541/564 kBProgress (2): 86 kB | 545/564 kBProgress (2): 86 kB | 549/564 kBProgress (2): 86 kB | 553/564 kBProgress (2): 86 kB | 557/564 kBProgress (2): 86 kB | 561/564 kBProgress (2): 86 kB | 564 kB                                Downloaded[90m from [0mcentral[90m: https://repo.maven.apache.org/maven2/[0mxml-apis/xml-apis-ext/1.3.04/xml-apis-ext-1.3.04.jar[90m (86 kB at 680 kB/s)[0m
Downloaded[90m from [0mcentral[90m: https://repo.maven.apache.org/maven2/[0morg/eclipse/jetty/toolchain/jetty-schemas/5.2/jetty-schemas-5.2.jar[90m (564 kB at 3.9 MB/s)[0m
[[1;34mINFO[m] 
[[1;34mINFO[m] [1m--- [0;32mclean:3.2.0:clean[m [1m(default-clean)[m @ [36mturnus.bundle[0;1m ---[m
[[1;34mINFO[m] Deleting /home/endrix/git/dataflow/streamblocks/turnus/turnus.bundle/target
[[1;34mINFO[m] Deleting /home/endrix/git/dataflow/streamblocks/turnus/turnus.bundle/lib (includes = [*.jar], excludes = [])
[[1;34mINFO[m] 
[[1;34mINFO[m] [1m--- [0;32mclean:3.2.0:clean[m [1m(auto-clean)[m @ [36mturnus.bundle[0;1m ---[m
[[1;34mINFO[m] 
[[1;34mINFO[m] [1m--- [0;32mtycho-packaging:4.0.10:build-qualifier[m [1m(default-build-qualifier)[m @ [36mturnus.bundle[0;1m ---[m
[[1;34mINFO[m] The project's OSGi version is 1.0.0.202512221010
[[1;34mINFO[m] 
[[1;34mINFO[m] [1m--- [0;32mtycho-packaging:4.0.10:validate-id[m [1m(default-validate-id)[m @ [36mturnus.bundle[0;1m ---[m
[[1;34mINFO[m] 
[[1;34mINFO[m] [1m--- [0;32mtycho-packaging:4.0.10:validate-version[m [1m(default-validate-version)[m @ [36mturnus.bundle[0;1m ---[m
[[1;34mINFO[m] 
[[1;34mINFO[m] [1m--- [0;32mtarget-platform-configuration:4.0.10:target-platform[m [1m(default-target-platform)[m @ [36mturnus.bundle[0;1m ---[m
[[1;34mINFO[m] 
[[1;34mINFO[m] [1m--- [0;32mtycho-compiler:4.0.10:validate-classpath[m [1m(default-validate-classpath)[m @ [36mturnus.bundle[0;1m ---[m
[[1;34mINFO[m] Resolving class path of turnus.bundle
[[1;34mINFO[m] 
[[1;34mINFO[m] [1m--- [0;32mxtend:2.36.0:compile[m [1m(default)[m @ [36mturnus.bundle[0;1m ---[m
[[1;33mWARNING[m] Compilation of stubs had errors.
[[1;34mINFO[m] 
[[1;34mINFO[m] [1m--- [0;32mdependency:3.1.1:copy-dependencies[m [1m(copy-dependencies)[m @ [36mturnus.bundle[0;1m ---[m
[[1;34mINFO[m] Copying autolink-0.10.0.jar to /home/endrix/git/dataflow/streamblocks/turnus/turnus.bundle/lib/autolink-0.10.0.jar
[[1;34mINFO[m] Copying poi-5.2.3.jar to /home/endrix/git/dataflow/streamblocks/turnus/turnus.bundle/lib/poi-5.2.3.jar
[[1;34mINFO[m] Copying commons-codec-1.15.jar to /home/endrix/git/dataflow/streamblocks/turnus/turnus.bundle/lib/commons-codec-1.15.jar
[[1;34mINFO[m] Copying commons-collections4-4.4.jar to /home/endrix/git/dataflow/streamblocks/turnus/turnus.bundle/lib/commons-collections4-4.4.jar
[[1;34mINFO[m] Copying SparseBitSet-1.2.jar to /home/endrix/git/dataflow/streamblocks/turnus/turnus.bundle/lib/SparseBitSet-1.2.jar
[[1;34mINFO[m] Copying log4j-api-2.18.0.jar to /home/endrix/git/dataflow/streamblocks/turnus/turnus.bundle/lib/log4j-api-2.18.0.jar
[[1;34mINFO[m] Copying poi-ooxml-5.2.3.jar to /home/endrix/git/dataflow/streamblocks/turnus/turnus.bundle/lib/poi-ooxml-5.2.3.jar
[[1;34mINFO[m] Copying poi-ooxml-lite-5.2.3.jar to /home/endrix/git/dataflow/streamblocks/turnus/turnus.bundle/lib/poi-ooxml-lite-5.2.3.jar
[[1;34mINFO[m] Copying xmlbeans-5.1.1.jar to /home/endrix/git/dataflow/streamblocks/turnus/turnus.bundle/lib/xmlbeans-5.1.1.jar
[[1;34mINFO[m] Copying curvesapi-1.07.jar to /home/endrix/git/dataflow/streamblocks/turnus/turnus.bundle/lib/curvesapi-1.07.jar
[[1;34mINFO[m] Copying commons-cli-1.2.jar to /home/endrix/git/dataflow/streamblocks/turnus/turnus.bundle/lib/commons-cli-1.2.jar
[[1;34mINFO[m] Copying stax-utils-20070216.jar to /home/endrix/git/dataflow/streamblocks/turnus/turnus.bundle/lib/stax-utils-20070216.jar
[[1;34mINFO[m] Copying javax.json-1.1.4.jar to /home/endrix/git/dataflow/streamblocks/turnus/turnus.bundle/lib/javax.json-1.1.4.jar
[[1;34mINFO[m] Copying fastutil-7.0.6.jar to /home/endrix/git/dataflow/streamblocks/turnus/turnus.bundle/lib/fastutil-7.0.6.jar
[[1;34mINFO[m] Copying jsr305-3.0.2.jar to /home/endrix/git/dataflow/streamblocks/turnus/turnus.bundle/lib/jsr305-3.0.2.jar
[[1;34mINFO[m] Copying openhtmltopdf-core-1.0.10.jar to /home/endrix/git/dataflow/streamblocks/turnus/turnus.bundle/lib/openhtmltopdf-core-1.0.10.jar
[[1;34mINFO[m] Copying openhtmltopdf-pdfbox-1.0.10.jar to /home/endrix/git/dataflow/streamblocks/turnus/turnus.bundle/lib/openhtmltopdf-pdfbox-1.0.10.jar
[[1;34mINFO[m] Copying pdfbox-2.0.24.jar to /home/endrix/git/dataflow/streamblocks/turnus/turnus.bundle/lib/pdfbox-2.0.24.jar
[[1;34mINFO[m] Copying fontbox-2.0.24.jar to /home/endrix/git/dataflow/streamblocks/turnus/turnus.bundle/lib/fontbox-2.0.24.jar
[[1;34mINFO[m] Copying xmpbox-2.0.24.jar to /home/endrix/git/dataflow/streamblocks/turnus/turnus.bundle/lib/xmpbox-2.0.24.jar
[[1;34mINFO[m] Copying jsoup-1.14.3.jar to /home/endrix/git/dataflow/streamblocks/turnus/turnus.bundle/lib/jsoup-1.14.3.jar
[[1;34mINFO[m] Copying graphics2d-3.0.2.jar to /home/endrix/git/dataflow/streamblocks/turnus/turnus.bundle/lib/graphics2d-3.0.2.jar
[[1;34mINFO[m] Copying flexmark-all-0.64.0.jar to /home/endrix/git/dataflow/streamblocks/turnus/turnus.bundle/lib/flexmark-all-0.64.0.jar
[[1;34mINFO[m] Copying flexmark-0.64.0.jar to /home/endrix/git/dataflow/streamblocks/turnus/turnus.bundle/lib/flexmark-0.64.0.jar
[[1;34mINFO[m] Copying flexmark-ext-abbreviation-0.64.0.jar to /home/endrix/git/dataflow/streamblocks/turnus/turnus.bundle/lib/flexmark-ext-abbreviation-0.64.0.jar
[[1;34mINFO[m] Copying flexmark-util-0.64.0.jar to /home/endrix/git/dataflow/streamblocks/turnus/turnus.bundle/lib/flexmark-util-0.64.0.jar
[[1;34mINFO[m] Copying flexmark-ext-admonition-0.64.0.jar to /home/endrix/git/dataflow/streamblocks/turnus/turnus.bundle/lib/flexmark-ext-admonition-0.64.0.jar
[[1;34mINFO[m] Copying flexmark-ext-anchorlink-0.64.0.jar to /home/endrix/git/dataflow/streamblocks/turnus/turnus.bundle/lib/flexmark-ext-anchorlink-0.64.0.jar
[[1;34mINFO[m] Copying flexmark-ext-aside-0.64.0.jar to /home/endrix/git/dataflow/streamblocks/turnus/turnus.bundle/lib/flexmark-ext-aside-0.64.0.jar
[[1;34mINFO[m] Copying flexmark-ext-attributes-0.64.0.jar to /home/endrix/git/dataflow/streamblocks/turnus/turnus.bundle/lib/flexmark-ext-attributes-0.64.0.jar
[[1;34mINFO[m] Copying flexmark-ext-autolink-0.64.0.jar to /home/endrix/git/dataflow/streamblocks/turnus/turnus.bundle/lib/flexmark-ext-autolink-0.64.0.jar
[[1;34mINFO[m] Copying flexmark-ext-definition-0.64.0.jar to /home/endrix/git/dataflow/streamblocks/turnus/turnus.bundle/lib/flexmark-ext-definition-0.64.0.jar
[[1;34mINFO[m] Copying flexmark-ext-emoji-0.64.0.jar to /home/endrix/git/dataflow/streamblocks/turnus/turnus.bundle/lib/flexmark-ext-emoji-0.64.0.jar
[[1;34mINFO[m] Copying flexmark-ext-enumerated-reference-0.64.0.jar to /home/endrix/git/dataflow/streamblocks/turnus/turnus.bundle/lib/flexmark-ext-enumerated-reference-0.64.0.jar
[[1;34mINFO[m] Copying flexmark-ext-escaped-character-0.64.0.jar to /home/endrix/git/dataflow/streamblocks/turnus/turnus.bundle/lib/flexmark-ext-escaped-character-0.64.0.jar
[[1;34mINFO[m] Copying flexmark-ext-footnotes-0.64.0.jar to /home/endrix/git/dataflow/streamblocks/turnus/turnus.bundle/lib/flexmark-ext-footnotes-0.64.0.jar
[[1;34mINFO[m] Copying flexmark-ext-gfm-issues-0.64.0.jar to /home/endrix/git/dataflow/streamblocks/turnus/turnus.bundle/lib/flexmark-ext-gfm-issues-0.64.0.jar
[[1;34mINFO[m] Copying flexmark-ext-gfm-strikethrough-0.64.0.jar to /home/endrix/git/dataflow/streamblocks/turnus/turnus.bundle/lib/flexmark-ext-gfm-strikethrough-0.64.0.jar
[[1;34mINFO[m] Copying flexmark-ext-gfm-tasklist-0.64.0.jar to /home/endrix/git/dataflow/streamblocks/turnus/turnus.bundle/lib/flexmark-ext-gfm-tasklist-0.64.0.jar
[[1;34mINFO[m] Copying flexmark-ext-gfm-users-0.64.0.jar to /home/endrix/git/dataflow/streamblocks/turnus/turnus.bundle/lib/flexmark-ext-gfm-users-0.64.0.jar
[[1;34mINFO[m] Copying flexmark-ext-gitlab-0.64.0.jar to /home/endrix/git/dataflow/streamblocks/turnus/turnus.bundle/lib/flexmark-ext-gitlab-0.64.0.jar
[[1;34mINFO[m] Copying flexmark-ext-jekyll-front-matter-0.64.0.jar to /home/endrix/git/dataflow/streamblocks/turnus/turnus.bundle/lib/flexmark-ext-jekyll-front-matter-0.64.0.jar
[[1;34mINFO[m] Copying flexmark-ext-jekyll-tag-0.64.0.jar to /home/endrix/git/dataflow/streamblocks/turnus/turnus.bundle/lib/flexmark-ext-jekyll-tag-0.64.0.jar
[[1;34mINFO[m] Copying flexmark-ext-media-tags-0.64.0.jar to /home/endrix/git/dataflow/streamblocks/turnus/turnus.bundle/lib/flexmark-ext-media-tags-0.64.0.jar
[[1;34mINFO[m] Copying flexmark-ext-resizable-image-0.64.0.jar to /home/endrix/git/dataflow/streamblocks/turnus/turnus.bundle/lib/flexmark-ext-resizable-image-0.64.0.jar
[[1;34mINFO[m] Copying flexmark-ext-macros-0.64.0.jar to /home/endrix/git/dataflow/streamblocks/turnus/turnus.bundle/lib/flexmark-ext-macros-0.64.0.jar
[[1;34mINFO[m] Copying flexmark-ext-ins-0.64.0.jar to /home/endrix/git/dataflow/streamblocks/turnus/turnus.bundle/lib/flexmark-ext-ins-0.64.0.jar
[[1;34mINFO[m] Copying flexmark-ext-xwiki-macros-0.64.0.jar to /home/endrix/git/dataflow/streamblocks/turnus/turnus.bundle/lib/flexmark-ext-xwiki-macros-0.64.0.jar
[[1;34mINFO[m] Copying flexmark-ext-superscript-0.64.0.jar to /home/endrix/git/dataflow/streamblocks/turnus/turnus.bundle/lib/flexmark-ext-superscript-0.64.0.jar
[[1;34mINFO[m] Copying flexmark-ext-tables-0.64.0.jar to /home/endrix/git/dataflow/streamblocks/turnus/turnus.bundle/lib/flexmark-ext-tables-0.64.0.jar
[[1;34mINFO[m] Copying flexmark-ext-toc-0.64.0.jar to /home/endrix/git/dataflow/streamblocks/turnus/turnus.bundle/lib/flexmark-ext-toc-0.64.0.jar
[[1;34mINFO[m] Copying flexmark-ext-typographic-0.64.0.jar to /home/endrix/git/dataflow/streamblocks/turnus/turnus.bundle/lib/flexmark-ext-typographic-0.64.0.jar
[[1;34mINFO[m] Copying flexmark-ext-wikilink-0.64.0.jar to /home/endrix/git/dataflow/streamblocks/turnus/turnus.bundle/lib/flexmark-ext-wikilink-0.64.0.jar
[[1;34mINFO[m] Copying flexmark-ext-yaml-front-matter-0.64.0.jar to /home/endrix/git/dataflow/streamblocks/turnus/turnus.bundle/lib/flexmark-ext-yaml-front-matter-0.64.0.jar
[[1;34mINFO[m] Copying flexmark-ext-youtube-embedded-0.64.0.jar to /home/endrix/git/dataflow/streamblocks/turnus/turnus.bundle/lib/flexmark-ext-youtube-embedded-0.64.0.jar
[[1;34mINFO[m] Copying flexmark-html2md-converter-0.64.0.jar to /home/endrix/git/dataflow/streamblocks/turnus/turnus.bundle/lib/flexmark-html2md-converter-0.64.0.jar
[[1;34mINFO[m] Copying flexmark-jira-converter-0.64.0.jar to /home/endrix/git/dataflow/streamblocks/turnus/turnus.bundle/lib/flexmark-jira-converter-0.64.0.jar
[[1;34mINFO[m] Copying flexmark-pdf-converter-0.64.0.jar to /home/endrix/git/dataflow/streamblocks/turnus/turnus.bundle/lib/flexmark-pdf-converter-0.64.0.jar
[[1;34mINFO[m] Copying openhtmltopdf-rtl-support-1.0.10.jar to /home/endrix/git/dataflow/streamblocks/turnus/turnus.bundle/lib/openhtmltopdf-rtl-support-1.0.10.jar
[[1;34mINFO[m] Copying openhtmltopdf-jsoup-dom-converter-1.0.0.jar to /home/endrix/git/dataflow/streamblocks/turnus/turnus.bundle/lib/openhtmltopdf-jsoup-dom-converter-1.0.0.jar
[[1;34mINFO[m] Copying flexmark-profile-pegdown-0.64.0.jar to /home/endrix/git/dataflow/streamblocks/turnus/turnus.bundle/lib/flexmark-profile-pegdown-0.64.0.jar
[[1;34mINFO[m] Copying flexmark-util-ast-0.64.0.jar to /home/endrix/git/dataflow/streamblocks/turnus/turnus.bundle/lib/flexmark-util-ast-0.64.0.jar
[[1;34mINFO[m] Copying annotations-15.0.jar to /home/endrix/git/dataflow/streamblocks/turnus/turnus.bundle/lib/annotations-15.0.jar
[[1;34mINFO[m] Copying flexmark-util-builder-0.64.0.jar to /home/endrix/git/dataflow/streamblocks/turnus/turnus.bundle/lib/flexmark-util-builder-0.64.0.jar
[[1;34mINFO[m] Copying flexmark-util-collection-0.64.0.jar to /home/endrix/git/dataflow/streamblocks/turnus/turnus.bundle/lib/flexmark-util-collection-0.64.0.jar
[[1;34mINFO[m] Copying flexmark-util-data-0.64.0.jar to /home/endrix/git/dataflow/streamblocks/turnus/turnus.bundle/lib/flexmark-util-data-0.64.0.jar
[[1;34mINFO[m] Copying flexmark-util-dependency-0.64.0.jar to /home/endrix/git/dataflow/streamblocks/turnus/turnus.bundle/lib/flexmark-util-dependency-0.64.0.jar
[[1;34mINFO[m] Copying flexmark-util-format-0.64.0.jar to /home/endrix/git/dataflow/streamblocks/turnus/turnus.bundle/lib/flexmark-util-format-0.64.0.jar
[[1;34mINFO[m] Copying flexmark-util-html-0.64.0.jar to /home/endrix/git/dataflow/streamblocks/turnus/turnus.bundle/lib/flexmark-util-html-0.64.0.jar
[[1;34mINFO[m] Copying flexmark-util-misc-0.64.0.jar to /home/endrix/git/dataflow/streamblocks/turnus/turnus.bundle/lib/flexmark-util-misc-0.64.0.jar
[[1;34mINFO[m] Copying flexmark-util-options-0.64.0.jar to /home/endrix/git/dataflow/streamblocks/turnus/turnus.bundle/lib/flexmark-util-options-0.64.0.jar
[[1;34mINFO[m] Copying flexmark-util-sequence-0.64.0.jar to /home/endrix/git/dataflow/streamblocks/turnus/turnus.bundle/lib/flexmark-util-sequence-0.64.0.jar
[[1;34mINFO[m] Copying flexmark-util-visitor-0.64.0.jar to /home/endrix/git/dataflow/streamblocks/turnus/turnus.bundle/lib/flexmark-util-visitor-0.64.0.jar
[[1;34mINFO[m] Copying flexmark-youtrack-converter-0.64.0.jar to /home/endrix/git/dataflow/streamblocks/turnus/turnus.bundle/lib/flexmark-youtrack-converter-0.64.0.jar
[[1;34mINFO[m] Copying weka-stable-3.8.1.jar to /home/endrix/git/dataflow/streamblocks/turnus/turnus.bundle/lib/weka-stable-3.8.1.jar
[[1;34mINFO[m] Copying java-cup-11b-2015.03.26.jar to /home/endrix/git/dataflow/streamblocks/turnus/turnus.bundle/lib/java-cup-11b-2015.03.26.jar
[[1;34mINFO[m] Copying java-cup-11b-runtime-2015.03.26.jar to /home/endrix/git/dataflow/streamblocks/turnus/turnus.bundle/lib/java-cup-11b-runtime-2015.03.26.jar
[[1;34mINFO[m] Copying mtj-1.0.4.jar to /home/endrix/git/dataflow/streamblocks/turnus/turnus.bundle/lib/mtj-1.0.4.jar
[[1;34mINFO[m] Copying netlib-native_ref-osx-x86_64-1.1-natives.jar to /home/endrix/git/dataflow/streamblocks/turnus/turnus.bundle/lib/netlib-native_ref-osx-x86_64-1.1-natives.jar
[[1;34mINFO[m] Copying native_ref-java-1.1.jar to /home/endrix/git/dataflow/streamblocks/turnus/turnus.bundle/lib/native_ref-java-1.1.jar
[[1;34mINFO[m] Copying jniloader-1.1.jar to /home/endrix/git/dataflow/streamblocks/turnus/turnus.bundle/lib/jniloader-1.1.jar
[[1;34mINFO[m] Copying netlib-native_ref-linux-x86_64-1.1-natives.jar to /home/endrix/git/dataflow/streamblocks/turnus/turnus.bundle/lib/netlib-native_ref-linux-x86_64-1.1-natives.jar
[[1;34mINFO[m] Copying netlib-native_ref-linux-i686-1.1-natives.jar to /home/endrix/git/dataflow/streamblocks/turnus/turnus.bundle/lib/netlib-native_ref-linux-i686-1.1-natives.jar
[[1;34mINFO[m] Copying netlib-native_ref-win-x86_64-1.1-natives.jar to /home/endrix/git/dataflow/streamblocks/turnus/turnus.bundle/lib/netlib-native_ref-win-x86_64-1.1-natives.jar
[[1;34mINFO[m] Copying netlib-native_ref-win-i686-1.1-natives.jar to /home/endrix/git/dataflow/streamblocks/turnus/turnus.bundle/lib/netlib-native_ref-win-i686-1.1-natives.jar
[[1;34mINFO[m] Copying netlib-native_ref-linux-armhf-1.1-natives.jar to /home/endrix/git/dataflow/streamblocks/turnus/turnus.bundle/lib/netlib-native_ref-linux-armhf-1.1-natives.jar
[[1;34mINFO[m] Copying netlib-native_system-osx-x86_64-1.1-natives.jar to /home/endrix/git/dataflow/streamblocks/turnus/turnus.bundle/lib/netlib-native_system-osx-x86_64-1.1-natives.jar
[[1;34mINFO[m] Copying native_system-java-1.1.jar to /home/endrix/git/dataflow/streamblocks/turnus/turnus.bundle/lib/native_system-java-1.1.jar
[[1;34mINFO[m] Copying netlib-native_system-linux-x86_64-1.1-natives.jar to /home/endrix/git/dataflow/streamblocks/turnus/turnus.bundle/lib/netlib-native_system-linux-x86_64-1.1-natives.jar
[[1;34mINFO[m] Copying netlib-native_system-linux-i686-1.1-natives.jar to /home/endrix/git/dataflow/streamblocks/turnus/turnus.bundle/lib/netlib-native_system-linux-i686-1.1-natives.jar
[[1;34mINFO[m] Copying netlib-native_system-linux-armhf-1.1-natives.jar to /home/endrix/git/dataflow/streamblocks/turnus/turnus.bundle/lib/netlib-native_system-linux-armhf-1.1-natives.jar
[[1;34mINFO[m] Copying netlib-native_system-win-x86_64-1.1-natives.jar to /home/endrix/git/dataflow/streamblocks/turnus/turnus.bundle/lib/netlib-native_system-win-x86_64-1.1-natives.jar
[[1;34mINFO[m] Copying netlib-native_system-win-i686-1.1-natives.jar to /home/endrix/git/dataflow/streamblocks/turnus/turnus.bundle/lib/netlib-native_system-win-i686-1.1-natives.jar
[[1;34mINFO[m] Copying arpack_combined_all-0.1.jar to /home/endrix/git/dataflow/streamblocks/turnus/turnus.bundle/lib/arpack_combined_all-0.1.jar
[[1;34mINFO[m] Copying netlib-java-1.1.jar to /home/endrix/git/dataflow/streamblocks/turnus/turnus.bundle/lib/netlib-java-1.1.jar
[[1;34mINFO[m] Copying core-1.1.jar to /home/endrix/git/dataflow/streamblocks/turnus/turnus.bundle/lib/core-1.1.jar
[[1;34mINFO[m] Copying bounce-0.18.jar to /home/endrix/git/dataflow/streamblocks/turnus/turnus.bundle/lib/bounce-0.18.jar
[[1;34mINFO[m] Copying commons-compress-1.19.jar to /home/endrix/git/dataflow/streamblocks/turnus/turnus.bundle/lib/commons-compress-1.19.jar
[[1;34mINFO[m] Copying commons-math3-3.2.jar to /home/endrix/git/dataflow/streamblocks/turnus/turnus.bundle/lib/commons-math3-3.2.jar
[[1;34mINFO[m] Copying commons-lang3-3.10.jar to /home/endrix/git/dataflow/streamblocks/turnus/turnus.bundle/lib/commons-lang3-3.10.jar
[[1;34mINFO[m] Copying org.eclipse.osgi-3.18.100.jar to /home/endrix/git/dataflow/streamblocks/turnus/turnus.bundle/lib/org.eclipse.osgi-3.18.100.jar
[[1;34mINFO[m] Copying jgrapht-core-1.5.2.jar to /home/endrix/git/dataflow/streamblocks/turnus/turnus.bundle/lib/jgrapht-core-1.5.2.jar
[[1;34mINFO[m] Copying jheaps-0.14.jar to /home/endrix/git/dataflow/streamblocks/turnus/turnus.bundle/lib/jheaps-0.14.jar
[[1;34mINFO[m] Copying apfloat-1.10.1.jar to /home/endrix/git/dataflow/streamblocks/turnus/turnus.bundle/lib/apfloat-1.10.1.jar
[[1;34mINFO[m] Copying icu4j-75.1.jar to /home/endrix/git/dataflow/streamblocks/turnus/turnus.bundle/lib/icu4j-75.1.jar
[[1;34mINFO[m] Copying com.sun.jna-5.14.0.v20231211-1200.jar to /home/endrix/git/dataflow/streamblocks/turnus/turnus.bundle/lib/com.sun.jna-5.14.0.v20231211-1200.jar
[[1;34mINFO[m] Copying com.sun.jna.source-5.14.0.v20231211-1200.jar to /home/endrix/git/dataflow/streamblocks/turnus/turnus.bundle/lib/com.sun.jna.source-5.14.0.v20231211-1200.jar
[[1;34mINFO[m] Copying jna-platform-5.14.0.jar to /home/endrix/git/dataflow/streamblocks/turnus/turnus.bundle/lib/jna-platform-5.14.0.jar
[[1;34mINFO[m] Copying jna-5.14.0.jar to /home/endrix/git/dataflow/streamblocks/turnus/turnus.bundle/lib/jna-5.14.0.jar
[[1;34mINFO[m] Copying jakarta.annotation-api-2.1.1.jar to /home/endrix/git/dataflow/streamblocks/turnus/turnus.bundle/lib/jakarta.annotation-api-2.1.1.jar
[[1;34mINFO[m] Copying jakarta.inject-api-2.0.1.jar to /home/endrix/git/dataflow/streamblocks/turnus/turnus.bundle/lib/jakarta.inject-api-2.0.1.jar
[[1;34mINFO[m] Copying org.apache.aries.spifly.dynamic.bundle-1.3.7.jar to /home/endrix/git/dataflow/streamblocks/turnus/turnus.bundle/lib/org.apache.aries.spifly.dynamic.bundle-1.3.7.jar
[[1;34mINFO[m] Copying asm-9.7.jar to /home/endrix/git/dataflow/streamblocks/turnus/turnus.bundle/lib/asm-9.7.jar
[[1;34mINFO[m] Copying asm-commons-9.7.jar to /home/endrix/git/dataflow/streamblocks/turnus/turnus.bundle/lib/asm-commons-9.7.jar
[[1;34mINFO[m] Copying asm-util-9.7.jar to /home/endrix/git/dataflow/streamblocks/turnus/turnus.bundle/lib/asm-util-9.7.jar
[[1;34mINFO[m] Copying org.eclipse.osgi-3.21.0.v20240717-2103.jar to /home/endrix/git/dataflow/streamblocks/turnus/turnus.bundle/lib/org.eclipse.osgi-3.21.0.v20240717-2103.jar
[[1;34mINFO[m] Copying org.apache.batik.constants-1.17.0.v20231215-1130.jar to /home/endrix/git/dataflow/streamblocks/turnus/turnus.bundle/lib/org.apache.batik.constants-1.17.0.v20231215-1130.jar
[[1;34mINFO[m] Copying batik-constants-1.17.jar to /home/endrix/git/dataflow/streamblocks/turnus/turnus.bundle/lib/batik-constants-1.17.jar
[[1;34mINFO[m] Copying batik-shared-resources-1.17.jar to /home/endrix/git/dataflow/streamblocks/turnus/turnus.bundle/lib/batik-shared-resources-1.17.jar
[[1;34mINFO[m] Copying org.apache.batik.css-1.17.0.v20231215-1130.jar to /home/endrix/git/dataflow/streamblocks/turnus/turnus.bundle/lib/org.apache.batik.css-1.17.0.v20231215-1130.jar
[[1;34mINFO[m] Copying org.eclipse.orbit.xml-apis-ext-1.0.0.v20230923-0644.jar to /home/endrix/git/dataflow/streamblocks/turnus/turnus.bundle/lib/org.eclipse.orbit.xml-apis-ext-1.0.0.v20230923-0644.jar
[[1;34mINFO[m] Copying org.apache.xmlgraphics-2.9.0.v20230916-1600.jar to /home/endrix/git/dataflow/streamblocks/turnus/turnus.bundle/lib/org.apache.xmlgraphics-2.9.0.v20230916-1600.jar
[[1;34mINFO[m] Copying org.apache.batik.i18n-1.17.0.v20231215-1130.jar to /home/endrix/git/dataflow/streamblocks/turnus/turnus.bundle/lib/org.apache.batik.i18n-1.17.0.v20231215-1130.jar
[[1;34mINFO[m] Copying org.apache.batik.util-1.17.0.v20231215-1130.jar to /home/endrix/git/dataflow/streamblocks/turnus/turnus.bundle/lib/org.apache.batik.util-1.17.0.v20231215-1130.jar
[[1;34mINFO[m] Copying batik-css-1.17.jar to /home/endrix/git/dataflow/streamblocks/turnus/turnus.bundle/lib/batik-css-1.17.jar
[[1;34mINFO[m] Copying xml-apis-ext-1.3.04.jar to /home/endrix/git/dataflow/streamblocks/turnus/turnus.bundle/lib/xml-apis-ext-1.3.04.jar
[[1;34mINFO[m] Copying batik-i18n-1.17.jar to /home/endrix/git/dataflow/streamblocks/turnus/turnus.bundle/lib/batik-i18n-1.17.jar
[[1;34mINFO[m] Copying batik-util-1.17.jar to /home/endrix/git/dataflow/streamblocks/turnus/turnus.bundle/lib/batik-util-1.17.jar
[[1;34mINFO[m] Copying commons-beanutils-1.9.4.jar to /home/endrix/git/dataflow/streamblocks/turnus/turnus.bundle/lib/commons-beanutils-1.9.4.jar
[[1;34mINFO[m] Copying commons-collections-3.2.2.jar to /home/endrix/git/dataflow/streamblocks/turnus/turnus.bundle/lib/commons-collections-3.2.2.jar
[[1;34mINFO[m] Copying org.apache.commons.collections-3.2.2.v201511171945.jar to /home/endrix/git/dataflow/streamblocks/turnus/turnus.bundle/lib/org.apache.commons.collections-3.2.2.v201511171945.jar
[[1;34mINFO[m] Copying commons-logging-1.2.jar to /home/endrix/git/dataflow/streamblocks/turnus/turnus.bundle/lib/commons-logging-1.2.jar
[[1;34mINFO[m] Copying commons-io-2.16.1.jar to /home/endrix/git/dataflow/streamblocks/turnus/turnus.bundle/lib/commons-io-2.16.1.jar
[[1;34mINFO[m] Copying commons-jxpath-1.3.jar to /home/endrix/git/dataflow/streamblocks/turnus/turnus.bundle/lib/commons-jxpath-1.3.jar
[[1;34mINFO[m] Copying jetty-servlet-api-4.0.6.jar to /home/endrix/git/dataflow/streamblocks/turnus/turnus.bundle/lib/jetty-servlet-api-4.0.6.jar
[[1;34mINFO[m] Copying apache-jsp-9.0.90.jar to /home/endrix/git/dataflow/streamblocks/turnus/turnus.bundle/lib/apache-jsp-9.0.90.jar
[[1;34mINFO[m] Copying ecj-3.33.0.jar to /home/endrix/git/dataflow/streamblocks/turnus/turnus.bundle/lib/ecj-3.33.0.jar
[[1;34mINFO[m] Copying jetty-schemas-5.2.jar to /home/endrix/git/dataflow/streamblocks/turnus/turnus.bundle/lib/jetty-schemas-5.2.jar
[[1;34mINFO[m] Copying org.jdom-1.1.3.v20230812-1600.jar to /home/endrix/git/dataflow/streamblocks/turnus/turnus.bundle/lib/org.jdom-1.1.3.v20230812-1600.jar
[[1;34mINFO[m] Copying org.apache.felix.gogo.command-1.1.2.jar to /home/endrix/git/dataflow/streamblocks/turnus/turnus.bundle/lib/org.apache.felix.gogo.command-1.1.2.jar
[[1;34mINFO[m] Copying org.apache.felix.gogo.runtime-1.1.6.jar to /home/endrix/git/dataflow/streamblocks/turnus/turnus.bundle/lib/org.apache.felix.gogo.runtime-1.1.6.jar
[[1;34mINFO[m] Copying org.apache.felix.gogo.shell-1.1.4.jar to /home/endrix/git/dataflow/streamblocks/turnus/turnus.bundle/lib/org.apache.felix.gogo.shell-1.1.4.jar
[[1;34mINFO[m] Copying org.apache.felix.scr-2.2.12.jar to /home/endrix/git/dataflow/streamblocks/turnus/turnus.bundle/lib/org.apache.felix.scr-2.2.12.jar
[[1;34mINFO[m] Copying animal-sniffer-annotations-1.9.jar to /home/endrix/git/dataflow/streamblocks/turnus/turnus.bundle/lib/animal-sniffer-annotations-1.9.jar
[[1;34mINFO[m] Copying org.osgi.service.component-1.5.1.jar to /home/endrix/git/dataflow/streamblocks/turnus/turnus.bundle/lib/org.osgi.service.component-1.5.1.jar
[[1;34mINFO[m] Copying osgi.annotation-8.1.0.jar to /home/endrix/git/dataflow/streamblocks/turnus/turnus.bundle/lib/osgi.annotation-8.1.0.jar
[[1;34mINFO[m] Copying org.osgi.namespace.extender-1.0.1.jar to /home/endrix/git/dataflow/streamblocks/turnus/turnus.bundle/lib/org.osgi.namespace.extender-1.0.1.jar
[[1;34mINFO[m] Copying org.osgi.util.promise-1.3.0.jar to /home/endrix/git/dataflow/streamblocks/turnus/turnus.bundle/lib/org.osgi.util.promise-1.3.0.jar
[[1;34mINFO[m] Copying reload4j-1.2.25.jar to /home/endrix/git/dataflow/streamblocks/turnus/turnus.bundle/lib/reload4j-1.2.25.jar
[[1;34mINFO[m] Copying xmlgraphics-commons-2.9.jar to /home/endrix/git/dataflow/streamblocks/turnus/turnus.bundle/lib/xmlgraphics-commons-2.9.jar
[[1;34mINFO[m] Copying org.eclipse.core.commands-3.12.200.v20240627-1019.jar to /home/endrix/git/dataflow/streamblocks/turnus/turnus.bundle/lib/org.eclipse.core.commands-3.12.200.v20240627-1019.jar
[[1;34mINFO[m] Copying org.eclipse.equinox.common-3.19.100.v20240524-2011.jar to /home/endrix/git/dataflow/streamblocks/turnus/turnus.bundle/lib/org.eclipse.equinox.common-3.19.100.v20240524-2011.jar
[[1;34mINFO[m] Copying org.eclipse.core.commands.source-3.12.200.v20240627-1019.jar to /home/endrix/git/dataflow/streamblocks/turnus/turnus.bundle/lib/org.eclipse.core.commands.source-3.12.200.v20240627-1019.jar
[[1;34mINFO[m] Copying org.eclipse.core.contenttype-3.9.500.v20240708-0707.jar to /home/endrix/git/dataflow/streamblocks/turnus/turnus.bundle/lib/org.eclipse.core.contenttype-3.9.500.v20240708-0707.jar
[[1;34mINFO[m] Copying org.eclipse.equinox.preferences-3.11.100.v20240327-0645.jar to /home/endrix/git/dataflow/streamblocks/turnus/turnus.bundle/lib/org.eclipse.equinox.preferences-3.11.100.v20240327-0645.jar
[[1;34mINFO[m] Copying org.eclipse.equinox.registry-3.12.100.v20240524-2011.jar to /home/endrix/git/dataflow/streamblocks/turnus/turnus.bundle/lib/org.eclipse.equinox.registry-3.12.100.v20240524-2011.jar
[[1;34mINFO[m] Copying org.eclipse.core.contenttype.source-3.9.500.v20240708-0707.jar to /home/endrix/git/dataflow/streamblocks/turnus/turnus.bundle/lib/org.eclipse.core.contenttype.source-3.9.500.v20240708-0707.jar
[[1;34mINFO[m] Copying org.eclipse.core.databinding-1.13.300.v20240424-0444.jar to /home/endrix/git/dataflow/streamblocks/turnus/turnus.bundle/lib/org.eclipse.core.databinding-1.13.300.v20240424-0444.jar
[[1;34mINFO[m] Copying org.eclipse.core.databinding.observable-1.13.300.v20240424-0444.jar to /home/endrix/git/dataflow/streamblocks/turnus/turnus.bundle/lib/org.eclipse.core.databinding.observable-1.13.300.v20240424-0444.jar
[[1;34mINFO[m] Copying org.eclipse.core.databinding.property-1.10.300.v20240424-0444.jar to /home/endrix/git/dataflow/streamblocks/turnus/turnus.bundle/lib/org.eclipse.core.databinding.property-1.10.300.v20240424-0444.jar
[[1;34mINFO[m] Copying org.eclipse.core.databinding.source-1.13.300.v20240424-0444.jar to /home/endrix/git/dataflow/streamblocks/turnus/turnus.bundle/lib/org.eclipse.core.databinding.source-1.13.300.v20240424-0444.jar
[[1;34mINFO[m] Copying org.eclipse.core.databinding.beans-1.10.300.v20240321-1245.jar to /home/endrix/git/dataflow/streamblocks/turnus/turnus.bundle/lib/org.eclipse.core.databinding.beans-1.10.300.v20240321-1245.jar
[[1;34mINFO[m] Copying org.eclipse.core.databinding.beans.source-1.10.300.v20240321-1245.jar to /home/endrix/git/dataflow/streamblocks/turnus/turnus.bundle/lib/org.eclipse.core.databinding.beans.source-1.10.300.v20240321-1245.jar
[[1;34mINFO[m] Copying org.eclipse.core.databinding.observable.source-1.13.300.v20240424-0444.jar to /home/endrix/git/dataflow/streamblocks/turnus/turnus.bundle/lib/org.eclipse.core.databinding.observable.source-1.13.300.v20240424-0444.jar
[[1;34mINFO[m] Copying org.eclipse.core.databinding.property.source-1.10.300.v20240424-0444.jar to /home/endrix/git/dataflow/streamblocks/turnus/turnus.bundle/lib/org.eclipse.core.databinding.property.source-1.10.300.v20240424-0444.jar
[[1;34mINFO[m] Copying org.eclipse.core.expressions-3.9.400.v20240413-1529.jar to /home/endrix/git/dataflow/streamblocks/turnus/turnus.bundle/lib/org.eclipse.core.expressions-3.9.400.v20240413-1529.jar
[[1;34mINFO[m] Copying org.eclipse.core.runtime-3.31.100.v20240524-2010.jar to /home/endrix/git/dataflow/streamblocks/turnus/turnus.bundle/lib/org.eclipse.core.runtime-3.31.100.v20240524-2010.jar
[[1;34mINFO[m] Copying org.eclipse.core.expressions.source-3.9.400.v20240413-1529.jar to /home/endrix/git/dataflow/streamblocks/turnus/turnus.bundle/lib/org.eclipse.core.expressions.source-3.9.400.v20240413-1529.jar
[[1;34mINFO[m] Copying org.eclipse.core.jobs-3.15.400.v20240619-0602.jar to /home/endrix/git/dataflow/streamblocks/turnus/turnus.bundle/lib/org.eclipse.core.jobs-3.15.400.v20240619-0602.jar
[[1;34mINFO[m] Copying org.eclipse.core.jobs.source-3.15.400.v20240619-0602.jar to /home/endrix/git/dataflow/streamblocks/turnus/turnus.bundle/lib/org.eclipse.core.jobs.source-3.15.400.v20240619-0602.jar
[[1;34mINFO[m] Copying org.eclipse.equinox.app-1.7.200.v20240722-2103.jar to /home/endrix/git/dataflow/streamblocks/turnus/turnus.bundle/lib/org.eclipse.equinox.app-1.7.200.v20240722-2103.jar
[[1;34mINFO[m] Copying org.eclipse.core.runtime.source-3.31.100.v20240524-2010.jar to /home/endrix/git/dataflow/streamblocks/turnus/turnus.bundle/lib/org.eclipse.core.runtime.source-3.31.100.v20240524-2010.jar
[[1;34mINFO[m] Copying org.eclipse.e4.core.commands-1.1.400.v20240424-0444.jar to /home/endrix/git/dataflow/streamblocks/turnus/turnus.bundle/lib/org.eclipse.e4.core.commands-1.1.400.v20240424-0444.jar
[[1;34mINFO[m] Copying org.eclipse.e4.core.di-1.9.500.v20240606-1236.jar to /home/endrix/git/dataflow/streamblocks/turnus/turnus.bundle/lib/org.eclipse.e4.core.di-1.9.500.v20240606-1236.jar
[[1;34mINFO[m] Copying org.eclipse.e4.core.contexts-1.12.600.v20240413-1529.jar to /home/endrix/git/dataflow/streamblocks/turnus/turnus.bundle/lib/org.eclipse.e4.core.contexts-1.12.600.v20240413-1529.jar
[[1;34mINFO[m] Copying org.eclipse.e4.core.services-2.4.400.v20240413-1529.jar to /home/endrix/git/dataflow/streamblocks/turnus/turnus.bundle/lib/org.eclipse.e4.core.services-2.4.400.v20240413-1529.jar
[[1;34mINFO[m] Copying org.eclipse.e4.core.commands.source-1.1.400.v20240424-0444.jar to /home/endrix/git/dataflow/streamblocks/turnus/turnus.bundle/lib/org.eclipse.e4.core.commands.source-1.1.400.v20240424-0444.jar
[[1;34mINFO[m] Copying org.osgi.service.event-1.4.1.jar to /home/endrix/git/dataflow/streamblocks/turnus/turnus.bundle/lib/org.osgi.service.event-1.4.1.jar
[[1;34mINFO[m] Copying org.osgi.namespace.implementation-1.0.0.jar to /home/endrix/git/dataflow/streamblocks/turnus/turnus.bundle/lib/org.osgi.namespace.implementation-1.0.0.jar
[[1;34mINFO[m] Copying org.eclipse.e4.core.contexts.source-1.12.600.v20240413-1529.jar to /home/endrix/git/dataflow/streamblocks/turnus/turnus.bundle/lib/org.eclipse.e4.core.contexts.source-1.12.600.v20240413-1529.jar
[[1;34mINFO[m] Copying org.eclipse.e4.core.di.annotations-1.8.400.v20240413-1529.jar to /home/endrix/git/dataflow/streamblocks/turnus/turnus.bundle/lib/org.eclipse.e4.core.di.annotations-1.8.400.v20240413-1529.jar
[[1;34mINFO[m] Copying org.eclipse.e4.core.di.source-1.9.500.v20240606-1236.jar to /home/endrix/git/dataflow/streamblocks/turnus/turnus.bundle/lib/org.eclipse.e4.core.di.source-1.9.500.v20240606-1236.jar
[[1;34mINFO[m] Copying org.eclipse.e4.core.di.annotations.source-1.8.400.v20240413-1529.jar to /home/endrix/git/dataflow/streamblocks/turnus/turnus.bundle/lib/org.eclipse.e4.core.di.annotations.source-1.8.400.v20240413-1529.jar
[[1;34mINFO[m] Copying org.eclipse.e4.core.di.extensions-0.18.300.v20240413-1529.jar to /home/endrix/git/dataflow/streamblocks/turnus/turnus.bundle/lib/org.eclipse.e4.core.di.extensions-0.18.300.v20240413-1529.jar
[[1;34mINFO[m] Copying org.eclipse.e4.core.di.extensions.source-0.18.300.v20240413-1529.jar to /home/endrix/git/dataflow/streamblocks/turnus/turnus.bundle/lib/org.eclipse.e4.core.di.extensions.source-0.18.300.v20240413-1529.jar
[[1;34mINFO[m] Copying org.eclipse.e4.core.di.extensions.supplier-0.17.500.v20240419-1233.jar to /home/endrix/git/dataflow/streamblocks/turnus/turnus.bundle/lib/org.eclipse.e4.core.di.extensions.supplier-0.17.500.v20240419-1233.jar
[[1;34mINFO[m] Copying org.osgi.service.prefs-1.1.2.jar to /home/endrix/git/dataflow/streamblocks/turnus/turnus.bundle/lib/org.osgi.service.prefs-1.1.2.jar
[[1;34mINFO[m] Copying org.eclipse.e4.core.di.extensions.supplier.source-0.17.500.v20240419-1233.jar to /home/endrix/git/dataflow/streamblocks/turnus/turnus.bundle/lib/org.eclipse.e4.core.di.extensions.supplier.source-0.17.500.v20240419-1233.jar
[[1;34mINFO[m] Copying org.eclipse.e4.core.services.source-2.4.400.v20240413-1529.jar to /home/endrix/git/dataflow/streamblocks/turnus/turnus.bundle/lib/org.eclipse.e4.core.services.source-2.4.400.v20240413-1529.jar
[[1;34mINFO[m] Copying org.eclipse.e4.emf.xpath-0.4.300.v20240321-1245.jar to /home/endrix/git/dataflow/streamblocks/turnus/turnus.bundle/lib/org.eclipse.e4.emf.xpath-0.4.300.v20240321-1245.jar
[[1;34mINFO[m] Copying org.eclipse.emf.ecore-2.37.0.v20240721-0802.jar to /home/endrix/git/dataflow/streamblocks/turnus/turnus.bundle/lib/org.eclipse.emf.ecore-2.37.0.v20240721-0802.jar
[[1;34mINFO[m] Copying org.eclipse.e4.emf.xpath.source-0.4.300.v20240321-1245.jar to /home/endrix/git/dataflow/streamblocks/turnus/turnus.bundle/lib/org.eclipse.e4.emf.xpath.source-0.4.300.v20240321-1245.jar
[[1;34mINFO[m] Copying org.eclipse.e4.ui.workbench.swt-0.17.500.v20240807-0911.jar to /home/endrix/git/dataflow/streamblocks/turnus/turnus.bundle/lib/org.eclipse.e4.ui.workbench.swt-0.17.500.v20240807-0911.jar
[[1;34mINFO[m] Copying org.eclipse.e4.ui.bindings-0.14.400.v20240321-1245.jar to /home/endrix/git/dataflow/streamblocks/turnus/turnus.bundle/lib/org.eclipse.e4.ui.bindings-0.14.400.v20240321-1245.jar
[[1;34mINFO[m] Copying org.eclipse.e4.ui.model.workbench-2.4.300.v20240321-1245.jar to /home/endrix/git/dataflow/streamblocks/turnus/turnus.bundle/lib/org.eclipse.e4.ui.model.workbench-2.4.300.v20240321-1245.jar
[[1;34mINFO[m] Copying org.eclipse.e4.ui.progress-0.4.600.v20240606-1020.jar to /home/endrix/git/dataflow/streamblocks/turnus/turnus.bundle/lib/org.eclipse.e4.ui.progress-0.4.600.v20240606-1020.jar
[[1;34mINFO[m] Copying org.eclipse.e4.ui.services-1.6.300.v20231201-1637.jar to /home/endrix/git/dataflow/streamblocks/turnus/turnus.bundle/lib/org.eclipse.e4.ui.services-1.6.300.v20231201-1637.jar
[[1;34mINFO[m] Copying org.eclipse.e4.ui.workbench.renderers.swt-0.16.500.v20240727-1037.jar to /home/endrix/git/dataflow/streamblocks/turnus/turnus.bundle/lib/org.eclipse.e4.ui.workbench.renderers.swt-0.16.500.v20240727-1037.jar
[[1;34mINFO[m] Copying org.eclipse.e4.ui.workbench-1.15.500.v20240730-1919.jar to /home/endrix/git/dataflow/streamblocks/turnus/turnus.bundle/lib/org.eclipse.e4.ui.workbench-1.15.500.v20240730-1919.jar
[[1;34mINFO[m] Copying org.eclipse.e4.ui.css.core-0.14.500.v20240606-0949.jar to /home/endrix/git/dataflow/streamblocks/turnus/turnus.bundle/lib/org.eclipse.e4.ui.css.core-0.14.500.v20240606-0949.jar
[[1;34mINFO[m] Copying org.eclipse.e4.ui.css.swt-0.15.400.v20240321-1245.jar to /home/endrix/git/dataflow/streamblocks/turnus/turnus.bundle/lib/org.eclipse.e4.ui.css.swt-0.15.400.v20240321-1245.jar
[[1;34mINFO[m] Copying org.eclipse.e4.ui.css.swt.theme-0.14.400.v20240424-0956.jar to /home/endrix/git/dataflow/streamblocks/turnus/turnus.bundle/lib/org.eclipse.e4.ui.css.swt.theme-0.14.400.v20240424-0956.jar
[[1;34mINFO[m] Copying org.eclipse.e4.ui.di-1.5.400.v20240321-1245.jar to /home/endrix/git/dataflow/streamblocks/turnus/turnus.bundle/lib/org.eclipse.e4.ui.di-1.5.400.v20240321-1245.jar
[[1;34mINFO[m] Copying org.eclipse.e4.ui.widgets-1.4.200.v20240801-0837.jar to /home/endrix/git/dataflow/streamblocks/turnus/turnus.bundle/lib/org.eclipse.e4.ui.widgets-1.4.200.v20240801-0837.jar
[[1;34mINFO[m] Copying org.eclipse.e4.ui.workbench.renderers.swt.cocoa-0.14.400.v20240525-0701.jar to /home/endrix/git/dataflow/streamblocks/turnus/turnus.bundle/lib/org.eclipse.e4.ui.workbench.renderers.swt.cocoa-0.14.400.v20240525-0701.jar
[[1;34mINFO[m] Copying org.eclipse.equinox.event-1.7.100.v20240321-1445.jar to /home/endrix/git/dataflow/streamblocks/turnus/turnus.bundle/lib/org.eclipse.equinox.event-1.7.100.v20240321-1445.jar
[[1;34mINFO[m] Copying org.eclipse.equinox.launcher-1.6.900.v20240613-2009.jar to /home/endrix/git/dataflow/streamblocks/turnus/turnus.bundle/lib/org.eclipse.equinox.launcher-1.6.900.v20240613-2009.jar
[[1;34mINFO[m] Copying org.eclipse.equinox.simpleconfigurator-1.5.300.v20240424-1301.jar to /home/endrix/git/dataflow/streamblocks/turnus/turnus.bundle/lib/org.eclipse.equinox.simpleconfigurator-1.5.300.v20240424-1301.jar
[[1;34mINFO[m] Copying org.eclipse.osgi.compatibility.state-1.2.1000.v20240213-1057.jar to /home/endrix/git/dataflow/streamblocks/turnus/turnus.bundle/lib/org.eclipse.osgi.compatibility.state-1.2.1000.v20240213-1057.jar
[[1;34mINFO[m] Copying org.eclipse.osgi.util-3.7.300.v20231104-1118.jar to /home/endrix/git/dataflow/streamblocks/turnus/turnus.bundle/lib/org.eclipse.osgi.util-3.7.300.v20231104-1118.jar
[[1;34mINFO[m] Copying org.eclipse.equinox.launcher.cocoa.macosx.x86_64-1.2.1100.v20240722-2106.jar to /home/endrix/git/dataflow/streamblocks/turnus/turnus.bundle/lib/org.eclipse.equinox.launcher.cocoa.macosx.x86_64-1.2.1100.v20240722-2106.jar
[[1;34mINFO[m] Copying org.eclipse.swt-3.127.0.v20240903-0618.jar to /home/endrix/git/dataflow/streamblocks/turnus/turnus.bundle/lib/org.eclipse.swt-3.127.0.v20240903-0618.jar
[[1;34mINFO[m] Copying org.eclipse.swt.cocoa.macosx.x86_64-3.127.0.v20240903-0618.jar to /home/endrix/git/dataflow/streamblocks/turnus/turnus.bundle/lib/org.eclipse.swt.cocoa.macosx.x86_64-3.127.0.v20240903-0618.jar
[[1;34mINFO[m] Copying org.eclipse.jface-3.35.0.v20240820-2045.jar to /home/endrix/git/dataflow/streamblocks/turnus/turnus.bundle/lib/org.eclipse.jface-3.35.0.v20240820-2045.jar
[[1;34mINFO[m] Copying org.eclipse.jface.databinding-1.15.300.v20240424-0444.jar to /home/endrix/git/dataflow/streamblocks/turnus/turnus.bundle/lib/org.eclipse.jface.databinding-1.15.300.v20240424-0444.jar
[[1;34mINFO[m] Copying org.eclipse.e4.ui.workbench3-0.17.400.v20240321-1245.jar to /home/endrix/git/dataflow/streamblocks/turnus/turnus.bundle/lib/org.eclipse.e4.ui.workbench3-0.17.400.v20240321-1245.jar
[[1;34mINFO[m] Copying org.eclipse.equinox.console-1.4.800.v20240513-1104.jar to /home/endrix/git/dataflow/streamblocks/turnus/turnus.bundle/lib/org.eclipse.equinox.console-1.4.800.v20240513-1104.jar
[[1;34mINFO[m] Copying org.eclipse.e4.ui.workbench.addons.swt-1.5.500.v20240620-1945.jar to /home/endrix/git/dataflow/streamblocks/turnus/turnus.bundle/lib/org.eclipse.e4.ui.workbench.addons.swt-1.5.500.v20240620-1945.jar
[[1;34mINFO[m] Copying org.eclipse.equinox.bidi-1.5.100.v20240321-1445.jar to /home/endrix/git/dataflow/streamblocks/turnus/turnus.bundle/lib/org.eclipse.equinox.bidi-1.5.100.v20240321-1445.jar
[[1;34mINFO[m] Copying org.eclipse.e4.ui.dialogs-1.5.0.v20240424-0957.jar to /home/endrix/git/dataflow/streamblocks/turnus/turnus.bundle/lib/org.eclipse.e4.ui.dialogs-1.5.0.v20240424-0957.jar
[[1;34mINFO[m] Copying org.eclipse.urischeme-1.3.400.v20240606-1412.jar to /home/endrix/git/dataflow/streamblocks/turnus/turnus.bundle/lib/org.eclipse.urischeme-1.3.400.v20240606-1412.jar
[[1;34mINFO[m] Copying org.eclipse.jface.notifications-0.7.300.v20240707-1119.jar to /home/endrix/git/dataflow/streamblocks/turnus/turnus.bundle/lib/org.eclipse.jface.notifications-0.7.300.v20240707-1119.jar
[[1;34mINFO[m] Copying org.osgi.util.function-1.2.0.jar to /home/endrix/git/dataflow/streamblocks/turnus/turnus.bundle/lib/org.osgi.util.function-1.2.0.jar
[[1;34mINFO[m] Copying org.osgi.util.measurement-1.0.2.jar to /home/endrix/git/dataflow/streamblocks/turnus/turnus.bundle/lib/org.osgi.util.measurement-1.0.2.jar
[[1;34mINFO[m] Copying org.osgi.util.position-1.0.1.jar to /home/endrix/git/dataflow/streamblocks/turnus/turnus.bundle/lib/org.osgi.util.position-1.0.1.jar
[[1;34mINFO[m] Copying org.osgi.util.xml-1.0.2.jar to /home/endrix/git/dataflow/streamblocks/turnus/turnus.bundle/lib/org.osgi.util.xml-1.0.2.jar
[[1;34mINFO[m] Copying org.osgi.service.cm-1.6.1.jar to /home/endrix/git/dataflow/streamblocks/turnus/turnus.bundle/lib/org.osgi.service.cm-1.6.1.jar
[[1;34mINFO[m] Copying org.osgi.service.device-1.1.1.jar to /home/endrix/git/dataflow/streamblocks/turnus/turnus.bundle/lib/org.osgi.service.device-1.1.1.jar
[[1;34mINFO[m] Copying org.osgi.service.metatype-1.4.1.jar to /home/endrix/git/dataflow/streamblocks/turnus/turnus.bundle/lib/org.osgi.service.metatype-1.4.1.jar
[[1;34mINFO[m] Copying org.osgi.service.provisioning-1.2.0.jar to /home/endrix/git/dataflow/streamblocks/turnus/turnus.bundle/lib/org.osgi.service.provisioning-1.2.0.jar
[[1;34mINFO[m] Copying org.osgi.service.upnp-1.2.1.jar to /home/endrix/git/dataflow/streamblocks/turnus/turnus.bundle/lib/org.osgi.service.upnp-1.2.1.jar
[[1;34mINFO[m] Copying org.osgi.service.useradmin-1.1.1.jar to /home/endrix/git/dataflow/streamblocks/turnus/turnus.bundle/lib/org.osgi.service.useradmin-1.1.1.jar
[[1;34mINFO[m] Copying org.osgi.service.wireadmin-1.0.2.jar to /home/endrix/git/dataflow/streamblocks/turnus/turnus.bundle/lib/org.osgi.service.wireadmin-1.0.2.jar
[[1;34mINFO[m] Copying org.eclipse.e4.rcp-4.33.0.v20240903-0618.jar to /home/endrix/git/dataflow/streamblocks/turnus/turnus.bundle/lib/org.eclipse.e4.rcp-4.33.0.v20240903-0618.jar
[[1;34mINFO[m] Copying org.eclipse.e4.ui.bindings.source-0.14.400.v20240321-1245.jar to /home/endrix/git/dataflow/streamblocks/turnus/turnus.bundle/lib/org.eclipse.e4.ui.bindings.source-0.14.400.v20240321-1245.jar
[[1;34mINFO[m] Copying org.eclipse.e4.ui.css.core.source-0.14.500.v20240606-0949.jar to /home/endrix/git/dataflow/streamblocks/turnus/turnus.bundle/lib/org.eclipse.e4.ui.css.core.source-0.14.500.v20240606-0949.jar
[[1;34mINFO[m] Copying org.eclipse.e4.ui.css.swt.source-0.15.400.v20240321-1245.jar to /home/endrix/git/dataflow/streamblocks/turnus/turnus.bundle/lib/org.eclipse.e4.ui.css.swt.source-0.15.400.v20240321-1245.jar
[[1;34mINFO[m] Copying org.eclipse.e4.ui.css.swt.theme.source-0.14.400.v20240424-0956.jar to /home/endrix/git/dataflow/streamblocks/turnus/turnus.bundle/lib/org.eclipse.e4.ui.css.swt.theme.source-0.14.400.v20240424-0956.jar
[[1;34mINFO[m] Copying org.eclipse.e4.ui.di.source-1.5.400.v20240321-1245.jar to /home/endrix/git/dataflow/streamblocks/turnus/turnus.bundle/lib/org.eclipse.e4.ui.di.source-1.5.400.v20240321-1245.jar
[[1;34mINFO[m] Copying org.eclipse.e4.ui.dialogs.source-1.5.0.v20240424-0957.jar to /home/endrix/git/dataflow/streamblocks/turnus/turnus.bundle/lib/org.eclipse.e4.ui.dialogs.source-1.5.0.v20240424-0957.jar
[[1;34mINFO[m] Copying org.eclipse.e4.ui.model.workbench.source-2.4.300.v20240321-1245.jar to /home/endrix/git/dataflow/streamblocks/turnus/turnus.bundle/lib/org.eclipse.e4.ui.model.workbench.source-2.4.300.v20240321-1245.jar
[[1;34mINFO[m] Copying org.eclipse.e4.ui.progress.source-0.4.600.v20240606-1020.jar to /home/endrix/git/dataflow/streamblocks/turnus/turnus.bundle/lib/org.eclipse.e4.ui.progress.source-0.4.600.v20240606-1020.jar
[[1;34mINFO[m] Copying org.eclipse.e4.ui.widgets.source-1.4.200.v20240801-0837.jar to /home/endrix/git/dataflow/streamblocks/turnus/turnus.bundle/lib/org.eclipse.e4.ui.widgets.source-1.4.200.v20240801-0837.jar
[[1;34mINFO[m] Copying org.eclipse.emf.ecore.change-2.17.0.v20240604-0832.jar to /home/endrix/git/dataflow/streamblocks/turnus/turnus.bundle/lib/org.eclipse.emf.ecore.change-2.17.0.v20240604-0832.jar
[[1;34mINFO[m] Copying org.eclipse.emf.ecore.xmi-2.38.0.v20240721-0634.jar to /home/endrix/git/dataflow/streamblocks/turnus/turnus.bundle/lib/org.eclipse.emf.ecore.xmi-2.38.0.v20240721-0634.jar
[[1;34mINFO[m] Copying org.eclipse.e4.ui.workbench.source-1.15.500.v20240730-1919.jar to /home/endrix/git/dataflow/streamblocks/turnus/turnus.bundle/lib/org.eclipse.e4.ui.workbench.source-1.15.500.v20240730-1919.jar
[[1;34mINFO[m] Copying org.eclipse.e4.ui.workbench.addons.swt.source-1.5.500.v20240620-1945.jar to /home/endrix/git/dataflow/streamblocks/turnus/turnus.bundle/lib/org.eclipse.e4.ui.workbench.addons.swt.source-1.5.500.v20240620-1945.jar
[[1;34mINFO[m] Copying org.eclipse.e4.ui.workbench.renderers.swt.source-0.16.500.v20240727-1037.jar to /home/endrix/git/dataflow/streamblocks/turnus/turnus.bundle/lib/org.eclipse.e4.ui.workbench.renderers.swt.source-0.16.500.v20240727-1037.jar
[[1;34mINFO[m] Copying org.eclipse.e4.ui.workbench.renderers.swt.cocoa.source-0.14.400.v20240525-0701.jar to /home/endrix/git/dataflow/streamblocks/turnus/turnus.bundle/lib/org.eclipse.e4.ui.workbench.renderers.swt.cocoa.source-0.14.400.v20240525-0701.jar
[[1;34mINFO[m] Copying org.eclipse.e4.ui.workbench.swt.source-0.17.500.v20240807-0911.jar to /home/endrix/git/dataflow/streamblocks/turnus/turnus.bundle/lib/org.eclipse.e4.ui.workbench.swt.source-0.17.500.v20240807-0911.jar
[[1;34mINFO[m] Copying org.eclipse.e4.ui.workbench3.source-0.17.400.v20240321-1245.jar to /home/endrix/git/dataflow/streamblocks/turnus/turnus.bundle/lib/org.eclipse.e4.ui.workbench3.source-0.17.400.v20240321-1245.jar
[[1;34mINFO[m] Copying org.eclipse.emf.common-2.31.0.v20240731-0952.jar to /home/endrix/git/dataflow/streamblocks/turnus/turnus.bundle/lib/org.eclipse.emf.common-2.31.0.v20240731-0952.jar
[[1;34mINFO[m] Copying org.eclipse.emf.common.source-2.31.0.v20240731-0952.jar to /home/endrix/git/dataflow/streamblocks/turnus/turnus.bundle/lib/org.eclipse.emf.common.source-2.31.0.v20240731-0952.jar
[[1;34mINFO[m] Copying org.eclipse.emf.common-2.32.0.v20240731-0952.jar to /home/endrix/git/dataflow/streamblocks/turnus/turnus.bundle/lib/org.eclipse.emf.common-2.32.0.v20240731-0952.jar
[[1;34mINFO[m] Copying org.eclipse.emf.ecore.source-2.37.0.v20240721-0802.jar to /home/endrix/git/dataflow/streamblocks/turnus/turnus.bundle/lib/org.eclipse.emf.ecore.source-2.37.0.v20240721-0802.jar
[[1;34mINFO[m] Copying org.eclipse.emf.ecore.change.source-2.17.0.v20240604-0832.jar to /home/endrix/git/dataflow/streamblocks/turnus/turnus.bundle/lib/org.eclipse.emf.ecore.change.source-2.17.0.v20240604-0832.jar
[[1;34mINFO[m] Copying org.eclipse.emf.ecore-2.38.0.v20240721-0802.jar to /home/endrix/git/dataflow/streamblocks/turnus/turnus.bundle/lib/org.eclipse.emf.ecore-2.38.0.v20240721-0802.jar
[[1;34mINFO[m] Copying org.eclipse.emf.ecore.xmi.source-2.38.0.v20240721-0634.jar to /home/endrix/git/dataflow/streamblocks/turnus/turnus.bundle/lib/org.eclipse.emf.ecore.xmi.source-2.38.0.v20240721-0634.jar
[[1;34mINFO[m] Copying org.eclipse.equinox.app.source-1.7.200.v20240722-2103.jar to /home/endrix/git/dataflow/streamblocks/turnus/turnus.bundle/lib/org.eclipse.equinox.app.source-1.7.200.v20240722-2103.jar
[[1;34mINFO[m] Copying org.eclipse.equinox.bidi.source-1.5.100.v20240321-1445.jar to /home/endrix/git/dataflow/streamblocks/turnus/turnus.bundle/lib/org.eclipse.equinox.bidi.source-1.5.100.v20240321-1445.jar
[[1;34mINFO[m] Copying org.eclipse.equinox.common.source-3.19.100.v20240524-2011.jar to /home/endrix/git/dataflow/streamblocks/turnus/turnus.bundle/lib/org.eclipse.equinox.common.source-3.19.100.v20240524-2011.jar
[[1;34mINFO[m] Copying org.eclipse.equinox.console.source-1.4.800.v20240513-1104.jar to /home/endrix/git/dataflow/streamblocks/turnus/turnus.bundle/lib/org.eclipse.equinox.console.source-1.4.800.v20240513-1104.jar
[[1;34mINFO[m] Copying org.eclipse.equinox.event.source-1.7.100.v20240321-1445.jar to /home/endrix/git/dataflow/streamblocks/turnus/turnus.bundle/lib/org.eclipse.equinox.event.source-1.7.100.v20240321-1445.jar
[[1;34mINFO[m] Copying org.eclipse.equinox.launcher.source-1.6.900.v20240613-2009.jar to /home/endrix/git/dataflow/streamblocks/turnus/turnus.bundle/lib/org.eclipse.equinox.launcher.source-1.6.900.v20240613-2009.jar
[[1;34mINFO[m] Copying org.eclipse.equinox.preferences.source-3.11.100.v20240327-0645.jar to /home/endrix/git/dataflow/streamblocks/turnus/turnus.bundle/lib/org.eclipse.equinox.preferences.source-3.11.100.v20240327-0645.jar
[[1;34mINFO[m] Copying org.eclipse.equinox.registry.source-3.12.100.v20240524-2011.jar to /home/endrix/git/dataflow/streamblocks/turnus/turnus.bundle/lib/org.eclipse.equinox.registry.source-3.12.100.v20240524-2011.jar
[[1;34mINFO[m] Copying org.eclipse.equinox.simpleconfigurator.source-1.5.300.v20240424-1301.jar to /home/endrix/git/dataflow/streamblocks/turnus/turnus.bundle/lib/org.eclipse.equinox.simpleconfigurator.source-1.5.300.v20240424-1301.jar
[[1;34mINFO[m] Copying org.eclipse.help-3.10.400.v20240415-0528.jar to /home/endrix/git/dataflow/streamblocks/turnus/turnus.bundle/lib/org.eclipse.help-3.10.400.v20240415-0528.jar
[[1;34mINFO[m] Copying org.eclipse.help.source-3.10.400.v20240415-0528.jar to /home/endrix/git/dataflow/streamblocks/turnus/turnus.bundle/lib/org.eclipse.help.source-3.10.400.v20240415-0528.jar
[[1;34mINFO[m] Copying org.eclipse.jdt.core.compiler.batch-3.39.0.v20240820-0604.jar to /home/endrix/git/dataflow/streamblocks/turnus/turnus.bundle/lib/org.eclipse.jdt.core.compiler.batch-3.39.0.v20240820-0604.jar
[[1;34mINFO[m] Copying org.eclipse.jdt.core.compiler.batch.source-3.39.0.v20240820-0604.jar to /home/endrix/git/dataflow/streamblocks/turnus/turnus.bundle/lib/org.eclipse.jdt.core.compiler.batch.source-3.39.0.v20240820-0604.jar
[[1;34mINFO[m] Copying org.eclipse.jface.source-3.35.0.v20240820-2045.jar to /home/endrix/git/dataflow/streamblocks/turnus/turnus.bundle/lib/org.eclipse.jface.source-3.35.0.v20240820-2045.jar
[[1;34mINFO[m] Copying org.eclipse.jface.databinding.source-1.15.300.v20240424-0444.jar to /home/endrix/git/dataflow/streamblocks/turnus/turnus.bundle/lib/org.eclipse.jface.databinding.source-1.15.300.v20240424-0444.jar
[[1;34mINFO[m] Copying org.eclipse.jface.notifications.source-0.7.300.v20240707-1119.jar to /home/endrix/git/dataflow/streamblocks/turnus/turnus.bundle/lib/org.eclipse.jface.notifications.source-0.7.300.v20240707-1119.jar
[[1;34mINFO[m] Copying org.eclipse.osgi.source-3.21.0.v20240717-2103.jar to /home/endrix/git/dataflow/streamblocks/turnus/turnus.bundle/lib/org.eclipse.osgi.source-3.21.0.v20240717-2103.jar
[[1;34mINFO[m] Copying org.eclipse.osgi.compatibility.state.source-1.2.1000.v20240213-1057.jar to /home/endrix/git/dataflow/streamblocks/turnus/turnus.bundle/lib/org.eclipse.osgi.compatibility.state.source-1.2.1000.v20240213-1057.jar
[[1;34mINFO[m] Copying org.eclipse.ui-3.206.100.v20240720-1232.jar to /home/endrix/git/dataflow/streamblocks/turnus/turnus.bundle/lib/org.eclipse.ui-3.206.100.v20240720-1232.jar
[[1;34mINFO[m] Copying org.eclipse.ui.workbench-3.133.0.v20240818-1923.jar to /home/endrix/git/dataflow/streamblocks/turnus/turnus.bundle/lib/org.eclipse.ui.workbench-3.133.0.v20240818-1923.jar
[[1;34mINFO[m] Copying org.eclipse.update.configurator-3.5.400.v20240416-0654.jar to /home/endrix/git/dataflow/streamblocks/turnus/turnus.bundle/lib/org.eclipse.update.configurator-3.5.400.v20240416-0654.jar
[[1;34mINFO[m] Copying org.eclipse.rcp-4.33.0.v20240903-0240.jar to /home/endrix/git/dataflow/streamblocks/turnus/turnus.bundle/lib/org.eclipse.rcp-4.33.0.v20240903-0240.jar
[[1;34mINFO[m] Copying org.eclipse.ui.cocoa-1.3.200.v20240309-0857.jar to /home/endrix/git/dataflow/streamblocks/turnus/turnus.bundle/lib/org.eclipse.ui.cocoa-1.3.200.v20240309-0857.jar
[[1;34mINFO[m] Copying org.eclipse.rcp-4.33.0.v20240903-0618.jar to /home/endrix/git/dataflow/streamblocks/turnus/turnus.bundle/lib/org.eclipse.rcp-4.33.0.v20240903-0618.jar
[[1;34mINFO[m] Copying org.eclipse.rcp_root-4.33.0.v20240903-0618.jar to /home/endrix/git/dataflow/streamblocks/turnus/turnus.bundle/lib/org.eclipse.rcp_root-4.33.0.v20240903-0618.zip
[[1;34mINFO[m] Copying org.eclipse.swt.cocoa.macosx.x86_64.source-3.127.0.v20240903-0618.jar to /home/endrix/git/dataflow/streamblocks/turnus/turnus.bundle/lib/org.eclipse.swt.cocoa.macosx.x86_64.source-3.127.0.v20240903-0618.jar
[[1;34mINFO[m] Copying org.eclipse.ui.source-3.206.100.v20240720-1232.jar to /home/endrix/git/dataflow/streamblocks/turnus/turnus.bundle/lib/org.eclipse.ui.source-3.206.100.v20240720-1232.jar
[[1;34mINFO[m] Copying org.eclipse.ui.cocoa.source-1.3.200.v20240309-0857.jar to /home/endrix/git/dataflow/streamblocks/turnus/turnus.bundle/lib/org.eclipse.ui.cocoa.source-1.3.200.v20240309-0857.jar
[[1;34mINFO[m] Copying org.eclipse.ui.workbench.source-3.133.0.v20240818-1923.jar to /home/endrix/git/dataflow/streamblocks/turnus/turnus.bundle/lib/org.eclipse.ui.workbench.source-3.133.0.v20240818-1923.jar
[[1;34mINFO[m] Copying org.eclipse.update.configurator.source-3.5.400.v20240416-0654.jar to /home/endrix/git/dataflow/streamblocks/turnus/turnus.bundle/lib/org.eclipse.update.configurator.source-3.5.400.v20240416-0654.jar
[[1;34mINFO[m] Copying org.eclipse.urischeme.source-1.3.400.v20240606-1412.jar to /home/endrix/git/dataflow/streamblocks/turnus/turnus.bundle/lib/org.eclipse.urischeme.source-1.3.400.v20240606-1412.jar
[[1;34mINFO[m] Copying org.eclipse.xtext.logging-2.36.0.v20240825-0714.jar to /home/endrix/git/dataflow/streamblocks/turnus/turnus.bundle/lib/org.eclipse.xtext.logging-2.36.0.v20240825-0714.jar
[[1;34mINFO[m] Copying org.eclipse.xtext.logging.source-2.36.0.v20240825-0714.jar to /home/endrix/git/dataflow/streamblocks/turnus/turnus.bundle/lib/org.eclipse.xtext.logging.source-2.36.0.v20240825-0714.jar
[[1;34mINFO[m] Copying jdom-1.1.3.jar to /home/endrix/git/dataflow/streamblocks/turnus/turnus.bundle/lib/jdom-1.1.3.jar
[[1;34mINFO[m] Copying apache-el-9.0.90.jar to /home/endrix/git/dataflow/streamblocks/turnus/turnus.bundle/lib/apache-el-9.0.90.jar
[[1;34mINFO[m] Copying asm-tree-9.7.jar to /home/endrix/git/dataflow/streamblocks/turnus/turnus.bundle/lib/asm-tree-9.7.jar
[[1;34mINFO[m] Copying asm-analysis-9.7.jar to /home/endrix/git/dataflow/streamblocks/turnus/turnus.bundle/lib/asm-analysis-9.7.jar
[[1;34mINFO[m] Copying org.eclipse.equinox.launcher.cocoa.macosx.aarch64-1.2.1100.v20240722-2106.jar to /home/endrix/git/dataflow/streamblocks/turnus/turnus.bundle/lib/org.eclipse.equinox.launcher.cocoa.macosx.aarch64-1.2.1100.v20240722-2106.jar
[[1;34mINFO[m] Copying org.eclipse.swt.cocoa.macosx.aarch64-3.127.0.v20240903-0618.jar to /home/endrix/git/dataflow/streamblocks/turnus/turnus.bundle/lib/org.eclipse.swt.cocoa.macosx.aarch64-3.127.0.v20240903-0618.jar
[[1;34mINFO[m] Copying org.eclipse.swt.cocoa.macosx.aarch64.source-3.127.0.v20240903-0618.jar to /home/endrix/git/dataflow/streamblocks/turnus/turnus.bundle/lib/org.eclipse.swt.cocoa.macosx.aarch64.source-3.127.0.v20240903-0618.jar
[[1;34mINFO[m] Copying org.eclipse.equinox.launcher.win32.win32.x86_64-1.2.1100.v20240722-2106.jar to /home/endrix/git/dataflow/streamblocks/turnus/turnus.bundle/lib/org.eclipse.equinox.launcher.win32.win32.x86_64-1.2.1100.v20240722-2106.jar
[[1;34mINFO[m] Copying org.eclipse.swt.win32.win32.x86_64-3.127.0.v20240903-0618.jar to /home/endrix/git/dataflow/streamblocks/turnus/turnus.bundle/lib/org.eclipse.swt.win32.win32.x86_64-3.127.0.v20240903-0618.jar
[[1;34mINFO[m] Copying org.eclipse.e4.ui.swt.win32-1.2.300.v20240416-0658.jar to /home/endrix/git/dataflow/streamblocks/turnus/turnus.bundle/lib/org.eclipse.e4.ui.swt.win32-1.2.300.v20240416-0658.jar
[[1;34mINFO[m] Copying org.eclipse.e4.ui.swt.win32.source-1.2.300.v20240416-0658.jar to /home/endrix/git/dataflow/streamblocks/turnus/turnus.bundle/lib/org.eclipse.e4.ui.swt.win32.source-1.2.300.v20240416-0658.jar
[[1;34mINFO[m] Copying org.eclipse.swt.win32.win32.x86_64.source-3.127.0.v20240903-0618.jar to /home/endrix/git/dataflow/streamblocks/turnus/turnus.bundle/lib/org.eclipse.swt.win32.win32.x86_64.source-3.127.0.v20240903-0618.jar
[[1;34mINFO[m] Copying org.eclipse.equinox.launcher.gtk.linux.x86_64-1.2.1100.v20240722-2106.jar to /home/endrix/git/dataflow/streamblocks/turnus/turnus.bundle/lib/org.eclipse.equinox.launcher.gtk.linux.x86_64-1.2.1100.v20240722-2106.jar
[[1;34mINFO[m] Copying org.eclipse.swt.gtk.linux.x86_64-3.127.0.v20240903-0618.jar to /home/endrix/git/dataflow/streamblocks/turnus/turnus.bundle/lib/org.eclipse.swt.gtk.linux.x86_64-3.127.0.v20240903-0618.jar
[[1;34mINFO[m] Copying org.eclipse.e4.ui.swt.gtk-1.2.200.v20240416-0658.jar to /home/endrix/git/dataflow/streamblocks/turnus/turnus.bundle/lib/org.eclipse.e4.ui.swt.gtk-1.2.200.v20240416-0658.jar
[[1;34mINFO[m] Copying org.eclipse.e4.ui.swt.gtk.source-1.2.200.v20240416-0658.jar to /home/endrix/git/dataflow/streamblocks/turnus/turnus.bundle/lib/org.eclipse.e4.ui.swt.gtk.source-1.2.200.v20240416-0658.jar
[[1;34mINFO[m] Copying org.eclipse.swt.gtk.linux.x86_64.source-3.127.0.v20240903-0618.jar to /home/endrix/git/dataflow/streamblocks/turnus/turnus.bundle/lib/org.eclipse.swt.gtk.linux.x86_64.source-3.127.0.v20240903-0618.jar
[[1;34mINFO[m] com.github.fommil.netlib:all:pom:1.1.2 already exists in destination.
[[1;34mINFO[m] 
[[1;34mINFO[m] [1m--- [0;32mresources:3.3.1:resources[m [1m(default-resources)[m @ [36mturnus.bundle[0;1m ---[m
[[1;34mINFO[m] skip non existing resourceDirectory /home/endrix/git/dataflow/streamblocks/turnus/turnus.bundle/src/main/resources
[[1;34mINFO[m] 
[[1;34mINFO[m] [1m--- [0;32mtycho-compiler:4.0.10:compile[m [1m(default-compile)[m @ [36mturnus.bundle[0;1m ---[m
[[1;33mWARNING[m] The effective compiler target level 21 is incompatible with the following OSGi execution environments: [JavaSE-17 (assumes 17)] @ MavenProject: turnus:turnus.bundle:1.0.0-SNAPSHOT @ /home/endrix/git/dataflow/streamblocks/turnus/turnus.bundle/pom.xml
[90mDownloading from [0mcentral[90m: https://repo.maven.apache.org/maven2/[0morg/osgi/org.osgi.annotation.bundle/maven-metadata.xml
Progress (1): 455 B                   Downloaded[90m from [0mcentral[90m: https://repo.maven.apache.org/maven2/[0morg/osgi/org.osgi.annotation.bundle/maven-metadata.xml[90m (455 B at 1.9 kB/s)[0m
[90mDownloading from [0mcentral[90m: https://repo.maven.apache.org/maven2/[0morg/osgi/org.osgi.annotation.bundle/1.1.1/org.osgi.annotation.bundle-1.1.1.jar
Progress (1): 4.0/30 kBProgress (1): 8.1/30 kBProgress (1): 12/30 kB Progress (1): 16/30 kBProgress (1): 20/30 kBProgress (1): 24/30 kBProgress (1): 29/30 kBProgress (1): 30 kB                      Downloaded[90m from [0mcentral[90m: https://repo.maven.apache.org/maven2/[0morg/osgi/org.osgi.annotation.bundle/1.1.1/org.osgi.annotation.bundle-1.1.1.jar[90m (30 kB at 445 kB/s)[0m
[[1;34mINFO[m] Downloading from p2: https://mirror.dkm.cz/eclipse/releases/2024-09/202409111000/plugins/org.osgi.service.metatype.annotations_1.4.1.202109301733.jar
[[1;34mINFO[m] Downloaded from p2: https://mirror.dkm.cz/eclipse/releases/2024-09/202409111000/plugins/org.osgi.service.metatype.annotations_1.4.1.202109301733.jar (27 KB at 123 KB/s)
[90mDownloading from [0mcentral[90m: https://repo.maven.apache.org/maven2/[0morg/osgi/org.osgi.service.component.annotations/maven-metadata.xml
Progress (1): 537 B                   Downloaded[90m from [0mcentral[90m: https://repo.maven.apache.org/maven2/[0morg/osgi/org.osgi.service.component.annotations/maven-metadata.xml[90m (537 B at 2.3 kB/s)[0m
[90mDownloading from [0mcentral[90m: https://repo.maven.apache.org/maven2/[0morg/osgi/org.osgi.service.component.annotations/1.5.1/org.osgi.service.component.annotations-1.5.1.jar
Progress (1): 4.1/43 kBProgress (1): 7.7/43 kBProgress (1): 12/43 kB Progress (1): 16/43 kBProgress (1): 20/43 kBProgress (1): 24/43 kBProgress (1): 28/43 kBProgress (1): 32/43 kBProgress (1): 36/43 kBProgress (1): 40/43 kBProgress (1): 43 kB                      Downloaded[90m from [0mcentral[90m: https://repo.maven.apache.org/maven2/[0morg/osgi/org.osgi.service.component.annotations/1.5.1/org.osgi.service.component.annotations-1.5.1.jar[90m (43 kB at 637 kB/s)[0m
[[1;34mINFO[m] Compiling 1 source file to /home/endrix/git/dataflow/streamblocks/turnus/turnus.bundle/target/classes using Eclipse Compiler for Java(TM) 3.38.0.v20240524-2033
[[1;34mINFO[m] 
[[1;34mINFO[m] [1m------------------------< [0;36mturnus:turnus.common[0;1m >------------------------[m
[[1;34mINFO[m] [1mBuilding turnus.common 1.0.0-SNAPSHOT                             [3/10][m
[[1;34mINFO[m]   from turnus.common/pom.xml
[[1;34mINFO[m] [1m---------------------------[ eclipse-plugin ]---------------------------[m
[[1;34mINFO[m] Downloading from p2: https://mirror.accum.se/mirror/eclipse.org//releases/2024-09/202409111000/plugins/com.google.guava_33.3.0.jre.jar
[[1;34mINFO[m] Downloaded from p2: https://mirror.accum.se/mirror/eclipse.org//releases/2024-09/202409111000/plugins/com.google.guava_33.3.0.jre.jar (2 MB at 4 MB/s)
[[1;34mINFO[m] Downloading from p2: https://eclipse.mirror.liteserver.nl/releases/2024-09/202409111000/plugins/com.google.guava.failureaccess_1.0.2.jar
[[1;34mINFO[m] Downloaded from p2: https://eclipse.mirror.liteserver.nl/releases/2024-09/202409111000/plugins/com.google.guava.failureaccess_1.0.2.jar (4 KB at 118 KB/s)
[[1;34mINFO[m] Downloading from p2: https://eclipse.mirror.liteserver.nl/releases/2024-09/202409111000/plugins/com.google.guava.source_33.3.0.jre.jar
[[1;34mINFO[m] Downloaded from p2: https://eclipse.mirror.liteserver.nl/releases/2024-09/202409111000/plugins/com.google.guava.source_33.3.0.jre.jar (1 MB at 6 MB/s)
[[1;34mINFO[m] Downloading from p2: https://mirrors.dotsrc.org/eclipse//releases/2024-09/202409111000/plugins/com.google.guava.failureaccess.source_1.0.2.jar
[[1;34mINFO[m] Downloaded from p2: https://mirrors.dotsrc.org/eclipse//releases/2024-09/202409111000/plugins/com.google.guava.failureaccess.source_1.0.2.jar (3 KB at 75 KB/s)
[[1;34mINFO[m] Downloading from p2: https://eclipse.mirror.liteserver.nl/releases/2024-09/202409111000/plugins/org.eclipse.core.filesystem_1.11.0.v20240824-0952.jar
[[1;34mINFO[m] Downloaded from p2: https://eclipse.mirror.liteserver.nl/releases/2024-09/202409111000/plugins/org.eclipse.core.filesystem_1.11.0.v20240824-0952.jar (75 KB at 1 MB/s)
[[1;34mINFO[m] Downloading from p2: https://eclipse.mirror.liteserver.nl/releases/2024-09/202409111000/plugins/org.eclipse.core.filesystem.source_1.11.0.v20240824-0952.jar
[[1;34mINFO[m] Downloaded from p2: https://eclipse.mirror.liteserver.nl/releases/2024-09/202409111000/plugins/org.eclipse.core.filesystem.source_1.11.0.v20240824-0952.jar (86 KB at 2 MB/s)
[[1;34mINFO[m] Downloading from p2: https://mirrors.dotsrc.org/eclipse//releases/2024-09/202409111000/plugins/org.eclipse.core.resources_3.21.0.v20240805-1607.jar
[[1;34mINFO[m] Downloaded from p2: https://mirrors.dotsrc.org/eclipse//releases/2024-09/202409111000/plugins/org.eclipse.core.resources_3.21.0.v20240805-1607.jar (931 KB at 5 MB/s)
[[1;34mINFO[m] Downloading from p2: https://mirrors.dotsrc.org/eclipse//releases/2024-09/202409111000/plugins/org.eclipse.core.resources.source_3.21.0.v20240805-1607.jar
[[1;34mINFO[m] Downloaded from p2: https://mirrors.dotsrc.org/eclipse//releases/2024-09/202409111000/plugins/org.eclipse.core.resources.source_3.21.0.v20240805-1607.jar (835 KB at 4 MB/s)
[[1;34mINFO[m] Downloading from p2: https://mirrors.dotsrc.org/eclipse//releases/2024-09/202409111000/plugins/org.eclipse.core.variables_3.6.500.v20240702-1152.jar
[[1;34mINFO[m] Downloaded from p2: https://mirrors.dotsrc.org/eclipse//releases/2024-09/202409111000/plugins/org.eclipse.core.variables_3.6.500.v20240702-1152.jar (38 KB at 904 KB/s)
[[1;34mINFO[m] Downloading from p2: https://mirrors.dotsrc.org/eclipse//releases/2024-09/202409111000/plugins/org.eclipse.core.variables.source_3.6.500.v20240702-1152.jar
[[1;34mINFO[m] Downloaded from p2: https://mirrors.dotsrc.org/eclipse//releases/2024-09/202409111000/plugins/org.eclipse.core.variables.source_3.6.500.v20240702-1152.jar (40 KB at 448 KB/s)
[[1;34mINFO[m] Downloading from p2: https://eclipse.mirror.liteserver.nl/releases/2024-09/202409111000/plugins/org.eclipse.debug.core_3.21.500.v20240801-2219.jar
[[1;34mINFO[m] Downloaded from p2: https://eclipse.mirror.liteserver.nl/releases/2024-09/202409111000/plugins/org.eclipse.debug.core_3.21.500.v20240801-2219.jar (402 KB at 3 MB/s)
[[1;34mINFO[m] Downloading from p2: https://mirrors.dotsrc.org/eclipse//releases/2024-09/202409111000/plugins/org.eclipse.debug.core.source_3.21.500.v20240801-2219.jar
[[1;34mINFO[m] Downloaded from p2: https://mirrors.dotsrc.org/eclipse//releases/2024-09/202409111000/plugins/org.eclipse.debug.core.source_3.21.500.v20240801-2219.jar (407 KB at 1 MB/s)
[[1;34mINFO[m] Downloading from p2: https://mirrors.dotsrc.org/eclipse//releases/2024-09/202409111000/plugins/org.eclipse.jdt.core_3.39.0.v20240807-1632.jar
[[1;34mINFO[m] Downloaded from p2: https://mirrors.dotsrc.org/eclipse//releases/2024-09/202409111000/plugins/org.eclipse.jdt.core_3.39.0.v20240807-1632.jar (4 MB at 7 MB/s)
[[1;34mINFO[m] Downloading from p2: https://mirrors.dotsrc.org/eclipse//releases/2024-09/202409111000/plugins/org.eclipse.text_3.14.100.v20240524-2010.jar
[[1;34mINFO[m] Downloaded from p2: https://mirrors.dotsrc.org/eclipse//releases/2024-09/202409111000/plugins/org.eclipse.text_3.14.100.v20240524-2010.jar (352 KB at 3 MB/s)
[[1;34mINFO[m] Downloading from p2: https://eclipse.mirror.liteserver.nl/releases/2024-09/202409111000/plugins/org.eclipse.jdt.core.source_3.39.0.v20240807-1632.jar
[[1;34mINFO[m] Downloaded from p2: https://eclipse.mirror.liteserver.nl/releases/2024-09/202409111000/plugins/org.eclipse.jdt.core.source_3.39.0.v20240807-1632.jar (3 MB at 7 MB/s)
[[1;34mINFO[m] Downloading from p2: https://mirrors.dotsrc.org/eclipse//releases/2024-09/202409111000/plugins/org.eclipse.text.source_3.14.100.v20240524-2010.jar
[[1;34mINFO[m] Downloaded from p2: https://mirrors.dotsrc.org/eclipse//releases/2024-09/202409111000/plugins/org.eclipse.text.source_3.14.100.v20240524-2010.jar (333 KB at 1 MB/s)
[[1;34mINFO[m] 
[[1;34mINFO[m] [1m--- [0;32mclean:3.2.0:clean[m [1m(default-clean)[m @ [36mturnus.common[0;1m ---[m
[[1;34mINFO[m] Deleting /home/endrix/git/dataflow/streamblocks/turnus/turnus.common/target
[[1;34mINFO[m] 
[[1;34mINFO[m] [1m--- [0;32mclean:3.2.0:clean[m [1m(auto-clean)[m @ [36mturnus.common[0;1m ---[m
[[1;34mINFO[m] 
[[1;34mINFO[m] [1m--- [0;32mtycho-packaging:4.0.10:build-qualifier[m [1m(default-build-qualifier)[m @ [36mturnus.common[0;1m ---[m
[[1;34mINFO[m] The project's OSGi version is 1.0.0.202512221010
[[1;34mINFO[m] 
[[1;34mINFO[m] [1m--- [0;32mtycho-packaging:4.0.10:validate-id[m [1m(default-validate-id)[m @ [36mturnus.common[0;1m ---[m
[[1;34mINFO[m] 
[[1;34mINFO[m] [1m--- [0;32mtycho-packaging:4.0.10:validate-version[m [1m(default-validate-version)[m @ [36mturnus.common[0;1m ---[m
[[1;34mINFO[m] 
[[1;34mINFO[m] [1m--- [0;32mtarget-platform-configuration:4.0.10:target-platform[m [1m(default-target-platform)[m @ [36mturnus.common[0;1m ---[m
[[1;34mINFO[m] 
[[1;34mINFO[m] [1m--- [0;32mtycho-compiler:4.0.10:validate-classpath[m [1m(default-validate-classpath)[m @ [36mturnus.common[0;1m ---[m
[[1;34mINFO[m] Resolving class path of turnus.common
[[1;34mINFO[m] 
[[1;34mINFO[m] [1m--- [0;32mxtend:2.36.0:compile[m [1m(default)[m @ [36mturnus.common[0;1m ---[m
[[1;33mWARNING[m] Compilation of stubs had errors.
[[1;34mINFO[m] 
[[1;34mINFO[m] [1m--- [0;32mresources:3.3.1:resources[m [1m(default-resources)[m @ [36mturnus.common[0;1m ---[m
[[1;34mINFO[m] skip non existing resourceDirectory /home/endrix/git/dataflow/streamblocks/turnus/turnus.common/src/main/resources
[[1;34mINFO[m] 
[[1;34mINFO[m] [1m--- [0;32mtycho-compiler:4.0.10:compile[m [1m(default-compile)[m @ [36mturnus.common[0;1m ---[m
[[1;33mWARNING[m] The effective compiler target level 21 is incompatible with the following OSGi execution environments: [JavaSE-17 (assumes 17)] @ MavenProject: turnus:turnus.common:1.0.0-SNAPSHOT @ /home/endrix/git/dataflow/streamblocks/turnus/turnus.common/pom.xml
[[1;34mINFO[m] Compiling 37 source files to /home/endrix/git/dataflow/streamblocks/turnus/turnus.common/target/classes using Eclipse Compiler for Java(TM) 3.38.0.v20240524-2033
[[1;34mINFO[m] [1m------------------------------------------------------------------------[m
[[1;34mINFO[m] [1mReactor Summary for turnus core 1.0.0-SNAPSHOT:[m
[[1;34mINFO[m] 
[[1;34mINFO[m] turnus core ........................................ [1;32mSUCCESS[m [  2.547 s]
[[1;34mINFO[m] turnus.bundle ...................................... [1;32mSUCCESS[m [01:09 min]
[[1;34mINFO[m] turnus.common ...................................... [1;31mFAILURE[m [  5.869 s]
[[1;34mINFO[m] turnus.model ....................................... [1;33mSKIPPED[m
[[1;34mINFO[m] turnus.adevs ....................................... [1;33mSKIPPED[m
[[1;34mINFO[m] turnus.analysis .................................... [1;33mSKIPPED[m
[[1;34mINFO[m] turnus.ui .......................................... [1;33mSKIPPED[m
[[1;34mINFO[m] turnus.analysis.ui ................................. [1;33mSKIPPED[m
[[1;34mINFO[m] turnus.target ...................................... [1;33mSKIPPED[m
[[1;34mINFO[m] turnus.feature ..................................... [1;33mSKIPPED[m
[[1;34mINFO[m] [1m------------------------------------------------------------------------[m
[[1;34mINFO[m] [1;31mBUILD FAILURE[m
[[1;34mINFO[m] [1m------------------------------------------------------------------------[m
[[1;34mINFO[m] Total time:  01:23 min
[[1;34mINFO[m] Finished at: 2025-12-22T11:11:42+01:00
[[1;34mINFO[m] [1m------------------------------------------------------------------------[m
[[1;31mERROR[m] Failed to execute goal [32morg.eclipse.tycho:tycho-compiler-plugin:4.0.10:compile[m [1m(default-compile)[m on project [36mturnus.common[m: [1;31mCompilation failure[m: Compilation failure: 
[[1;31mERROR[m] /home/endrix/git/dataflow/streamblocks/turnus/turnus.common/src/turnus/common/util/FileUtils.java:[180] 
[[1;31mERROR[m] 	org.apache.commons.io.FileUtils.forceMkdir(directory);
[[1;31mERROR[m] 	^^^^^^^^^^^^^^^^^^^^^
[[1;31mERROR[m] org.apache.commons.io cannot be resolved
[[1;31mERROR[m] /home/endrix/git/dataflow/streamblocks/turnus/turnus.common/src/turnus/common/util/FileUtils.java:[377] 
[[1;31mERROR[m] 	org.apache.commons.io.FileUtils.deleteDirectory(directory);
[[1;31mERROR[m] 	^^^^^^^^^^^^^^^^^^^^^
[[1;31mERROR[m] org.apache.commons.io cannot be resolved
[[1;31mERROR[m] 2 problems (2 errors)
[[1;31mERROR[m] -> [1m[Help 1][m
[[1;31mERROR[m] 
[[1;31mERROR[m] To see the full stack trace of the errors, re-run Maven with the [1m-e[m switch.
[[1;31mERROR[m] Re-run Maven using the [1m-X[m switch to enable full debug logging.
[[1;31mERROR[m] 
[[1;31mERROR[m] For more information about the errors and possible solutions, please read the following articles:
[[1;31mERROR[m] [1m[Help 1][m http://cwiki.apache.org/confluence/display/MAVEN/MojoFailureException
[[1;31mERROR[m] 
[[1;31mERROR[m] After correcting the problems, you can resume the build with the command
[[1;31mERROR[m]   [1mmvn <args> -rf :turnus.common[m
