[1mApache Maven 3.9.9[m
Maven home: /usr/share/maven
Java version: 21.0.8, vendor: Microsoft, runtime: /home/endrix/.jdk/jdk-21.0.8
Default locale: en_US, platform encoding: UTF-8
OS name: "linux", version: "6.14.0-37-generic", arch: "amd64", family: "unix"
[[1;36mDEBUG[m] Created new class realm maven.api
[[1;36mDEBUG[m] Importing foreign packages into class realm maven.api
[[1;36mDEBUG[m]   Imported: javax.annotation.* < plexus.core
[[1;36mDEBUG[m]   Imported: javax.annotation.security.* < plexus.core
[[1;36mDEBUG[m]   Imported: javax.inject.* < plexus.core
[[1;36mDEBUG[m]   Imported: org.apache.maven.* < plexus.core
[[1;36mDEBUG[m]   Imported: org.apache.maven.artifact < plexus.core
[[1;36mDEBUG[m]   Imported: org.apache.maven.classrealm < plexus.core
[[1;36mDEBUG[m]   Imported: org.apache.maven.cli < plexus.core
[[1;36mDEBUG[m]   Imported: org.apache.maven.configuration < plexus.core
[[1;36mDEBUG[m]   Imported: org.apache.maven.exception < plexus.core
[[1;36mDEBUG[m]   Imported: org.apache.maven.execution < plexus.core
[[1;36mDEBUG[m]   Imported: org.apache.maven.execution.scope < plexus.core
[[1;36mDEBUG[m]   Imported: org.apache.maven.graph < plexus.core
[[1;36mDEBUG[m]   Imported: org.apache.maven.lifecycle < plexus.core
[[1;36mDEBUG[m]   Imported: org.apache.maven.model < plexus.core
[[1;36mDEBUG[m]   Imported: org.apache.maven.monitor < plexus.core
[[1;36mDEBUG[m]   Imported: org.apache.maven.plugin < plexus.core
[[1;36mDEBUG[m]   Imported: org.apache.maven.profiles < plexus.core
[[1;36mDEBUG[m]   Imported: org.apache.maven.project < plexus.core
[[1;36mDEBUG[m]   Imported: org.apache.maven.reporting < plexus.core
[[1;36mDEBUG[m]   Imported: org.apache.maven.repository < plexus.core
[[1;36mDEBUG[m]   Imported: org.apache.maven.rtinfo < plexus.core
[[1;36mDEBUG[m]   Imported: org.apache.maven.settings < plexus.core
[[1;36mDEBUG[m]   Imported: org.apache.maven.toolchain < plexus.core
[[1;36mDEBUG[m]   Imported: org.apache.maven.usability < plexus.core
[[1;36mDEBUG[m]   Imported: org.apache.maven.wagon.* < plexus.core
[[1;36mDEBUG[m]   Imported: org.apache.maven.wagon.authentication < plexus.core
[[1;36mDEBUG[m]   Imported: org.apache.maven.wagon.authorization < plexus.core
[[1;36mDEBUG[m]   Imported: org.apache.maven.wagon.events < plexus.core
[[1;36mDEBUG[m]   Imported: org.apache.maven.wagon.observers < plexus.core
[[1;36mDEBUG[m]   Imported: org.apache.maven.wagon.proxy < plexus.core
[[1;36mDEBUG[m]   Imported: org.apache.maven.wagon.repository < plexus.core
[[1;36mDEBUG[m]   Imported: org.apache.maven.wagon.resource < plexus.core
[[1;36mDEBUG[m]   Imported: org.codehaus.classworlds < plexus.core
[[1;36mDEBUG[m]   Imported: org.codehaus.plexus.* < plexus.core
[[1;36mDEBUG[m]   Imported: org.codehaus.plexus.classworlds < plexus.core
[[1;36mDEBUG[m]   Imported: org.codehaus.plexus.component < plexus.core
[[1;36mDEBUG[m]   Imported: org.codehaus.plexus.configuration < plexus.core
[[1;36mDEBUG[m]   Imported: org.codehaus.plexus.container < plexus.core
[[1;36mDEBUG[m]   Imported: org.codehaus.plexus.context < plexus.core
[[1;36mDEBUG[m]   Imported: org.codehaus.plexus.lifecycle < plexus.core
[[1;36mDEBUG[m]   Imported: org.codehaus.plexus.logging < plexus.core
[[1;36mDEBUG[m]   Imported: org.codehaus.plexus.personality < plexus.core
[[1;36mDEBUG[m]   Imported: org.codehaus.plexus.util.xml.Xpp3Dom < plexus.core
[[1;36mDEBUG[m]   Imported: org.codehaus.plexus.util.xml.pull.XmlPullParser < plexus.core
[[1;36mDEBUG[m]   Imported: org.codehaus.plexus.util.xml.pull.XmlPullParserException < plexus.core
[[1;36mDEBUG[m]   Imported: org.codehaus.plexus.util.xml.pull.XmlSerializer < plexus.core
[[1;36mDEBUG[m]   Imported: org.eclipse.aether.* < plexus.core
[[1;36mDEBUG[m]   Imported: org.eclipse.aether.artifact < plexus.core
[[1;36mDEBUG[m]   Imported: org.eclipse.aether.collection < plexus.core
[[1;36mDEBUG[m]   Imported: org.eclipse.aether.deployment < plexus.core
[[1;36mDEBUG[m]   Imported: org.eclipse.aether.graph < plexus.core
[[1;36mDEBUG[m]   Imported: org.eclipse.aether.impl < plexus.core
[[1;36mDEBUG[m]   Imported: org.eclipse.aether.installation < plexus.core
[[1;36mDEBUG[m]   Imported: org.eclipse.aether.internal.impl < plexus.core
[[1;36mDEBUG[m]   Imported: org.eclipse.aether.metadata < plexus.core
[[1;36mDEBUG[m]   Imported: org.eclipse.aether.repository < plexus.core
[[1;36mDEBUG[m]   Imported: org.eclipse.aether.resolution < plexus.core
[[1;36mDEBUG[m]   Imported: org.eclipse.aether.spi < plexus.core
[[1;36mDEBUG[m]   Imported: org.eclipse.aether.transfer < plexus.core
[[1;36mDEBUG[m]   Imported: org.eclipse.aether.util < plexus.core
[[1;36mDEBUG[m]   Imported: org.eclipse.aether.version < plexus.core
[[1;36mDEBUG[m]   Imported: org.fusesource.jansi.* < plexus.core
[[1;36mDEBUG[m]   Imported: org.slf4j.* < plexus.core
[[1;36mDEBUG[m]   Imported: org.slf4j.event.* < plexus.core
[[1;36mDEBUG[m]   Imported: org.slf4j.helpers.* < plexus.core
[[1;36mDEBUG[m]   Imported: org.slf4j.spi.* < plexus.core
[[1;36mDEBUG[m] Populating class realm maven.api
[[1;36mDEBUG[m] Created adapter factory; available factories [file-lock, rwlock-local, semaphore-local, noop]; available name mappers [discriminating, file-gav, file-hgav, file-static, gav, static]
[[1;34mINFO[m] Error stacktraces are turned on.
[[1;36mDEBUG[m] Message scheme: color
[[1;36mDEBUG[m] Message styles: [1;36mdebug[m [1;34minfo[m [1;33mwarning[m [1;31merror[m [1;32msuccess[m [1;31mfailure[m [1mstrong[m [32mmojo[m [36mproject[m
[[1;36mDEBUG[m] Reading global settings from /usr/share/maven/conf/settings.xml
[[1;36mDEBUG[m] Reading user settings from /home/endrix/.m2/settings.xml
[[1;36mDEBUG[m] Reading global toolchains from /usr/share/maven/conf/toolchains.xml
[[1;36mDEBUG[m] Reading user toolchains from /home/endrix/.m2/toolchains.xml
[[1;36mDEBUG[m] Using local repository at /home/endrix/.m2/repository
[[1;36mDEBUG[m] Using manager EnhancedLocalRepositoryManager with priority 10.0 for /home/endrix/.m2/repository
[[1;34mINFO[m] Scanning for projects...
[[1;36mDEBUG[m] Using mirror maven-default-http-blocker (http://0.0.0.0/) for codehaus-snapshots (http://nexus.codehaus.org/snapshots/).
[[1;36mDEBUG[m] Using mirror maven-default-http-blocker (http://0.0.0.0/) for ossrh-snapshots (http://oss.sonatype.org/content/repositories/snapshots).
[[1;36mDEBUG[m] Creating adapter using nameMapper 'gav' and factory 'rwlock-local'
[[1;36mDEBUG[m] Using mirror maven-default-http-blocker (http://0.0.0.0/) for ow2-snapshot (http://repository.ow2.org/nexus/content/repositories/snapshots).
[[1;36mDEBUG[m] Using mirror maven-default-http-blocker (http://0.0.0.0/) for codehaus.org (http://snapshots.repository.codehaus.org).
[[1;36mDEBUG[m] Dependency collection stats {ConflictMarker.analyzeTime=2247053, ConflictMarker.markTime=749899, ConflictMarker.nodeCount=323, ConflictIdSorter.graphTime=1571326, ConflictIdSorter.topsortTime=505482, ConflictIdSorter.conflictIdCount=86, ConflictIdSorter.conflictIdCycleCount=0, ConflictResolver.totalTime=18907418, ConflictResolver.conflictItemCount=316, DfDependencyCollector.collectTime=406079990, DfDependencyCollector.transformTime=26040655}
[[1;36mDEBUG[m] org.eclipse.tycho:tycho-maven-plugin:jar:4.0.10
[[1;36mDEBUG[m]    org.eclipse.tycho:tycho-core:jar:4.0.10:compile
[[1;36mDEBUG[m]       org.apache.maven.resolver:maven-resolver-util:jar:1.9.20:compile
[[1;36mDEBUG[m]          org.apache.maven.resolver:maven-resolver-api:jar:1.9.20:compile
[[1;36mDEBUG[m]       org.codehaus.plexus:plexus-archiver:jar:4.10.0:compile (version managed from default)
[[1;36mDEBUG[m]          javax.inject:javax.inject:jar:1:compile
[[1;36mDEBUG[m]          org.codehaus.plexus:plexus-utils:jar:3.5.1:compile (version managed from default)
[[1;36mDEBUG[m]          org.codehaus.plexus:plexus-io:jar:3.5.0:compile
[[1;36mDEBUG[m]          org.apache.commons:commons-compress:jar:1.27.1:compile (version managed from default)
[[1;36mDEBUG[m]             org.apache.commons:commons-lang3:jar:3.17.0:compile (version managed from default)
[[1;36mDEBUG[m]          io.airlift:aircompressor:jar:0.27:compile
[[1;36mDEBUG[m]          org.tukaani:xz:jar:1.9:compile
[[1;36mDEBUG[m]          com.github.luben:zstd-jni:jar:1.5.6-3:runtime
[[1;36mDEBUG[m]       org.codehaus.plexus:plexus-interpolation:jar:1.27:compile
[[1;36mDEBUG[m]       org.eclipse.tycho:sisu-equinox-launching:jar:4.0.10:compile
[[1;36mDEBUG[m]          org.eclipse.tycho:tycho-api:jar:4.0.10:compile
[[1;36mDEBUG[m]          org.eclipse.platform:org.eclipse.osgi:jar:3.21.0:compile (version managed from default)
[[1;36mDEBUG[m]          org.apache.commons:commons-exec:jar:1.4.0:compile (version managed from default)
[[1;36mDEBUG[m]          org.codehaus.plexus:plexus-component-annotations:jar:2.2.0:compile (version managed from default)
[[1;36mDEBUG[m]       org.eclipse.tycho:sisu-osgi-api:jar:4.0.10:compile
[[1;36mDEBUG[m]       org.eclipse.tycho:tycho-metadata-model:jar:4.0.10:compile
[[1;36mDEBUG[m]          de.pdark:decentxml:jar:1.4:compile (version managed from default)
[[1;36mDEBUG[m]          biz.aQute.bnd:biz.aQute.repository:jar:7.0.0:compile
[[1;36mDEBUG[m]          org.osgi:org.osgi.resource:jar:1.0.1:compile
[[1;36mDEBUG[m]       org.eclipse.tycho:tycho-spi:jar:4.0.10:compile
[[1;36mDEBUG[m]       org.eclipse.tycho:p2-maven-plugin:jar:4.0.10:compile
[[1;36mDEBUG[m]          org.eclipse.platform:org.eclipse.equinox.p2.core:jar:2.12.100:compile
[[1;36mDEBUG[m]          org.eclipse.platform:org.eclipse.equinox.p2.publisher:jar:1.9.200:compile
[[1;36mDEBUG[m]             org.eclipse.platform:org.eclipse.equinox.p2.artifact.repository:jar:1.5.400:compile
[[1;36mDEBUG[m]          org.eclipse.platform:org.eclipse.equinox.p2.director:jar:2.6.400:compile
[[1;36mDEBUG[m]             org.ow2.sat4j:org.ow2.sat4j.core:jar:2.3.6:compile
[[1;36mDEBUG[m]             org.ow2.sat4j:org.ow2.sat4j.pb:jar:2.3.6:compile
[[1;36mDEBUG[m]          org.eclipse.platform:org.eclipse.equinox.p2.engine:jar:2.10.200:compile
[[1;36mDEBUG[m]             org.osgi:org.osgi.service.prefs:jar:1.1.2:compile
[[1;36mDEBUG[m]          org.eclipse.platform:org.eclipse.equinox.p2.metadata:jar:2.9.100:compile
[[1;36mDEBUG[m]          org.eclipse.platform:org.eclipse.equinox.p2.repository:jar:2.9.100:compile (version managed from default)
[[1;36mDEBUG[m]             org.eclipse.platform:org.eclipse.equinox.security:jar:1.4.300:compile
[[1;36mDEBUG[m]          org.eclipse.platform:org.eclipse.osgi.compatibility.state:jar:1.2.1000:compile
[[1;36mDEBUG[m]          org.eclipse.platform:org.eclipse.equinox.p2.publisher.eclipse:jar:1.6.200:compile (version managed from default)
[[1;36mDEBUG[m]          org.eclipse.platform:org.eclipse.equinox.frameworkadmin:jar:2.3.200:compile
[[1;36mDEBUG[m]          org.eclipse.platform:org.eclipse.equinox.preferences:jar:3.11.100:compile
[[1;36mDEBUG[m]          org.eclipse.platform:org.eclipse.equinox.p2.metadata.repository:jar:1.5.400:compile
[[1;36mDEBUG[m]          org.eclipse.platform:org.eclipse.equinox.p2.updatesite:jar:1.3.400:compile
[[1;36mDEBUG[m]          org.eclipse.tycho:sisu-osgi-connect:jar:4.0.10:compile
[[1;36mDEBUG[m]          org.eclipse.platform:org.eclipse.equinox.p2.jarprocessor:jar:1.3.400:compile
[[1;36mDEBUG[m]          org.eclipse.platform:org.eclipse.equinox.p2.touchpoint.natives:jar:1.5.300:compile
[[1;36mDEBUG[m]          org.eclipse.platform:org.eclipse.equinox.p2.touchpoint.eclipse:jar:2.4.300:compile
[[1;36mDEBUG[m]          org.eclipse.platform:org.eclipse.equinox.p2.garbagecollector:jar:1.3.300:compile
[[1;36mDEBUG[m]          org.eclipse.platform:org.eclipse.equinox.p2.director.app:jar:1.3.400:compile
[[1;36mDEBUG[m]          org.eclipse.platform:org.eclipse.equinox.p2.repository.tools:jar:2.4.400:compile
[[1;36mDEBUG[m]          org.eclipse.platform:org.eclipse.equinox.concurrent:jar:1.3.100:compile
[[1;36mDEBUG[m]          org.eclipse.platform:org.eclipse.equinox.simpleconfigurator:jar:1.5.300:compile
[[1;36mDEBUG[m]          org.eclipse.platform:org.eclipse.equinox.app:jar:1.7.200:compile
[[1;36mDEBUG[m]          org.eclipse.platform:org.eclipse.equinox.frameworkadmin.equinox:jar:1.3.200:compile
[[1;36mDEBUG[m]          org.eclipse.platform:org.eclipse.equinox.simpleconfigurator.manipulator:jar:2.3.300:compile (version managed from default)
[[1;36mDEBUG[m]          org.apache.felix:org.apache.felix.scr:jar:2.2.12:compile
[[1;36mDEBUG[m]             org.codehaus.mojo:animal-sniffer-annotations:jar:1.9:compile
[[1;36mDEBUG[m]          org.osgi:org.osgi.service.component:jar:1.5.1:compile
[[1;36mDEBUG[m]             org.osgi:org.osgi.namespace.extender:jar:1.0.1:compile
[[1;36mDEBUG[m]          org.bouncycastle:bcpg-jdk18on:jar:1.78.1:compile (version managed from default)
[[1;36mDEBUG[m]          org.bouncycastle:bcprov-jdk18on:jar:1.78.1:compile (version managed from default)
[[1;36mDEBUG[m]          org.bouncycastle:bcutil-jdk18on:jar:1.78.1:compile (version managed from default)
[[1;36mDEBUG[m]          commons-net:commons-net:jar:3.11.1:compile (version managed from default)
[[1;36mDEBUG[m]       org.eclipse.tycho:tycho-targetplatform:jar:4.0.10:compile
[[1;36mDEBUG[m]       org.eclipse.tycho:tycho-p2:jar:4.0.10:compile
[[1;36mDEBUG[m]       org.eclipse.platform:org.eclipse.core.runtime:jar:3.31.100:compile (version managed from default)
[[1;36mDEBUG[m]          org.eclipse.platform:org.eclipse.equinox.common:jar:3.19.100:compile
[[1;36mDEBUG[m]          org.eclipse.platform:org.eclipse.core.jobs:jar:3.15.300:compile
[[1;36mDEBUG[m]          org.eclipse.platform:org.eclipse.equinox.registry:jar:3.12.100:compile
[[1;36mDEBUG[m]          org.eclipse.platform:org.eclipse.core.contenttype:jar:3.9.400:compile
[[1;36mDEBUG[m]       biz.aQute.bnd:biz.aQute.bndlib:jar:7.0.0:compile (version managed from default) (exclusions managed from default)
[[1;36mDEBUG[m]          biz.aQute.bnd:biz.aQute.bnd.util:jar:7.0.0:compile
[[1;36mDEBUG[m]       org.osgi:org.osgi.service.repository:jar:1.1.0:compile
[[1;36mDEBUG[m]       org.osgi:org.osgi.util.function:jar:1.2.0:compile
[[1;36mDEBUG[m]          org.osgi:osgi.annotation:jar:8.0.1:compile
[[1;36mDEBUG[m]       org.osgi:org.osgi.util.promise:jar:1.3.0:compile
[[1;36mDEBUG[m]       org.slf4j:slf4j-api:jar:2.0.16:compile
[[1;36mDEBUG[m]       commons-io:commons-io:jar:2.17.0:compile (version managed from default)
[[1;36mDEBUG[m]       commons-codec:commons-codec:jar:1.17.1:compile
[[1;36mDEBUG[m]       org.eclipse.jdt:org.eclipse.jdt.core:jar:3.38.0:compile
[[1;36mDEBUG[m]          org.eclipse.platform:org.eclipse.core.resources:jar:3.20.200:compile
[[1;36mDEBUG[m]             org.eclipse.platform:org.eclipse.core.expressions:jar:3.9.400:compile
[[1;36mDEBUG[m]          org.eclipse.platform:org.eclipse.core.filesystem:jar:1.10.400:compile
[[1;36mDEBUG[m]          org.eclipse.platform:org.eclipse.text:jar:3.14.100:compile
[[1;36mDEBUG[m]             org.eclipse.platform:org.eclipse.core.commands:jar:3.12.100:compile
[[1;36mDEBUG[m]          org.eclipse.jdt:ecj:jar:3.38.0:compile (version managed from default)
[[1;36mDEBUG[m] Created new class realm extension>org.eclipse.tycho:tycho-maven-plugin:4.0.10
[[1;36mDEBUG[m] Importing foreign packages into class realm extension>org.eclipse.tycho:tycho-maven-plugin:4.0.10
[[1;36mDEBUG[m]   Imported:  < maven.api
[[1;36mDEBUG[m] Populating class realm extension>org.eclipse.tycho:tycho-maven-plugin:4.0.10
[[1;36mDEBUG[m]   Included: org.eclipse.tycho:tycho-maven-plugin:jar:4.0.10
[[1;36mDEBUG[m]   Included: org.eclipse.tycho:tycho-core:jar:4.0.10
[[1;36mDEBUG[m]   Included: org.codehaus.plexus:plexus-archiver:jar:4.10.0
[[1;36mDEBUG[m]   Included: org.codehaus.plexus:plexus-utils:jar:3.5.1
[[1;36mDEBUG[m]   Included: org.codehaus.plexus:plexus-io:jar:3.5.0
[[1;36mDEBUG[m]   Included: org.apache.commons:commons-compress:jar:1.27.1
[[1;36mDEBUG[m]   Included: org.apache.commons:commons-lang3:jar:3.17.0
[[1;36mDEBUG[m]   Included: io.airlift:aircompressor:jar:0.27
[[1;36mDEBUG[m]   Included: org.tukaani:xz:jar:1.9
[[1;36mDEBUG[m]   Included: com.github.luben:zstd-jni:jar:1.5.6-3
[[1;36mDEBUG[m]   Included: org.codehaus.plexus:plexus-interpolation:jar:1.27
[[1;36mDEBUG[m]   Included: org.eclipse.tycho:sisu-equinox-launching:jar:4.0.10
[[1;36mDEBUG[m]   Included: org.eclipse.tycho:tycho-api:jar:4.0.10
[[1;36mDEBUG[m]   Included: org.eclipse.platform:org.eclipse.osgi:jar:3.21.0
[[1;36mDEBUG[m]   Included: org.apache.commons:commons-exec:jar:1.4.0
[[1;36mDEBUG[m]   Included: org.codehaus.plexus:plexus-component-annotations:jar:2.2.0
[[1;36mDEBUG[m]   Included: org.eclipse.tycho:sisu-osgi-api:jar:4.0.10
[[1;36mDEBUG[m]   Included: org.eclipse.tycho:tycho-metadata-model:jar:4.0.10
[[1;36mDEBUG[m]   Included: de.pdark:decentxml:jar:1.4
[[1;36mDEBUG[m]   Included: biz.aQute.bnd:biz.aQute.repository:jar:7.0.0
[[1;36mDEBUG[m]   Included: org.osgi:org.osgi.resource:jar:1.0.1
[[1;36mDEBUG[m]   Included: org.eclipse.tycho:tycho-spi:jar:4.0.10
[[1;36mDEBUG[m]   Included: org.eclipse.tycho:p2-maven-plugin:jar:4.0.10
[[1;36mDEBUG[m]   Included: org.eclipse.platform:org.eclipse.equinox.p2.core:jar:2.12.100
[[1;36mDEBUG[m]   Included: org.eclipse.platform:org.eclipse.equinox.p2.publisher:jar:1.9.200
[[1;36mDEBUG[m]   Included: org.eclipse.platform:org.eclipse.equinox.p2.artifact.repository:jar:1.5.400
[[1;36mDEBUG[m]   Included: org.eclipse.platform:org.eclipse.equinox.p2.director:jar:2.6.400
[[1;36mDEBUG[m]   Included: org.ow2.sat4j:org.ow2.sat4j.core:jar:2.3.6
[[1;36mDEBUG[m]   Included: org.ow2.sat4j:org.ow2.sat4j.pb:jar:2.3.6
[[1;36mDEBUG[m]   Included: org.eclipse.platform:org.eclipse.equinox.p2.engine:jar:2.10.200
[[1;36mDEBUG[m]   Included: org.osgi:org.osgi.service.prefs:jar:1.1.2
[[1;36mDEBUG[m]   Included: org.eclipse.platform:org.eclipse.equinox.p2.metadata:jar:2.9.100
[[1;36mDEBUG[m]   Included: org.eclipse.platform:org.eclipse.equinox.p2.repository:jar:2.9.100
[[1;36mDEBUG[m]   Included: org.eclipse.platform:org.eclipse.equinox.security:jar:1.4.300
[[1;36mDEBUG[m]   Included: org.eclipse.platform:org.eclipse.osgi.compatibility.state:jar:1.2.1000
[[1;36mDEBUG[m]   Included: org.eclipse.platform:org.eclipse.equinox.p2.publisher.eclipse:jar:1.6.200
[[1;36mDEBUG[m]   Included: org.eclipse.platform:org.eclipse.equinox.frameworkadmin:jar:2.3.200
[[1;36mDEBUG[m]   Included: org.eclipse.platform:org.eclipse.equinox.preferences:jar:3.11.100
[[1;36mDEBUG[m]   Included: org.eclipse.platform:org.eclipse.equinox.p2.metadata.repository:jar:1.5.400
[[1;36mDEBUG[m]   Included: org.eclipse.platform:org.eclipse.equinox.p2.updatesite:jar:1.3.400
[[1;36mDEBUG[m]   Included: org.eclipse.tycho:sisu-osgi-connect:jar:4.0.10
[[1;36mDEBUG[m]   Included: org.eclipse.platform:org.eclipse.equinox.p2.jarprocessor:jar:1.3.400
[[1;36mDEBUG[m]   Included: org.eclipse.platform:org.eclipse.equinox.p2.touchpoint.natives:jar:1.5.300
[[1;36mDEBUG[m]   Included: org.eclipse.platform:org.eclipse.equinox.p2.touchpoint.eclipse:jar:2.4.300
[[1;36mDEBUG[m]   Included: org.eclipse.platform:org.eclipse.equinox.p2.garbagecollector:jar:1.3.300
[[1;36mDEBUG[m]   Included: org.eclipse.platform:org.eclipse.equinox.p2.director.app:jar:1.3.400
[[1;36mDEBUG[m]   Included: org.eclipse.platform:org.eclipse.equinox.p2.repository.tools:jar:2.4.400
[[1;36mDEBUG[m]   Included: org.eclipse.platform:org.eclipse.equinox.concurrent:jar:1.3.100
[[1;36mDEBUG[m]   Included: org.eclipse.platform:org.eclipse.equinox.simpleconfigurator:jar:1.5.300
[[1;36mDEBUG[m]   Included: org.eclipse.platform:org.eclipse.equinox.app:jar:1.7.200
[[1;36mDEBUG[m]   Included: org.eclipse.platform:org.eclipse.equinox.frameworkadmin.equinox:jar:1.3.200
[[1;36mDEBUG[m]   Included: org.eclipse.platform:org.eclipse.equinox.simpleconfigurator.manipulator:jar:2.3.300
[[1;36mDEBUG[m]   Included: org.apache.felix:org.apache.felix.scr:jar:2.2.12
[[1;36mDEBUG[m]   Included: org.codehaus.mojo:animal-sniffer-annotations:jar:1.9
[[1;36mDEBUG[m]   Included: org.osgi:org.osgi.service.component:jar:1.5.1
[[1;36mDEBUG[m]   Included: org.osgi:org.osgi.namespace.extender:jar:1.0.1
[[1;36mDEBUG[m]   Included: org.bouncycastle:bcpg-jdk18on:jar:1.78.1
[[1;36mDEBUG[m]   Included: org.bouncycastle:bcprov-jdk18on:jar:1.78.1
[[1;36mDEBUG[m]   Included: org.bouncycastle:bcutil-jdk18on:jar:1.78.1
[[1;36mDEBUG[m]   Included: commons-net:commons-net:jar:3.11.1
[[1;36mDEBUG[m]   Included: org.eclipse.tycho:tycho-targetplatform:jar:4.0.10
[[1;36mDEBUG[m]   Included: org.eclipse.tycho:tycho-p2:jar:4.0.10
[[1;36mDEBUG[m]   Included: org.eclipse.platform:org.eclipse.core.runtime:jar:3.31.100
[[1;36mDEBUG[m]   Included: org.eclipse.platform:org.eclipse.equinox.common:jar:3.19.100
[[1;36mDEBUG[m]   Included: org.eclipse.platform:org.eclipse.core.jobs:jar:3.15.300
[[1;36mDEBUG[m]   Included: org.eclipse.platform:org.eclipse.equinox.registry:jar:3.12.100
[[1;36mDEBUG[m]   Included: org.eclipse.platform:org.eclipse.core.contenttype:jar:3.9.400
[[1;36mDEBUG[m]   Included: biz.aQute.bnd:biz.aQute.bndlib:jar:7.0.0
[[1;36mDEBUG[m]   Included: biz.aQute.bnd:biz.aQute.bnd.util:jar:7.0.0
[[1;36mDEBUG[m]   Included: org.osgi:org.osgi.service.repository:jar:1.1.0
[[1;36mDEBUG[m]   Included: org.osgi:org.osgi.util.function:jar:1.2.0
[[1;36mDEBUG[m]   Included: org.osgi:osgi.annotation:jar:8.0.1
[[1;36mDEBUG[m]   Included: org.osgi:org.osgi.util.promise:jar:1.3.0
[[1;36mDEBUG[m]   Included: commons-io:commons-io:jar:2.17.0
[[1;36mDEBUG[m]   Included: commons-codec:commons-codec:jar:1.17.1
[[1;36mDEBUG[m]   Included: org.eclipse.jdt:org.eclipse.jdt.core:jar:3.38.0
[[1;36mDEBUG[m]   Included: org.eclipse.platform:org.eclipse.core.resources:jar:3.20.200
[[1;36mDEBUG[m]   Included: org.eclipse.platform:org.eclipse.core.expressions:jar:3.9.400
[[1;36mDEBUG[m]   Included: org.eclipse.platform:org.eclipse.core.filesystem:jar:1.10.400
[[1;36mDEBUG[m]   Included: org.eclipse.platform:org.eclipse.text:jar:3.14.100
[[1;36mDEBUG[m]   Included: org.eclipse.platform:org.eclipse.core.commands:jar:3.12.100
[[1;36mDEBUG[m]   Included: org.eclipse.jdt:ecj:jar:3.38.0
[[1;36mDEBUG[m] Extension realms for project turnus:turnus.core:pom:1.0.0-SNAPSHOT: [ClassRealm[extension>org.eclipse.tycho:tycho-maven-plugin:4.0.10, parent: jdk.internal.loader.ClassLoaders$AppClassLoader@639fee48]]
[[1;36mDEBUG[m] Created new class realm project>turnus:turnus.core:1.0.0-SNAPSHOT
[[1;36mDEBUG[m] Populating class realm project>turnus:turnus.core:1.0.0-SNAPSHOT
[[1;36mDEBUG[m] Looking up lifecycle mappings for packaging pom from ClassRealm[project>turnus:turnus.core:1.0.0-SNAPSHOT, parent: ClassRealm[maven.api, parent: null]]
[[1;36mDEBUG[m] Extension realms for project turnus:turnus.bundle:eclipse-plugin:1.0.0-SNAPSHOT: [ClassRealm[extension>org.eclipse.tycho:tycho-maven-plugin:4.0.10, parent: jdk.internal.loader.ClassLoaders$AppClassLoader@639fee48]]
[[1;36mDEBUG[m] Looking up lifecycle mappings for packaging eclipse-plugin from ClassRealm[project>turnus:turnus.core:1.0.0-SNAPSHOT, parent: ClassRealm[maven.api, parent: null]]
[[1;36mDEBUG[m] Extension realms for project turnus:turnus.common:eclipse-plugin:1.0.0-SNAPSHOT: [ClassRealm[extension>org.eclipse.tycho:tycho-maven-plugin:4.0.10, parent: jdk.internal.loader.ClassLoaders$AppClassLoader@639fee48]]
[[1;36mDEBUG[m] Looking up lifecycle mappings for packaging eclipse-plugin from ClassRealm[project>turnus:turnus.core:1.0.0-SNAPSHOT, parent: ClassRealm[maven.api, parent: null]]
[[1;36mDEBUG[m] Extension realms for project turnus:turnus.model:eclipse-plugin:1.0.0-SNAPSHOT: [ClassRealm[extension>org.eclipse.tycho:tycho-maven-plugin:4.0.10, parent: jdk.internal.loader.ClassLoaders$AppClassLoader@639fee48]]
[[1;36mDEBUG[m] Looking up lifecycle mappings for packaging eclipse-plugin from ClassRealm[project>turnus:turnus.core:1.0.0-SNAPSHOT, parent: ClassRealm[maven.api, parent: null]]
[[1;36mDEBUG[m] Extension realms for project turnus:turnus.adevs:eclipse-plugin:1.0.0-SNAPSHOT: [ClassRealm[extension>org.eclipse.tycho:tycho-maven-plugin:4.0.10, parent: jdk.internal.loader.ClassLoaders$AppClassLoader@639fee48]]
[[1;36mDEBUG[m] Looking up lifecycle mappings for packaging eclipse-plugin from ClassRealm[project>turnus:turnus.core:1.0.0-SNAPSHOT, parent: ClassRealm[maven.api, parent: null]]
[[1;36mDEBUG[m] Extension realms for project turnus:turnus.analysis:eclipse-plugin:1.0.0-SNAPSHOT: [ClassRealm[extension>org.eclipse.tycho:tycho-maven-plugin:4.0.10, parent: jdk.internal.loader.ClassLoaders$AppClassLoader@639fee48]]
[[1;36mDEBUG[m] Looking up lifecycle mappings for packaging eclipse-plugin from ClassRealm[project>turnus:turnus.core:1.0.0-SNAPSHOT, parent: ClassRealm[maven.api, parent: null]]
[[1;36mDEBUG[m] Extension realms for project turnus:turnus.ui:eclipse-plugin:1.0.0-SNAPSHOT: [ClassRealm[extension>org.eclipse.tycho:tycho-maven-plugin:4.0.10, parent: jdk.internal.loader.ClassLoaders$AppClassLoader@639fee48]]
[[1;36mDEBUG[m] Looking up lifecycle mappings for packaging eclipse-plugin from ClassRealm[project>turnus:turnus.core:1.0.0-SNAPSHOT, parent: ClassRealm[maven.api, parent: null]]
[[1;36mDEBUG[m] Extension realms for project turnus:turnus.analysis.ui:eclipse-plugin:1.0.0-SNAPSHOT: [ClassRealm[extension>org.eclipse.tycho:tycho-maven-plugin:4.0.10, parent: jdk.internal.loader.ClassLoaders$AppClassLoader@639fee48]]
[[1;36mDEBUG[m] Looking up lifecycle mappings for packaging eclipse-plugin from ClassRealm[project>turnus:turnus.core:1.0.0-SNAPSHOT, parent: ClassRealm[maven.api, parent: null]]
[[1;36mDEBUG[m] Extension realms for project turnus:turnus.target:eclipse-target-definition:1.0.0-SNAPSHOT: [ClassRealm[extension>org.eclipse.tycho:tycho-maven-plugin:4.0.10, parent: jdk.internal.loader.ClassLoaders$AppClassLoader@639fee48]]
[[1;36mDEBUG[m] Looking up lifecycle mappings for packaging eclipse-target-definition from ClassRealm[project>turnus:turnus.core:1.0.0-SNAPSHOT, parent: ClassRealm[maven.api, parent: null]]
[[1;36mDEBUG[m] Extension realms for project turnus:turnus.feature:eclipse-feature:1.0.0-SNAPSHOT: [ClassRealm[extension>org.eclipse.tycho:tycho-maven-plugin:4.0.10, parent: jdk.internal.loader.ClassLoaders$AppClassLoader@639fee48]]
[[1;36mDEBUG[m] Looking up lifecycle mappings for packaging eclipse-feature from ClassRealm[project>turnus:turnus.core:1.0.0-SNAPSHOT, parent: ClassRealm[maven.api, parent: null]]
[[1;36mDEBUG[m] Init instance extension>org.eclipse.tycho:tycho-maven-plugin:4.0.10 [ClassRealm[extension>org.eclipse.tycho:tycho-maven-plugin:4.0.10, parent: jdk.internal.loader.ClassLoaders$AppClassLoader@639fee48]]
[[1;34mINFO[m] Tycho Version:  4.0.10 (34d2d6b5223a28191d552396774c226b8f40d522)
[[1;34mINFO[m] Tycho Mode:     project
[[1;34mINFO[m] Tycho Builder:  maven
[[1;34mINFO[m] Build Threads:  1
[[1;36mDEBUG[m] org.eclipse.tycho:tycho-maven-plugin:4.0.10 configured in MavenProject: turnus:turnus.core:1.0.0-SNAPSHOT @ /home/endrix/git/dataflow/streamblocks/turnus/pom.xml
[[1;36mDEBUG[m] org.eclipse.tycho:tycho-source-plugin:4.0.10 configured in MavenProject: turnus:turnus.core:1.0.0-SNAPSHOT @ /home/endrix/git/dataflow/streamblocks/turnus/pom.xml
[[1;36mDEBUG[m] org.eclipse.tycho:tycho-p2-plugin:4.0.10 configured in MavenProject: turnus:turnus.core:1.0.0-SNAPSHOT @ /home/endrix/git/dataflow/streamblocks/turnus/pom.xml
[[1;36mDEBUG[m] org.eclipse.tycho:tycho-maven-plugin:4.0.10 configured in MavenProject: turnus:turnus.bundle:1.0.0-SNAPSHOT @ /home/endrix/git/dataflow/streamblocks/turnus/turnus.bundle/pom.xml
[[1;36mDEBUG[m] org.eclipse.tycho:tycho-source-plugin:4.0.10 configured in MavenProject: turnus:turnus.bundle:1.0.0-SNAPSHOT @ /home/endrix/git/dataflow/streamblocks/turnus/turnus.bundle/pom.xml
[[1;36mDEBUG[m] org.eclipse.tycho:tycho-p2-plugin:4.0.10 configured in MavenProject: turnus:turnus.bundle:1.0.0-SNAPSHOT @ /home/endrix/git/dataflow/streamblocks/turnus/turnus.bundle/pom.xml
[[1;36mDEBUG[m] org.eclipse.tycho:tycho-packaging-plugin:4.0.10 configured in MavenProject: turnus:turnus.bundle:1.0.0-SNAPSHOT @ /home/endrix/git/dataflow/streamblocks/turnus/turnus.bundle/pom.xml
[[1;36mDEBUG[m] org.eclipse.tycho:tycho-compiler-plugin:4.0.10 configured in MavenProject: turnus:turnus.bundle:1.0.0-SNAPSHOT @ /home/endrix/git/dataflow/streamblocks/turnus/turnus.bundle/pom.xml
[[1;36mDEBUG[m] org.eclipse.tycho:tycho-maven-plugin:4.0.10 configured in MavenProject: turnus:turnus.common:1.0.0-SNAPSHOT @ /home/endrix/git/dataflow/streamblocks/turnus/turnus.common/pom.xml
[[1;36mDEBUG[m] org.eclipse.tycho:tycho-source-plugin:4.0.10 configured in MavenProject: turnus:turnus.common:1.0.0-SNAPSHOT @ /home/endrix/git/dataflow/streamblocks/turnus/turnus.common/pom.xml
[[1;36mDEBUG[m] org.eclipse.tycho:tycho-p2-plugin:4.0.10 configured in MavenProject: turnus:turnus.common:1.0.0-SNAPSHOT @ /home/endrix/git/dataflow/streamblocks/turnus/turnus.common/pom.xml
[[1;36mDEBUG[m] org.eclipse.tycho:tycho-packaging-plugin:4.0.10 configured in MavenProject: turnus:turnus.common:1.0.0-SNAPSHOT @ /home/endrix/git/dataflow/streamblocks/turnus/turnus.common/pom.xml
[[1;36mDEBUG[m] org.eclipse.tycho:tycho-compiler-plugin:4.0.10 configured in MavenProject: turnus:turnus.common:1.0.0-SNAPSHOT @ /home/endrix/git/dataflow/streamblocks/turnus/turnus.common/pom.xml
[[1;36mDEBUG[m] org.eclipse.tycho:tycho-maven-plugin:4.0.10 configured in MavenProject: turnus:turnus.model:1.0.0-SNAPSHOT @ /home/endrix/git/dataflow/streamblocks/turnus/turnus.model/pom.xml
[[1;36mDEBUG[m] org.eclipse.tycho:tycho-source-plugin:4.0.10 configured in MavenProject: turnus:turnus.model:1.0.0-SNAPSHOT @ /home/endrix/git/dataflow/streamblocks/turnus/turnus.model/pom.xml
[[1;36mDEBUG[m] org.eclipse.tycho:tycho-p2-plugin:4.0.10 configured in MavenProject: turnus:turnus.model:1.0.0-SNAPSHOT @ /home/endrix/git/dataflow/streamblocks/turnus/turnus.model/pom.xml
[[1;36mDEBUG[m] org.eclipse.tycho:tycho-packaging-plugin:4.0.10 configured in MavenProject: turnus:turnus.model:1.0.0-SNAPSHOT @ /home/endrix/git/dataflow/streamblocks/turnus/turnus.model/pom.xml
[[1;36mDEBUG[m] org.eclipse.tycho:tycho-compiler-plugin:4.0.10 configured in MavenProject: turnus:turnus.model:1.0.0-SNAPSHOT @ /home/endrix/git/dataflow/streamblocks/turnus/turnus.model/pom.xml
[[1;36mDEBUG[m] org.eclipse.tycho:tycho-maven-plugin:4.0.10 configured in MavenProject: turnus:turnus.adevs:1.0.0-SNAPSHOT @ /home/endrix/git/dataflow/streamblocks/turnus/turnus.adevs/pom.xml
[[1;36mDEBUG[m] org.eclipse.tycho:tycho-source-plugin:4.0.10 configured in MavenProject: turnus:turnus.adevs:1.0.0-SNAPSHOT @ /home/endrix/git/dataflow/streamblocks/turnus/turnus.adevs/pom.xml
[[1;36mDEBUG[m] org.eclipse.tycho:tycho-p2-plugin:4.0.10 configured in MavenProject: turnus:turnus.adevs:1.0.0-SNAPSHOT @ /home/endrix/git/dataflow/streamblocks/turnus/turnus.adevs/pom.xml
[[1;36mDEBUG[m] org.eclipse.tycho:tycho-packaging-plugin:4.0.10 configured in MavenProject: turnus:turnus.adevs:1.0.0-SNAPSHOT @ /home/endrix/git/dataflow/streamblocks/turnus/turnus.adevs/pom.xml
[[1;36mDEBUG[m] org.eclipse.tycho:tycho-compiler-plugin:4.0.10 configured in MavenProject: turnus:turnus.adevs:1.0.0-SNAPSHOT @ /home/endrix/git/dataflow/streamblocks/turnus/turnus.adevs/pom.xml
[[1;36mDEBUG[m] org.eclipse.tycho:tycho-maven-plugin:4.0.10 configured in MavenProject: turnus:turnus.analysis:1.0.0-SNAPSHOT @ /home/endrix/git/dataflow/streamblocks/turnus/turnus.analysis/pom.xml
[[1;36mDEBUG[m] org.eclipse.tycho:tycho-source-plugin:4.0.10 configured in MavenProject: turnus:turnus.analysis:1.0.0-SNAPSHOT @ /home/endrix/git/dataflow/streamblocks/turnus/turnus.analysis/pom.xml
[[1;36mDEBUG[m] org.eclipse.tycho:tycho-p2-plugin:4.0.10 configured in MavenProject: turnus:turnus.analysis:1.0.0-SNAPSHOT @ /home/endrix/git/dataflow/streamblocks/turnus/turnus.analysis/pom.xml
[[1;36mDEBUG[m] org.eclipse.tycho:tycho-packaging-plugin:4.0.10 configured in MavenProject: turnus:turnus.analysis:1.0.0-SNAPSHOT @ /home/endrix/git/dataflow/streamblocks/turnus/turnus.analysis/pom.xml
[[1;36mDEBUG[m] org.eclipse.tycho:tycho-compiler-plugin:4.0.10 configured in MavenProject: turnus:turnus.analysis:1.0.0-SNAPSHOT @ /home/endrix/git/dataflow/streamblocks/turnus/turnus.analysis/pom.xml
[[1;36mDEBUG[m] org.eclipse.tycho:tycho-maven-plugin:4.0.10 configured in MavenProject: turnus:turnus.ui:1.0.0-SNAPSHOT @ /home/endrix/git/dataflow/streamblocks/turnus/turnus.ui/pom.xml
[[1;36mDEBUG[m] org.eclipse.tycho:tycho-source-plugin:4.0.10 configured in MavenProject: turnus:turnus.ui:1.0.0-SNAPSHOT @ /home/endrix/git/dataflow/streamblocks/turnus/turnus.ui/pom.xml
[[1;36mDEBUG[m] org.eclipse.tycho:tycho-p2-plugin:4.0.10 configured in MavenProject: turnus:turnus.ui:1.0.0-SNAPSHOT @ /home/endrix/git/dataflow/streamblocks/turnus/turnus.ui/pom.xml
[[1;36mDEBUG[m] org.eclipse.tycho:tycho-packaging-plugin:4.0.10 configured in MavenProject: turnus:turnus.ui:1.0.0-SNAPSHOT @ /home/endrix/git/dataflow/streamblocks/turnus/turnus.ui/pom.xml
[[1;36mDEBUG[m] org.eclipse.tycho:tycho-compiler-plugin:4.0.10 configured in MavenProject: turnus:turnus.ui:1.0.0-SNAPSHOT @ /home/endrix/git/dataflow/streamblocks/turnus/turnus.ui/pom.xml
[[1;36mDEBUG[m] org.eclipse.tycho:tycho-maven-plugin:4.0.10 configured in MavenProject: turnus:turnus.analysis.ui:1.0.0-SNAPSHOT @ /home/endrix/git/dataflow/streamblocks/turnus/turnus.analysis.ui/pom.xml
[[1;36mDEBUG[m] org.eclipse.tycho:tycho-source-plugin:4.0.10 configured in MavenProject: turnus:turnus.analysis.ui:1.0.0-SNAPSHOT @ /home/endrix/git/dataflow/streamblocks/turnus/turnus.analysis.ui/pom.xml
[[1;36mDEBUG[m] org.eclipse.tycho:tycho-p2-plugin:4.0.10 configured in MavenProject: turnus:turnus.analysis.ui:1.0.0-SNAPSHOT @ /home/endrix/git/dataflow/streamblocks/turnus/turnus.analysis.ui/pom.xml
[[1;36mDEBUG[m] org.eclipse.tycho:tycho-packaging-plugin:4.0.10 configured in MavenProject: turnus:turnus.analysis.ui:1.0.0-SNAPSHOT @ /home/endrix/git/dataflow/streamblocks/turnus/turnus.analysis.ui/pom.xml
[[1;36mDEBUG[m] org.eclipse.tycho:tycho-compiler-plugin:4.0.10 configured in MavenProject: turnus:turnus.analysis.ui:1.0.0-SNAPSHOT @ /home/endrix/git/dataflow/streamblocks/turnus/turnus.analysis.ui/pom.xml
[[1;36mDEBUG[m] org.eclipse.tycho:tycho-maven-plugin:4.0.10 configured in MavenProject: turnus:turnus.target:1.0.0-SNAPSHOT @ /home/endrix/git/dataflow/streamblocks/turnus/turnus.target/pom.xml
[[1;36mDEBUG[m] org.eclipse.tycho:tycho-source-plugin:4.0.10 configured in MavenProject: turnus:turnus.target:1.0.0-SNAPSHOT @ /home/endrix/git/dataflow/streamblocks/turnus/turnus.target/pom.xml
[[1;36mDEBUG[m] org.eclipse.tycho:tycho-p2-plugin:4.0.10 configured in MavenProject: turnus:turnus.target:1.0.0-SNAPSHOT @ /home/endrix/git/dataflow/streamblocks/turnus/turnus.target/pom.xml
[[1;36mDEBUG[m] org.eclipse.tycho:tycho-packaging-plugin:4.0.10 configured in MavenProject: turnus:turnus.target:1.0.0-SNAPSHOT @ /home/endrix/git/dataflow/streamblocks/turnus/turnus.target/pom.xml
[[1;36mDEBUG[m] org.eclipse.tycho:tycho-maven-plugin:4.0.10 configured in MavenProject: turnus:turnus.feature:1.0.0-SNAPSHOT @ /home/endrix/git/dataflow/streamblocks/turnus/turnus.feature/pom.xml
[[1;36mDEBUG[m] org.eclipse.tycho:tycho-source-plugin:4.0.10 configured in MavenProject: turnus:turnus.feature:1.0.0-SNAPSHOT @ /home/endrix/git/dataflow/streamblocks/turnus/turnus.feature/pom.xml
[[1;36mDEBUG[m] org.eclipse.tycho:tycho-p2-plugin:4.0.10 configured in MavenProject: turnus:turnus.feature:1.0.0-SNAPSHOT @ /home/endrix/git/dataflow/streamblocks/turnus/turnus.feature/pom.xml
[[1;36mDEBUG[m] org.eclipse.tycho:tycho-packaging-plugin:4.0.10 configured in MavenProject: turnus:turnus.feature:1.0.0-SNAPSHOT @ /home/endrix/git/dataflow/streamblocks/turnus/turnus.feature/pom.xml
[[1;36mDEBUG[m] target-platform-configuration for MavenProject: turnus:turnus.bundle:1.0.0-SNAPSHOT @ /home/endrix/git/dataflow/streamblocks/turnus/turnus.bundle/pom.xml:
<?xml version="1.0" encoding="UTF-8"?>
<configuration>
  <pomDependencies>wrapAsBundle</pomDependencies>
  <target>
    <artifact>
      <groupId>turnus</groupId>
      <artifactId>turnus.target</artifactId>
      <version>1.0.0-SNAPSHOT</version>
    </artifact>
  </target>
  <executionEnvironment>JavaSE-17</executionEnvironment>
  <environments>
    <environment>
      <os>macosx</os>
      <ws>cocoa</ws>
      <arch>x86_64</arch>
    </environment>
    <environment>
      <os>macosx</os>
      <ws>cocoa</ws>
      <arch>aarch64</arch>
    </environment>
    <environment>
      <os>win32</os>
      <ws>win32</ws>
      <arch>x86_64</arch>
    </environment>
    <environment>
      <os>linux</os>
      <ws>gtk</ws>
      <arch>x86_64</arch>
    </environment>
  </environments>
  <dependency-resolution>
    <extraRequirements>
      <requirement>
        <type>eclipse-plugin</type>
        <id>org.eclipse.xtext.logging</id>
        <versionRange>1.2.24</versionRange>
      </requirement>
      <requirement>
        <type>eclipse-feature</type>
        <id>org.eclipse.rcp</id>
        <versionRange>0.0.0</versionRange>
      </requirement>
    </extraRequirements>
  </dependency-resolution>
</configuration>
[[1;36mDEBUG[m] Using mirror maven-default-http-blocker (http://0.0.0.0/) for apache.snapshots (http://repository.apache.org/snapshots).
[[1;36mDEBUG[m] Dependency collection stats {ConflictMarker.analyzeTime=800897, ConflictMarker.markTime=333065, ConflictMarker.nodeCount=454, ConflictIdSorter.graphTime=532588, ConflictIdSorter.topsortTime=178862, ConflictIdSorter.conflictIdCount=121, ConflictIdSorter.conflictIdCycleCount=0, ConflictResolver.totalTime=6740253, ConflictResolver.conflictItemCount=417, DfDependencyCollector.collectTime=194230061, DfDependencyCollector.transformTime=8668881}
[[1;36mDEBUG[m] org.eclipse.tycho:tycho-source-plugin:jar:4.0.10
[[1;36mDEBUG[m]    org.apache.maven.plugins:maven-source-plugin:jar:3.2.1:compile
[[1;36mDEBUG[m]       org.apache.maven:maven-model:jar:3.9.9:provided (scope managed from default) (version managed from default)
[[1;36mDEBUG[m]       org.apache.maven:maven-plugin-api:jar:3.9.9:provided (scope managed from default) (version managed from default)
[[1;36mDEBUG[m]          org.eclipse.sisu:org.eclipse.sisu.plexus:jar:0.9.0.M2:provided (scope managed from default) (version managed from default)
[[1;36mDEBUG[m]             javax.annotation:javax.annotation-api:jar:1.2:provided
[[1;36mDEBUG[m]          org.codehaus.plexus:plexus-classworlds:jar:2.8.0:provided
[[1;36mDEBUG[m]       org.apache.maven:maven-core:jar:3.9.9:provided (scope managed from default) (version managed from default)
[[1;36mDEBUG[m]          org.apache.maven:maven-settings:jar:3.9.9:provided (scope managed from default) (version managed from default)
[[1;36mDEBUG[m]          org.apache.maven:maven-settings-builder:jar:3.9.9:provided
[[1;36mDEBUG[m]             org.codehaus.plexus:plexus-sec-dispatcher:jar:2.0:provided
[[1;36mDEBUG[m]                org.codehaus.plexus:plexus-cipher:jar:2.0:provided
[[1;36mDEBUG[m]          org.apache.maven:maven-builder-support:jar:3.9.9:provided
[[1;36mDEBUG[m]          org.apache.maven:maven-repository-metadata:jar:3.9.9:provided
[[1;36mDEBUG[m]          org.apache.maven:maven-model-builder:jar:3.9.9:provided
[[1;36mDEBUG[m]          org.apache.maven:maven-resolver-provider:jar:3.9.9:provided
[[1;36mDEBUG[m]          org.apache.maven.resolver:maven-resolver-impl:jar:1.9.22:provided
[[1;36mDEBUG[m]             org.apache.maven.resolver:maven-resolver-named-locks:jar:1.9.22:provided
[[1;36mDEBUG[m]          org.apache.maven.resolver:maven-resolver-api:jar:1.9.22:compile
[[1;36mDEBUG[m]          org.apache.maven.resolver:maven-resolver-spi:jar:1.9.22:provided
[[1;36mDEBUG[m]          org.apache.maven.shared:maven-shared-utils:jar:3.4.2:provided
[[1;36mDEBUG[m]          org.eclipse.sisu:org.eclipse.sisu.inject:jar:0.9.0.M3:provided
[[1;36mDEBUG[m]          com.google.inject:guice:jar:5.1.0:provided
[[1;36mDEBUG[m]             aopalliance:aopalliance:jar:1.0:provided
[[1;36mDEBUG[m]          com.google.guava:guava:jar:33.2.1-jre:provided
[[1;36mDEBUG[m]          com.google.guava:failureaccess:jar:1.0.2:provided
[[1;36mDEBUG[m]          javax.inject:javax.inject:jar:1:compile
[[1;36mDEBUG[m]          org.codehaus.plexus:plexus-component-annotations:jar:2.2.0:compile (version managed from default)
[[1;36mDEBUG[m]       org.apache.maven:maven-archiver:jar:3.6.3:compile (version managed from default)
[[1;36mDEBUG[m]       org.codehaus.plexus:plexus-archiver:jar:4.10.0:compile (version managed from default)
[[1;36mDEBUG[m]          org.codehaus.plexus:plexus-io:jar:3.5.0:compile
[[1;36mDEBUG[m]          org.apache.commons:commons-compress:jar:1.27.1:compile (version managed from default)
[[1;36mDEBUG[m]             org.apache.commons:commons-lang3:jar:3.17.0:compile (version managed from default)
[[1;36mDEBUG[m]          io.airlift:aircompressor:jar:0.27:compile
[[1;36mDEBUG[m]          org.tukaani:xz:jar:1.9:compile
[[1;36mDEBUG[m]          com.github.luben:zstd-jni:jar:1.5.6-3:runtime
[[1;36mDEBUG[m]       org.codehaus.plexus:plexus-utils:jar:3.5.1:compile (version managed from default)
[[1;36mDEBUG[m]    org.eclipse.tycho:tycho-core:jar:4.0.10:compile
[[1;36mDEBUG[m]       org.apache.maven.resolver:maven-resolver-util:jar:1.9.20:compile
[[1;36mDEBUG[m]       org.codehaus.plexus:plexus-interpolation:jar:1.27:compile
[[1;36mDEBUG[m]       org.eclipse.tycho:sisu-equinox-launching:jar:4.0.10:compile
[[1;36mDEBUG[m]          org.eclipse.tycho:tycho-api:jar:4.0.10:compile
[[1;36mDEBUG[m]          org.eclipse.platform:org.eclipse.osgi:jar:3.21.0:compile (version managed from default)
[[1;36mDEBUG[m]          org.apache.commons:commons-exec:jar:1.4.0:compile (version managed from default)
[[1;36mDEBUG[m]       org.eclipse.tycho:sisu-osgi-api:jar:4.0.10:compile
[[1;36mDEBUG[m]       org.eclipse.tycho:tycho-metadata-model:jar:4.0.10:compile
[[1;36mDEBUG[m]          biz.aQute.bnd:biz.aQute.repository:jar:7.0.0:compile
[[1;36mDEBUG[m]          org.osgi:org.osgi.resource:jar:1.0.1:compile
[[1;36mDEBUG[m]       org.eclipse.tycho:tycho-spi:jar:4.0.10:compile
[[1;36mDEBUG[m]       org.eclipse.tycho:p2-maven-plugin:jar:4.0.10:compile
[[1;36mDEBUG[m]          org.eclipse.platform:org.eclipse.equinox.p2.core:jar:2.12.100:compile
[[1;36mDEBUG[m]          org.eclipse.platform:org.eclipse.equinox.p2.publisher:jar:1.9.200:compile
[[1;36mDEBUG[m]             org.eclipse.platform:org.eclipse.equinox.p2.artifact.repository:jar:1.5.400:compile
[[1;36mDEBUG[m]          org.eclipse.platform:org.eclipse.equinox.p2.director:jar:2.6.400:compile
[[1;36mDEBUG[m]             org.ow2.sat4j:org.ow2.sat4j.core:jar:2.3.6:compile
[[1;36mDEBUG[m]             org.ow2.sat4j:org.ow2.sat4j.pb:jar:2.3.6:compile
[[1;36mDEBUG[m]          org.eclipse.platform:org.eclipse.equinox.p2.engine:jar:2.10.200:compile
[[1;36mDEBUG[m]             org.osgi:org.osgi.service.prefs:jar:1.1.2:compile
[[1;36mDEBUG[m]          org.eclipse.platform:org.eclipse.equinox.p2.metadata:jar:2.9.100:compile
[[1;36mDEBUG[m]          org.eclipse.platform:org.eclipse.equinox.p2.repository:jar:2.9.100:compile (version managed from default)
[[1;36mDEBUG[m]             org.eclipse.platform:org.eclipse.equinox.security:jar:1.4.300:compile
[[1;36mDEBUG[m]          org.eclipse.platform:org.eclipse.osgi.compatibility.state:jar:1.2.1000:compile
[[1;36mDEBUG[m]          org.eclipse.platform:org.eclipse.equinox.p2.publisher.eclipse:jar:1.6.200:compile (version managed from default)
[[1;36mDEBUG[m]          org.eclipse.platform:org.eclipse.equinox.frameworkadmin:jar:2.3.200:compile
[[1;36mDEBUG[m]          org.eclipse.platform:org.eclipse.equinox.preferences:jar:3.11.100:compile
[[1;36mDEBUG[m]          org.eclipse.platform:org.eclipse.equinox.p2.metadata.repository:jar:1.5.400:compile
[[1;36mDEBUG[m]          org.eclipse.platform:org.eclipse.equinox.p2.updatesite:jar:1.3.400:compile
[[1;36mDEBUG[m]          org.eclipse.tycho:sisu-osgi-connect:jar:4.0.10:compile
[[1;36mDEBUG[m]          org.eclipse.platform:org.eclipse.equinox.p2.jarprocessor:jar:1.3.400:compile
[[1;36mDEBUG[m]          org.eclipse.platform:org.eclipse.equinox.p2.touchpoint.natives:jar:1.5.300:compile
[[1;36mDEBUG[m]          org.eclipse.platform:org.eclipse.equinox.p2.touchpoint.eclipse:jar:2.4.300:compile
[[1;36mDEBUG[m]          org.eclipse.platform:org.eclipse.equinox.p2.garbagecollector:jar:1.3.300:compile
[[1;36mDEBUG[m]          org.eclipse.platform:org.eclipse.equinox.p2.director.app:jar:1.3.400:compile
[[1;36mDEBUG[m]          org.eclipse.platform:org.eclipse.equinox.p2.repository.tools:jar:2.4.400:compile
[[1;36mDEBUG[m]          org.eclipse.platform:org.eclipse.equinox.concurrent:jar:1.3.100:compile
[[1;36mDEBUG[m]          org.eclipse.platform:org.eclipse.equinox.simpleconfigurator:jar:1.5.300:compile
[[1;36mDEBUG[m]          org.eclipse.platform:org.eclipse.equinox.app:jar:1.7.200:compile
[[1;36mDEBUG[m]          org.eclipse.platform:org.eclipse.equinox.frameworkadmin.equinox:jar:1.3.200:compile
[[1;36mDEBUG[m]          org.eclipse.platform:org.eclipse.equinox.simpleconfigurator.manipulator:jar:2.3.300:compile (version managed from default)
[[1;36mDEBUG[m]          org.apache.felix:org.apache.felix.scr:jar:2.2.12:compile
[[1;36mDEBUG[m]             org.codehaus.mojo:animal-sniffer-annotations:jar:1.9:compile
[[1;36mDEBUG[m]          org.osgi:org.osgi.service.component:jar:1.5.1:compile
[[1;36mDEBUG[m]             org.osgi:org.osgi.namespace.extender:jar:1.0.1:compile
[[1;36mDEBUG[m]          org.bouncycastle:bcpg-jdk18on:jar:1.78.1:compile (version managed from default)
[[1;36mDEBUG[m]          org.bouncycastle:bcprov-jdk18on:jar:1.78.1:compile (version managed from default)
[[1;36mDEBUG[m]          org.bouncycastle:bcutil-jdk18on:jar:1.78.1:compile (version managed from default)
[[1;36mDEBUG[m]          commons-net:commons-net:jar:3.11.1:compile (version managed from default)
[[1;36mDEBUG[m]       org.eclipse.tycho:tycho-targetplatform:jar:4.0.10:compile
[[1;36mDEBUG[m]       org.eclipse.tycho:tycho-p2:jar:4.0.10:compile
[[1;36mDEBUG[m]       org.eclipse.platform:org.eclipse.core.runtime:jar:3.31.100:compile (version managed from default)
[[1;36mDEBUG[m]          org.eclipse.platform:org.eclipse.equinox.common:jar:3.19.100:compile
[[1;36mDEBUG[m]          org.eclipse.platform:org.eclipse.core.jobs:jar:3.15.300:compile
[[1;36mDEBUG[m]          org.eclipse.platform:org.eclipse.equinox.registry:jar:3.12.100:compile
[[1;36mDEBUG[m]          org.eclipse.platform:org.eclipse.core.contenttype:jar:3.9.400:compile
[[1;36mDEBUG[m]       org.osgi:org.osgi.service.repository:jar:1.1.0:compile
[[1;36mDEBUG[m]       org.osgi:org.osgi.util.function:jar:1.2.0:compile
[[1;36mDEBUG[m]          org.osgi:osgi.annotation:jar:8.0.1:compile
[[1;36mDEBUG[m]       org.osgi:org.osgi.util.promise:jar:1.3.0:compile
[[1;36mDEBUG[m]       org.slf4j:slf4j-api:jar:2.0.16:compile
[[1;36mDEBUG[m]       commons-io:commons-io:jar:2.17.0:compile (version managed from default)
[[1;36mDEBUG[m]       commons-codec:commons-codec:jar:1.17.1:compile
[[1;36mDEBUG[m]       org.eclipse.jdt:org.eclipse.jdt.core:jar:3.38.0:compile
[[1;36mDEBUG[m]          org.eclipse.platform:org.eclipse.core.resources:jar:3.20.200:compile
[[1;36mDEBUG[m]             org.eclipse.platform:org.eclipse.core.expressions:jar:3.9.400:compile
[[1;36mDEBUG[m]          org.eclipse.platform:org.eclipse.core.filesystem:jar:1.10.400:compile
[[1;36mDEBUG[m]          org.eclipse.platform:org.eclipse.text:jar:3.14.100:compile
[[1;36mDEBUG[m]             org.eclipse.platform:org.eclipse.core.commands:jar:3.12.100:compile
[[1;36mDEBUG[m]          org.eclipse.jdt:ecj:jar:3.38.0:compile (version managed from default)
[[1;36mDEBUG[m]    de.pdark:decentxml:jar:1.4:compile
[[1;36mDEBUG[m]    org.eclipse.tycho:tycho-packaging-plugin:jar:4.0.10:compile
[[1;36mDEBUG[m]       com.konghq:unirest-java:jar:3.14.5:compile
[[1;36mDEBUG[m]          org.apache.httpcomponents:httpclient:jar:4.5.13:compile
[[1;36mDEBUG[m]             org.apache.httpcomponents:httpcore:jar:4.4.13:compile
[[1;36mDEBUG[m]             commons-logging:commons-logging:jar:1.2:compile
[[1;36mDEBUG[m]          org.apache.httpcomponents:httpmime:jar:4.5.13:compile
[[1;36mDEBUG[m]          org.apache.httpcomponents:httpcore-nio:jar:4.4.13:compile
[[1;36mDEBUG[m]          org.apache.httpcomponents:httpasyncclient:jar:4.1.5:compile
[[1;36mDEBUG[m]          com.google.code.gson:gson:jar:2.10:compile
[[1;36mDEBUG[m]       org.sonatype.plexus:plexus-build-api:jar:0.0.7:compile (version managed from default)
[[1;36mDEBUG[m]    biz.aQute.bnd:biz.aQute.bndlib:jar:7.0.0:compile (exclusions managed from default)
[[1;36mDEBUG[m]       biz.aQute.bnd:biz.aQute.bnd.util:jar:7.0.0:compile
[[1;36mDEBUG[m] Created new class realm plugin>org.eclipse.tycho:tycho-source-plugin:4.0.10
[[1;36mDEBUG[m] Importing foreign packages into class realm plugin>org.eclipse.tycho:tycho-source-plugin:4.0.10
[[1;36mDEBUG[m]   Imported:  < project>turnus:turnus.core:1.0.0-SNAPSHOT
[[1;36mDEBUG[m] Populating class realm plugin>org.eclipse.tycho:tycho-source-plugin:4.0.10
[[1;36mDEBUG[m]   Included: org.eclipse.tycho:tycho-source-plugin:jar:4.0.10
[[1;36mDEBUG[m]   Included: org.apache.maven.plugins:maven-source-plugin:jar:3.2.1
[[1;36mDEBUG[m]   Included: org.codehaus.plexus:plexus-component-annotations:jar:2.2.0
[[1;36mDEBUG[m]   Included: org.apache.maven:maven-archiver:jar:3.6.3
[[1;36mDEBUG[m]   Included: org.codehaus.plexus:plexus-archiver:jar:4.10.0
[[1;36mDEBUG[m]   Included: org.codehaus.plexus:plexus-io:jar:3.5.0
[[1;36mDEBUG[m]   Included: org.apache.commons:commons-compress:jar:1.27.1
[[1;36mDEBUG[m]   Included: org.apache.commons:commons-lang3:jar:3.17.0
[[1;36mDEBUG[m]   Included: io.airlift:aircompressor:jar:0.27
[[1;36mDEBUG[m]   Included: org.tukaani:xz:jar:1.9
[[1;36mDEBUG[m]   Included: com.github.luben:zstd-jni:jar:1.5.6-3
[[1;36mDEBUG[m]   Included: org.codehaus.plexus:plexus-utils:jar:3.5.1
[[1;36mDEBUG[m]   Included: org.codehaus.plexus:plexus-interpolation:jar:1.27
[[1;36mDEBUG[m]   Included: org.eclipse.tycho:sisu-equinox-launching:jar:4.0.10
[[1;36mDEBUG[m]   Included: org.eclipse.tycho:tycho-api:jar:4.0.10
[[1;36mDEBUG[m]   Included: org.eclipse.platform:org.eclipse.osgi:jar:3.21.0
[[1;36mDEBUG[m]   Included: org.apache.commons:commons-exec:jar:1.4.0
[[1;36mDEBUG[m]   Included: org.eclipse.tycho:sisu-osgi-api:jar:4.0.10
[[1;36mDEBUG[m]   Included: biz.aQute.bnd:biz.aQute.repository:jar:7.0.0
[[1;36mDEBUG[m]   Included: org.osgi:org.osgi.resource:jar:1.0.1
[[1;36mDEBUG[m]   Included: org.eclipse.tycho:tycho-spi:jar:4.0.10
[[1;36mDEBUG[m]   Included: org.eclipse.tycho:p2-maven-plugin:jar:4.0.10
[[1;36mDEBUG[m]   Included: org.eclipse.platform:org.eclipse.equinox.p2.publisher:jar:1.9.200
[[1;36mDEBUG[m]   Included: org.eclipse.platform:org.eclipse.equinox.p2.artifact.repository:jar:1.5.400
[[1;36mDEBUG[m]   Included: org.eclipse.platform:org.eclipse.equinox.p2.director:jar:2.6.400
[[1;36mDEBUG[m]   Included: org.ow2.sat4j:org.ow2.sat4j.core:jar:2.3.6
[[1;36mDEBUG[m]   Included: org.ow2.sat4j:org.ow2.sat4j.pb:jar:2.3.6
[[1;36mDEBUG[m]   Included: org.eclipse.platform:org.eclipse.equinox.p2.engine:jar:2.10.200
[[1;36mDEBUG[m]   Included: org.osgi:org.osgi.service.prefs:jar:1.1.2
[[1;36mDEBUG[m]   Included: org.eclipse.platform:org.eclipse.equinox.p2.metadata:jar:2.9.100
[[1;36mDEBUG[m]   Included: org.eclipse.platform:org.eclipse.equinox.p2.repository:jar:2.9.100
[[1;36mDEBUG[m]   Included: org.eclipse.platform:org.eclipse.equinox.security:jar:1.4.300
[[1;36mDEBUG[m]   Included: org.eclipse.platform:org.eclipse.osgi.compatibility.state:jar:1.2.1000
[[1;36mDEBUG[m]   Included: org.eclipse.platform:org.eclipse.equinox.p2.publisher.eclipse:jar:1.6.200
[[1;36mDEBUG[m]   Included: org.eclipse.platform:org.eclipse.equinox.frameworkadmin:jar:2.3.200
[[1;36mDEBUG[m]   Included: org.eclipse.platform:org.eclipse.equinox.preferences:jar:3.11.100
[[1;36mDEBUG[m]   Included: org.eclipse.platform:org.eclipse.equinox.p2.metadata.repository:jar:1.5.400
[[1;36mDEBUG[m]   Included: org.eclipse.platform:org.eclipse.equinox.p2.updatesite:jar:1.3.400
[[1;36mDEBUG[m]   Included: org.eclipse.tycho:sisu-osgi-connect:jar:4.0.10
[[1;36mDEBUG[m]   Included: org.eclipse.platform:org.eclipse.equinox.p2.jarprocessor:jar:1.3.400
[[1;36mDEBUG[m]   Included: org.eclipse.platform:org.eclipse.equinox.p2.touchpoint.natives:jar:1.5.300
[[1;36mDEBUG[m]   Included: org.eclipse.platform:org.eclipse.equinox.p2.touchpoint.eclipse:jar:2.4.300
[[1;36mDEBUG[m]   Included: org.eclipse.platform:org.eclipse.equinox.p2.garbagecollector:jar:1.3.300
[[1;36mDEBUG[m]   Included: org.eclipse.platform:org.eclipse.equinox.p2.director.app:jar:1.3.400
[[1;36mDEBUG[m]   Included: org.eclipse.platform:org.eclipse.equinox.p2.repository.tools:jar:2.4.400
[[1;36mDEBUG[m]   Included: org.eclipse.platform:org.eclipse.equinox.concurrent:jar:1.3.100
[[1;36mDEBUG[m]   Included: org.eclipse.platform:org.eclipse.equinox.simpleconfigurator:jar:1.5.300
[[1;36mDEBUG[m]   Included: org.eclipse.platform:org.eclipse.equinox.app:jar:1.7.200
[[1;36mDEBUG[m]   Included: org.eclipse.platform:org.eclipse.equinox.frameworkadmin.equinox:jar:1.3.200
[[1;36mDEBUG[m]   Included: org.eclipse.platform:org.eclipse.equinox.simpleconfigurator.manipulator:jar:2.3.300
[[1;36mDEBUG[m]   Included: org.apache.felix:org.apache.felix.scr:jar:2.2.12
[[1;36mDEBUG[m]   Included: org.codehaus.mojo:animal-sniffer-annotations:jar:1.9
[[1;36mDEBUG[m]   Included: org.osgi:org.osgi.service.component:jar:1.5.1
[[1;36mDEBUG[m]   Included: org.osgi:org.osgi.namespace.extender:jar:1.0.1
[[1;36mDEBUG[m]   Included: org.bouncycastle:bcpg-jdk18on:jar:1.78.1
[[1;36mDEBUG[m]   Included: org.bouncycastle:bcprov-jdk18on:jar:1.78.1
[[1;36mDEBUG[m]   Included: org.bouncycastle:bcutil-jdk18on:jar:1.78.1
[[1;36mDEBUG[m]   Included: commons-net:commons-net:jar:3.11.1
[[1;36mDEBUG[m]   Included: org.eclipse.tycho:tycho-targetplatform:jar:4.0.10
[[1;36mDEBUG[m]   Included: org.eclipse.tycho:tycho-p2:jar:4.0.10
[[1;36mDEBUG[m]   Included: org.eclipse.platform:org.eclipse.core.runtime:jar:3.31.100
[[1;36mDEBUG[m]   Included: org.eclipse.platform:org.eclipse.equinox.common:jar:3.19.100
[[1;36mDEBUG[m]   Included: org.eclipse.platform:org.eclipse.core.jobs:jar:3.15.300
[[1;36mDEBUG[m]   Included: org.eclipse.platform:org.eclipse.equinox.registry:jar:3.12.100
[[1;36mDEBUG[m]   Included: org.eclipse.platform:org.eclipse.core.contenttype:jar:3.9.400
[[1;36mDEBUG[m]   Included: org.osgi:org.osgi.service.repository:jar:1.1.0
[[1;36mDEBUG[m]   Included: org.osgi:org.osgi.util.function:jar:1.2.0
[[1;36mDEBUG[m]   Included: org.osgi:osgi.annotation:jar:8.0.1
[[1;36mDEBUG[m]   Included: org.osgi:org.osgi.util.promise:jar:1.3.0
[[1;36mDEBUG[m]   Included: commons-io:commons-io:jar:2.17.0
[[1;36mDEBUG[m]   Included: commons-codec:commons-codec:jar:1.17.1
[[1;36mDEBUG[m]   Included: org.eclipse.jdt:org.eclipse.jdt.core:jar:3.38.0
[[1;36mDEBUG[m]   Included: org.eclipse.platform:org.eclipse.core.resources:jar:3.20.200
[[1;36mDEBUG[m]   Included: org.eclipse.platform:org.eclipse.core.expressions:jar:3.9.400
[[1;36mDEBUG[m]   Included: org.eclipse.platform:org.eclipse.core.filesystem:jar:1.10.400
[[1;36mDEBUG[m]   Included: org.eclipse.platform:org.eclipse.text:jar:3.14.100
[[1;36mDEBUG[m]   Included: org.eclipse.platform:org.eclipse.core.commands:jar:3.12.100
[[1;36mDEBUG[m]   Included: org.eclipse.jdt:ecj:jar:3.38.0
[[1;36mDEBUG[m]   Included: org.eclipse.tycho:tycho-packaging-plugin:jar:4.0.10
[[1;36mDEBUG[m]   Included: com.konghq:unirest-java:jar:3.14.5
[[1;36mDEBUG[m]   Included: org.apache.httpcomponents:httpclient:jar:4.5.13
[[1;36mDEBUG[m]   Included: org.apache.httpcomponents:httpcore:jar:4.4.13
[[1;36mDEBUG[m]   Included: commons-logging:commons-logging:jar:1.2
[[1;36mDEBUG[m]   Included: org.apache.httpcomponents:httpmime:jar:4.5.13
[[1;36mDEBUG[m]   Included: org.apache.httpcomponents:httpcore-nio:jar:4.4.13
[[1;36mDEBUG[m]   Included: org.apache.httpcomponents:httpasyncclient:jar:4.1.5
[[1;36mDEBUG[m]   Included: com.google.code.gson:gson:jar:2.10
[[1;36mDEBUG[m]   Included: org.sonatype.plexus:plexus-build-api:jar:0.0.7
[[1;36mDEBUG[m]   Included: biz.aQute.bnd:biz.aQute.bnd.util:jar:7.0.0
[[1;36mDEBUG[m] Init instance plugin>org.eclipse.tycho:tycho-source-plugin:4.0.10 [ClassRealm[plugin>org.eclipse.tycho:tycho-source-plugin:4.0.10, parent: jdk.internal.loader.ClassLoaders$AppClassLoader@639fee48]]
[[1;36mDEBUG[m] Dependency collection stats {ConflictMarker.analyzeTime=324222, ConflictMarker.markTime=226420, ConflictMarker.nodeCount=343, ConflictIdSorter.graphTime=252438, ConflictIdSorter.topsortTime=241841, ConflictIdSorter.conflictIdCount=96, ConflictIdSorter.conflictIdCycleCount=0, ConflictResolver.totalTime=3642239, ConflictResolver.conflictItemCount=336, DfDependencyCollector.collectTime=27148279, DfDependencyCollector.transformTime=4758627}
[[1;36mDEBUG[m] org.eclipse.tycho:tycho-p2-plugin:jar:4.0.10
[[1;36mDEBUG[m]    org.eclipse.tycho:sisu-equinox-launching:jar:4.0.10:compile
[[1;36mDEBUG[m]       org.eclipse.tycho:tycho-api:jar:4.0.10:compile
[[1;36mDEBUG[m]          org.eclipse.platform:org.eclipse.equinox.p2.metadata:jar:2.9.100:compile
[[1;36mDEBUG[m]          org.eclipse.platform:org.eclipse.equinox.p2.publisher:jar:1.9.200:compile
[[1;36mDEBUG[m]             org.eclipse.platform:org.eclipse.equinox.p2.artifact.repository:jar:1.5.400:compile
[[1;36mDEBUG[m]       org.codehaus.plexus:plexus-archiver:jar:4.10.0:compile (version managed from default)
[[1;36mDEBUG[m]          javax.inject:javax.inject:jar:1:compile
[[1;36mDEBUG[m]          org.codehaus.plexus:plexus-io:jar:3.5.0:compile
[[1;36mDEBUG[m]          org.apache.commons:commons-compress:jar:1.27.1:compile (version managed from default)
[[1;36mDEBUG[m]          io.airlift:aircompressor:jar:0.27:compile
[[1;36mDEBUG[m]          org.tukaani:xz:jar:1.9:compile
[[1;36mDEBUG[m]          com.github.luben:zstd-jni:jar:1.5.6-3:runtime
[[1;36mDEBUG[m]       org.eclipse.platform:org.eclipse.osgi:jar:3.21.0:compile (version managed from default)
[[1;36mDEBUG[m]       org.eclipse.tycho:sisu-osgi-api:jar:4.0.10:compile
[[1;36mDEBUG[m]       org.apache.commons:commons-exec:jar:1.4.0:compile (version managed from default)
[[1;36mDEBUG[m]       org.codehaus.plexus:plexus-component-annotations:jar:2.2.0:compile (version managed from default)
[[1;36mDEBUG[m]    org.eclipse.tycho:tycho-artifactcomparator:jar:4.0.10:compile
[[1;36mDEBUG[m]       org.ow2.asm:asm-tree:jar:9.7.1:compile
[[1;36mDEBUG[m]          org.ow2.asm:asm:jar:9.7.1:compile
[[1;36mDEBUG[m]       org.ow2.asm:asm-util:jar:9.7.1:compile
[[1;36mDEBUG[m]          org.ow2.asm:asm-analysis:jar:9.7.1:compile
[[1;36mDEBUG[m]       org.codehaus.plexus:plexus-utils:jar:3.5.1:compile (version managed from default)
[[1;36mDEBUG[m]       commons-io:commons-io:jar:2.17.0:compile (version managed from default)
[[1;36mDEBUG[m]       org.xmlunit:xmlunit-core:jar:2.10.0:compile
[[1;36mDEBUG[m]          jakarta.xml.bind:jakarta.xml.bind-api:jar:2.3.3:compile
[[1;36mDEBUG[m]             jakarta.activation:jakarta.activation-api:jar:1.2.2:compile
[[1;36mDEBUG[m]       biz.aQute.bnd:biz.aQute.bndlib:jar:7.0.0:compile (version managed from default) (exclusions managed from default)
[[1;36mDEBUG[m]          biz.aQute.bnd:biz.aQute.bnd.util:jar:7.0.0:compile
[[1;36mDEBUG[m]       io.github.java-diff-utils:java-diff-utils:jar:4.12:compile
[[1;36mDEBUG[m]       ch.digitalfondue.jfiveparse:jfiveparse:jar:1.1.1:compile
[[1;36mDEBUG[m]    org.apache.commons:commons-lang3:jar:3.17.0:compile
[[1;36mDEBUG[m]    org.eclipse.tycho:tycho-core:jar:4.0.10:compile
[[1;36mDEBUG[m]       org.apache.maven.resolver:maven-resolver-util:jar:1.9.20:compile
[[1;36mDEBUG[m]          org.apache.maven.resolver:maven-resolver-api:jar:1.9.20:compile
[[1;36mDEBUG[m]       org.codehaus.plexus:plexus-interpolation:jar:1.27:compile
[[1;36mDEBUG[m]       org.eclipse.tycho:tycho-metadata-model:jar:4.0.10:compile
[[1;36mDEBUG[m]          de.pdark:decentxml:jar:1.4:compile (version managed from default)
[[1;36mDEBUG[m]          biz.aQute.bnd:biz.aQute.repository:jar:7.0.0:compile
[[1;36mDEBUG[m]          org.osgi:org.osgi.resource:jar:1.0.1:compile
[[1;36mDEBUG[m]       org.eclipse.tycho:tycho-spi:jar:4.0.10:compile
[[1;36mDEBUG[m]       org.eclipse.tycho:p2-maven-plugin:jar:4.0.10:compile
[[1;36mDEBUG[m]          org.eclipse.platform:org.eclipse.equinox.p2.core:jar:2.12.100:compile
[[1;36mDEBUG[m]          org.eclipse.platform:org.eclipse.equinox.p2.director:jar:2.6.400:compile
[[1;36mDEBUG[m]             org.ow2.sat4j:org.ow2.sat4j.core:jar:2.3.6:compile
[[1;36mDEBUG[m]             org.ow2.sat4j:org.ow2.sat4j.pb:jar:2.3.6:compile
[[1;36mDEBUG[m]          org.eclipse.platform:org.eclipse.equinox.p2.engine:jar:2.10.200:compile
[[1;36mDEBUG[m]             org.osgi:org.osgi.service.prefs:jar:1.1.2:compile
[[1;36mDEBUG[m]          org.eclipse.platform:org.eclipse.equinox.p2.repository:jar:2.9.100:compile (version managed from default)
[[1;36mDEBUG[m]             org.eclipse.platform:org.eclipse.equinox.security:jar:1.4.300:compile
[[1;36mDEBUG[m]          org.eclipse.platform:org.eclipse.osgi.compatibility.state:jar:1.2.1000:compile
[[1;36mDEBUG[m]          org.eclipse.platform:org.eclipse.equinox.p2.publisher.eclipse:jar:1.6.200:compile (version managed from default)
[[1;36mDEBUG[m]          org.eclipse.platform:org.eclipse.equinox.frameworkadmin:jar:2.3.200:compile
[[1;36mDEBUG[m]          org.eclipse.platform:org.eclipse.equinox.preferences:jar:3.11.100:compile
[[1;36mDEBUG[m]          org.eclipse.platform:org.eclipse.equinox.p2.metadata.repository:jar:1.5.400:compile
[[1;36mDEBUG[m]          org.eclipse.platform:org.eclipse.equinox.p2.updatesite:jar:1.3.400:compile
[[1;36mDEBUG[m]          org.eclipse.tycho:sisu-osgi-connect:jar:4.0.10:compile
[[1;36mDEBUG[m]          org.eclipse.platform:org.eclipse.equinox.p2.jarprocessor:jar:1.3.400:compile
[[1;36mDEBUG[m]          org.eclipse.platform:org.eclipse.equinox.p2.touchpoint.natives:jar:1.5.300:compile
[[1;36mDEBUG[m]          org.eclipse.platform:org.eclipse.equinox.p2.touchpoint.eclipse:jar:2.4.300:compile
[[1;36mDEBUG[m]          org.eclipse.platform:org.eclipse.equinox.p2.garbagecollector:jar:1.3.300:compile
[[1;36mDEBUG[m]          org.eclipse.platform:org.eclipse.equinox.p2.director.app:jar:1.3.400:compile
[[1;36mDEBUG[m]          org.eclipse.platform:org.eclipse.equinox.p2.repository.tools:jar:2.4.400:compile
[[1;36mDEBUG[m]          org.eclipse.platform:org.eclipse.equinox.concurrent:jar:1.3.100:compile
[[1;36mDEBUG[m]          org.eclipse.platform:org.eclipse.equinox.simpleconfigurator:jar:1.5.300:compile
[[1;36mDEBUG[m]          org.eclipse.platform:org.eclipse.equinox.app:jar:1.7.200:compile
[[1;36mDEBUG[m]          org.eclipse.platform:org.eclipse.equinox.frameworkadmin.equinox:jar:1.3.200:compile
[[1;36mDEBUG[m]          org.eclipse.platform:org.eclipse.equinox.simpleconfigurator.manipulator:jar:2.3.300:compile (version managed from default)
[[1;36mDEBUG[m]          org.apache.felix:org.apache.felix.scr:jar:2.2.12:compile
[[1;36mDEBUG[m]             org.codehaus.mojo:animal-sniffer-annotations:jar:1.9:compile
[[1;36mDEBUG[m]          org.osgi:org.osgi.service.component:jar:1.5.1:compile
[[1;36mDEBUG[m]             org.osgi:org.osgi.namespace.extender:jar:1.0.1:compile
[[1;36mDEBUG[m]          org.bouncycastle:bcpg-jdk18on:jar:1.78.1:compile (version managed from default)
[[1;36mDEBUG[m]          org.bouncycastle:bcprov-jdk18on:jar:1.78.1:compile (version managed from default)
[[1;36mDEBUG[m]          org.bouncycastle:bcutil-jdk18on:jar:1.78.1:compile (version managed from default)
[[1;36mDEBUG[m]          commons-net:commons-net:jar:3.11.1:compile (version managed from default)
[[1;36mDEBUG[m]       org.eclipse.tycho:tycho-targetplatform:jar:4.0.10:compile
[[1;36mDEBUG[m]       org.eclipse.tycho:tycho-p2:jar:4.0.10:compile
[[1;36mDEBUG[m]       org.eclipse.platform:org.eclipse.core.runtime:jar:3.31.100:compile (version managed from default)
[[1;36mDEBUG[m]          org.eclipse.platform:org.eclipse.equinox.common:jar:3.19.100:compile
[[1;36mDEBUG[m]          org.eclipse.platform:org.eclipse.core.jobs:jar:3.15.300:compile
[[1;36mDEBUG[m]          org.eclipse.platform:org.eclipse.equinox.registry:jar:3.12.100:compile
[[1;36mDEBUG[m]          org.eclipse.platform:org.eclipse.core.contenttype:jar:3.9.400:compile
[[1;36mDEBUG[m]       org.osgi:org.osgi.service.repository:jar:1.1.0:compile
[[1;36mDEBUG[m]       org.osgi:org.osgi.util.function:jar:1.2.0:compile
[[1;36mDEBUG[m]          org.osgi:osgi.annotation:jar:8.0.1:compile
[[1;36mDEBUG[m]       org.osgi:org.osgi.util.promise:jar:1.3.0:compile
[[1;36mDEBUG[m]       org.slf4j:slf4j-api:jar:2.0.16:compile
[[1;36mDEBUG[m]       commons-codec:commons-codec:jar:1.17.1:compile
[[1;36mDEBUG[m]       org.eclipse.jdt:org.eclipse.jdt.core:jar:3.38.0:compile
[[1;36mDEBUG[m]          org.eclipse.platform:org.eclipse.core.resources:jar:3.20.200:compile
[[1;36mDEBUG[m]             org.eclipse.platform:org.eclipse.core.expressions:jar:3.9.400:compile
[[1;36mDEBUG[m]          org.eclipse.platform:org.eclipse.core.filesystem:jar:1.10.400:compile
[[1;36mDEBUG[m]          org.eclipse.platform:org.eclipse.text:jar:3.14.100:compile
[[1;36mDEBUG[m]             org.eclipse.platform:org.eclipse.core.commands:jar:3.12.100:compile
[[1;36mDEBUG[m]          org.eclipse.jdt:ecj:jar:3.38.0:compile (version managed from default)
[[1;36mDEBUG[m] Created new class realm plugin>org.eclipse.tycho:tycho-p2-plugin:4.0.10
[[1;36mDEBUG[m] Importing foreign packages into class realm plugin>org.eclipse.tycho:tycho-p2-plugin:4.0.10
[[1;36mDEBUG[m]   Imported:  < project>turnus:turnus.core:1.0.0-SNAPSHOT
[[1;36mDEBUG[m] Populating class realm plugin>org.eclipse.tycho:tycho-p2-plugin:4.0.10
[[1;36mDEBUG[m]   Included: org.eclipse.tycho:tycho-p2-plugin:jar:4.0.10
[[1;36mDEBUG[m]   Included: org.eclipse.tycho:sisu-equinox-launching:jar:4.0.10
[[1;36mDEBUG[m]   Included: org.eclipse.tycho:tycho-api:jar:4.0.10
[[1;36mDEBUG[m]   Included: org.eclipse.platform:org.eclipse.equinox.p2.metadata:jar:2.9.100
[[1;36mDEBUG[m]   Included: org.eclipse.platform:org.eclipse.equinox.p2.publisher:jar:1.9.200
[[1;36mDEBUG[m]   Included: org.eclipse.platform:org.eclipse.equinox.p2.artifact.repository:jar:1.5.400
[[1;36mDEBUG[m]   Included: org.codehaus.plexus:plexus-archiver:jar:4.10.0
[[1;36mDEBUG[m]   Included: org.codehaus.plexus:plexus-io:jar:3.5.0
[[1;36mDEBUG[m]   Included: org.apache.commons:commons-compress:jar:1.27.1
[[1;36mDEBUG[m]   Included: io.airlift:aircompressor:jar:0.27
[[1;36mDEBUG[m]   Included: org.tukaani:xz:jar:1.9
[[1;36mDEBUG[m]   Included: com.github.luben:zstd-jni:jar:1.5.6-3
[[1;36mDEBUG[m]   Included: org.eclipse.platform:org.eclipse.osgi:jar:3.21.0
[[1;36mDEBUG[m]   Included: org.eclipse.tycho:sisu-osgi-api:jar:4.0.10
[[1;36mDEBUG[m]   Included: org.apache.commons:commons-exec:jar:1.4.0
[[1;36mDEBUG[m]   Included: org.codehaus.plexus:plexus-component-annotations:jar:2.2.0
[[1;36mDEBUG[m]   Included: org.eclipse.tycho:tycho-artifactcomparator:jar:4.0.10
[[1;36mDEBUG[m]   Included: org.ow2.asm:asm-tree:jar:9.7.1
[[1;36mDEBUG[m]   Included: org.ow2.asm:asm:jar:9.7.1
[[1;36mDEBUG[m]   Included: org.ow2.asm:asm-util:jar:9.7.1
[[1;36mDEBUG[m]   Included: org.ow2.asm:asm-analysis:jar:9.7.1
[[1;36mDEBUG[m]   Included: org.codehaus.plexus:plexus-utils:jar:3.5.1
[[1;36mDEBUG[m]   Included: commons-io:commons-io:jar:2.17.0
[[1;36mDEBUG[m]   Included: org.xmlunit:xmlunit-core:jar:2.10.0
[[1;36mDEBUG[m]   Included: jakarta.xml.bind:jakarta.xml.bind-api:jar:2.3.3
[[1;36mDEBUG[m]   Included: jakarta.activation:jakarta.activation-api:jar:1.2.2
[[1;36mDEBUG[m]   Included: biz.aQute.bnd:biz.aQute.bnd.util:jar:7.0.0
[[1;36mDEBUG[m]   Included: io.github.java-diff-utils:java-diff-utils:jar:4.12
[[1;36mDEBUG[m]   Included: ch.digitalfondue.jfiveparse:jfiveparse:jar:1.1.1
[[1;36mDEBUG[m]   Included: org.apache.commons:commons-lang3:jar:3.17.0
[[1;36mDEBUG[m]   Included: org.codehaus.plexus:plexus-interpolation:jar:1.27
[[1;36mDEBUG[m]   Included: biz.aQute.bnd:biz.aQute.repository:jar:7.0.0
[[1;36mDEBUG[m]   Included: org.osgi:org.osgi.resource:jar:1.0.1
[[1;36mDEBUG[m]   Included: org.eclipse.tycho:tycho-spi:jar:4.0.10
[[1;36mDEBUG[m]   Included: org.eclipse.tycho:p2-maven-plugin:jar:4.0.10
[[1;36mDEBUG[m]   Included: org.eclipse.platform:org.eclipse.equinox.p2.director:jar:2.6.400
[[1;36mDEBUG[m]   Included: org.ow2.sat4j:org.ow2.sat4j.core:jar:2.3.6
[[1;36mDEBUG[m]   Included: org.ow2.sat4j:org.ow2.sat4j.pb:jar:2.3.6
[[1;36mDEBUG[m]   Included: org.eclipse.platform:org.eclipse.equinox.p2.engine:jar:2.10.200
[[1;36mDEBUG[m]   Included: org.osgi:org.osgi.service.prefs:jar:1.1.2
[[1;36mDEBUG[m]   Included: org.eclipse.platform:org.eclipse.equinox.p2.repository:jar:2.9.100
[[1;36mDEBUG[m]   Included: org.eclipse.platform:org.eclipse.equinox.security:jar:1.4.300
[[1;36mDEBUG[m]   Included: org.eclipse.platform:org.eclipse.osgi.compatibility.state:jar:1.2.1000
[[1;36mDEBUG[m]   Included: org.eclipse.platform:org.eclipse.equinox.p2.publisher.eclipse:jar:1.6.200
[[1;36mDEBUG[m]   Included: org.eclipse.platform:org.eclipse.equinox.frameworkadmin:jar:2.3.200
[[1;36mDEBUG[m]   Included: org.eclipse.platform:org.eclipse.equinox.preferences:jar:3.11.100
[[1;36mDEBUG[m]   Included: org.eclipse.platform:org.eclipse.equinox.p2.metadata.repository:jar:1.5.400
[[1;36mDEBUG[m]   Included: org.eclipse.platform:org.eclipse.equinox.p2.updatesite:jar:1.3.400
[[1;36mDEBUG[m]   Included: org.eclipse.tycho:sisu-osgi-connect:jar:4.0.10
[[1;36mDEBUG[m]   Included: org.eclipse.platform:org.eclipse.equinox.p2.jarprocessor:jar:1.3.400
[[1;36mDEBUG[m]   Included: org.eclipse.platform:org.eclipse.equinox.p2.touchpoint.natives:jar:1.5.300
[[1;36mDEBUG[m]   Included: org.eclipse.platform:org.eclipse.equinox.p2.touchpoint.eclipse:jar:2.4.300
[[1;36mDEBUG[m]   Included: org.eclipse.platform:org.eclipse.equinox.p2.garbagecollector:jar:1.3.300
[[1;36mDEBUG[m]   Included: org.eclipse.platform:org.eclipse.equinox.p2.director.app:jar:1.3.400
[[1;36mDEBUG[m]   Included: org.eclipse.platform:org.eclipse.equinox.p2.repository.tools:jar:2.4.400
[[1;36mDEBUG[m]   Included: org.eclipse.platform:org.eclipse.equinox.concurrent:jar:1.3.100
[[1;36mDEBUG[m]   Included: org.eclipse.platform:org.eclipse.equinox.simpleconfigurator:jar:1.5.300
[[1;36mDEBUG[m]   Included: org.eclipse.platform:org.eclipse.equinox.app:jar:1.7.200
[[1;36mDEBUG[m]   Included: org.eclipse.platform:org.eclipse.equinox.frameworkadmin.equinox:jar:1.3.200
[[1;36mDEBUG[m]   Included: org.eclipse.platform:org.eclipse.equinox.simpleconfigurator.manipulator:jar:2.3.300
[[1;36mDEBUG[m]   Included: org.apache.felix:org.apache.felix.scr:jar:2.2.12
[[1;36mDEBUG[m]   Included: org.codehaus.mojo:animal-sniffer-annotations:jar:1.9
[[1;36mDEBUG[m]   Included: org.osgi:org.osgi.service.component:jar:1.5.1
[[1;36mDEBUG[m]   Included: org.osgi:org.osgi.namespace.extender:jar:1.0.1
[[1;36mDEBUG[m]   Included: org.bouncycastle:bcpg-jdk18on:jar:1.78.1
[[1;36mDEBUG[m]   Included: org.bouncycastle:bcprov-jdk18on:jar:1.78.1
[[1;36mDEBUG[m]   Included: org.bouncycastle:bcutil-jdk18on:jar:1.78.1
[[1;36mDEBUG[m]   Included: commons-net:commons-net:jar:3.11.1
[[1;36mDEBUG[m]   Included: org.eclipse.tycho:tycho-targetplatform:jar:4.0.10
[[1;36mDEBUG[m]   Included: org.eclipse.tycho:tycho-p2:jar:4.0.10
[[1;36mDEBUG[m]   Included: org.eclipse.platform:org.eclipse.core.runtime:jar:3.31.100
[[1;36mDEBUG[m]   Included: org.eclipse.platform:org.eclipse.equinox.common:jar:3.19.100
[[1;36mDEBUG[m]   Included: org.eclipse.platform:org.eclipse.core.jobs:jar:3.15.300
[[1;36mDEBUG[m]   Included: org.eclipse.platform:org.eclipse.equinox.registry:jar:3.12.100
[[1;36mDEBUG[m]   Included: org.eclipse.platform:org.eclipse.core.contenttype:jar:3.9.400
[[1;36mDEBUG[m]   Included: org.osgi:org.osgi.service.repository:jar:1.1.0
[[1;36mDEBUG[m]   Included: org.osgi:org.osgi.util.function:jar:1.2.0
[[1;36mDEBUG[m]   Included: org.osgi:osgi.annotation:jar:8.0.1
[[1;36mDEBUG[m]   Included: org.osgi:org.osgi.util.promise:jar:1.3.0
[[1;36mDEBUG[m]   Included: commons-codec:commons-codec:jar:1.17.1
[[1;36mDEBUG[m]   Included: org.eclipse.jdt:org.eclipse.jdt.core:jar:3.38.0
[[1;36mDEBUG[m]   Included: org.eclipse.platform:org.eclipse.core.resources:jar:3.20.200
[[1;36mDEBUG[m]   Included: org.eclipse.platform:org.eclipse.core.expressions:jar:3.9.400
[[1;36mDEBUG[m]   Included: org.eclipse.platform:org.eclipse.core.filesystem:jar:1.10.400
[[1;36mDEBUG[m]   Included: org.eclipse.platform:org.eclipse.text:jar:3.14.100
[[1;36mDEBUG[m]   Included: org.eclipse.platform:org.eclipse.core.commands:jar:3.12.100
[[1;36mDEBUG[m]   Included: org.eclipse.jdt:ecj:jar:3.38.0
[[1;36mDEBUG[m] Dependency collection stats {ConflictMarker.analyzeTime=268076, ConflictMarker.markTime=237270, ConflictMarker.nodeCount=324, ConflictIdSorter.graphTime=261588, ConflictIdSorter.topsortTime=114808, ConflictIdSorter.conflictIdCount=86, ConflictIdSorter.conflictIdCycleCount=0, ConflictResolver.totalTime=2227119, ConflictResolver.conflictItemCount=317, DfDependencyCollector.collectTime=5033868, DfDependencyCollector.transformTime=3175228}
[[1;36mDEBUG[m] org.eclipse.tycho:target-platform-configuration:jar:4.0.10
[[1;36mDEBUG[m]    org.eclipse.tycho:sisu-osgi-api:jar:4.0.10:compile
[[1;36mDEBUG[m]    org.eclipse.tycho:tycho-core:jar:4.0.10:compile
[[1;36mDEBUG[m]       org.apache.maven.resolver:maven-resolver-util:jar:1.9.20:compile
[[1;36mDEBUG[m]          org.apache.maven.resolver:maven-resolver-api:jar:1.9.20:compile
[[1;36mDEBUG[m]       org.codehaus.plexus:plexus-archiver:jar:4.10.0:compile (version managed from default)
[[1;36mDEBUG[m]          javax.inject:javax.inject:jar:1:compile
[[1;36mDEBUG[m]          org.codehaus.plexus:plexus-utils:jar:3.5.1:compile (version managed from default)
[[1;36mDEBUG[m]          org.codehaus.plexus:plexus-io:jar:3.5.0:compile
[[1;36mDEBUG[m]          org.apache.commons:commons-compress:jar:1.27.1:compile (version managed from default)
[[1;36mDEBUG[m]             org.apache.commons:commons-lang3:jar:3.17.0:compile (version managed from default)
[[1;36mDEBUG[m]          io.airlift:aircompressor:jar:0.27:compile
[[1;36mDEBUG[m]          org.tukaani:xz:jar:1.9:compile
[[1;36mDEBUG[m]          com.github.luben:zstd-jni:jar:1.5.6-3:runtime
[[1;36mDEBUG[m]       org.codehaus.plexus:plexus-interpolation:jar:1.27:compile
[[1;36mDEBUG[m]       org.eclipse.tycho:sisu-equinox-launching:jar:4.0.10:compile
[[1;36mDEBUG[m]          org.eclipse.tycho:tycho-api:jar:4.0.10:compile
[[1;36mDEBUG[m]          org.eclipse.platform:org.eclipse.osgi:jar:3.21.0:compile (version managed from default)
[[1;36mDEBUG[m]          org.apache.commons:commons-exec:jar:1.4.0:compile (version managed from default)
[[1;36mDEBUG[m]          org.codehaus.plexus:plexus-component-annotations:jar:2.2.0:compile (version managed from default)
[[1;36mDEBUG[m]       org.eclipse.tycho:tycho-metadata-model:jar:4.0.10:compile
[[1;36mDEBUG[m]          de.pdark:decentxml:jar:1.4:compile (version managed from default)
[[1;36mDEBUG[m]          biz.aQute.bnd:biz.aQute.repository:jar:7.0.0:compile
[[1;36mDEBUG[m]          org.osgi:org.osgi.resource:jar:1.0.1:compile
[[1;36mDEBUG[m]       org.eclipse.tycho:tycho-spi:jar:4.0.10:compile
[[1;36mDEBUG[m]       org.eclipse.tycho:p2-maven-plugin:jar:4.0.10:compile
[[1;36mDEBUG[m]          org.eclipse.platform:org.eclipse.equinox.p2.core:jar:2.12.100:compile
[[1;36mDEBUG[m]          org.eclipse.platform:org.eclipse.equinox.p2.publisher:jar:1.9.200:compile
[[1;36mDEBUG[m]             org.eclipse.platform:org.eclipse.equinox.p2.artifact.repository:jar:1.5.400:compile
[[1;36mDEBUG[m]          org.eclipse.platform:org.eclipse.equinox.p2.director:jar:2.6.400:compile
[[1;36mDEBUG[m]             org.ow2.sat4j:org.ow2.sat4j.core:jar:2.3.6:compile
[[1;36mDEBUG[m]             org.ow2.sat4j:org.ow2.sat4j.pb:jar:2.3.6:compile
[[1;36mDEBUG[m]          org.eclipse.platform:org.eclipse.equinox.p2.engine:jar:2.10.200:compile
[[1;36mDEBUG[m]             org.osgi:org.osgi.service.prefs:jar:1.1.2:compile
[[1;36mDEBUG[m]          org.eclipse.platform:org.eclipse.equinox.p2.metadata:jar:2.9.100:compile
[[1;36mDEBUG[m]          org.eclipse.platform:org.eclipse.equinox.p2.repository:jar:2.9.100:compile (version managed from default)
[[1;36mDEBUG[m]             org.eclipse.platform:org.eclipse.equinox.security:jar:1.4.300:compile
[[1;36mDEBUG[m]          org.eclipse.platform:org.eclipse.osgi.compatibility.state:jar:1.2.1000:compile
[[1;36mDEBUG[m]          org.eclipse.platform:org.eclipse.equinox.p2.publisher.eclipse:jar:1.6.200:compile (version managed from default)
[[1;36mDEBUG[m]          org.eclipse.platform:org.eclipse.equinox.frameworkadmin:jar:2.3.200:compile
[[1;36mDEBUG[m]          org.eclipse.platform:org.eclipse.equinox.preferences:jar:3.11.100:compile
[[1;36mDEBUG[m]          org.eclipse.platform:org.eclipse.equinox.p2.metadata.repository:jar:1.5.400:compile
[[1;36mDEBUG[m]          org.eclipse.platform:org.eclipse.equinox.p2.updatesite:jar:1.3.400:compile
[[1;36mDEBUG[m]          org.eclipse.tycho:sisu-osgi-connect:jar:4.0.10:compile
[[1;36mDEBUG[m]          org.eclipse.platform:org.eclipse.equinox.p2.jarprocessor:jar:1.3.400:compile
[[1;36mDEBUG[m]          org.eclipse.platform:org.eclipse.equinox.p2.touchpoint.natives:jar:1.5.300:compile
[[1;36mDEBUG[m]          org.eclipse.platform:org.eclipse.equinox.p2.touchpoint.eclipse:jar:2.4.300:compile
[[1;36mDEBUG[m]          org.eclipse.platform:org.eclipse.equinox.p2.garbagecollector:jar:1.3.300:compile
[[1;36mDEBUG[m]          org.eclipse.platform:org.eclipse.equinox.p2.director.app:jar:1.3.400:compile
[[1;36mDEBUG[m]          org.eclipse.platform:org.eclipse.equinox.p2.repository.tools:jar:2.4.400:compile
[[1;36mDEBUG[m]          org.eclipse.platform:org.eclipse.equinox.concurrent:jar:1.3.100:compile
[[1;36mDEBUG[m]          org.eclipse.platform:org.eclipse.equinox.simpleconfigurator:jar:1.5.300:compile
[[1;36mDEBUG[m]          org.eclipse.platform:org.eclipse.equinox.app:jar:1.7.200:compile
[[1;36mDEBUG[m]          org.eclipse.platform:org.eclipse.equinox.frameworkadmin.equinox:jar:1.3.200:compile
[[1;36mDEBUG[m]          org.eclipse.platform:org.eclipse.equinox.simpleconfigurator.manipulator:jar:2.3.300:compile (version managed from default)
[[1;36mDEBUG[m]          org.apache.felix:org.apache.felix.scr:jar:2.2.12:compile
[[1;36mDEBUG[m]             org.codehaus.mojo:animal-sniffer-annotations:jar:1.9:compile
[[1;36mDEBUG[m]          org.osgi:org.osgi.service.component:jar:1.5.1:compile
[[1;36mDEBUG[m]             org.osgi:org.osgi.namespace.extender:jar:1.0.1:compile
[[1;36mDEBUG[m]          org.bouncycastle:bcpg-jdk18on:jar:1.78.1:compile (version managed from default)
[[1;36mDEBUG[m]          org.bouncycastle:bcprov-jdk18on:jar:1.78.1:compile (version managed from default)
[[1;36mDEBUG[m]          org.bouncycastle:bcutil-jdk18on:jar:1.78.1:compile (version managed from default)
[[1;36mDEBUG[m]          commons-net:commons-net:jar:3.11.1:compile (version managed from default)
[[1;36mDEBUG[m]       org.eclipse.tycho:tycho-targetplatform:jar:4.0.10:compile
[[1;36mDEBUG[m]       org.eclipse.tycho:tycho-p2:jar:4.0.10:compile
[[1;36mDEBUG[m]       org.eclipse.platform:org.eclipse.core.runtime:jar:3.31.100:compile (version managed from default)
[[1;36mDEBUG[m]          org.eclipse.platform:org.eclipse.equinox.common:jar:3.19.100:compile
[[1;36mDEBUG[m]          org.eclipse.platform:org.eclipse.core.jobs:jar:3.15.300:compile
[[1;36mDEBUG[m]          org.eclipse.platform:org.eclipse.equinox.registry:jar:3.12.100:compile
[[1;36mDEBUG[m]          org.eclipse.platform:org.eclipse.core.contenttype:jar:3.9.400:compile
[[1;36mDEBUG[m]       biz.aQute.bnd:biz.aQute.bndlib:jar:7.0.0:compile (version managed from default) (exclusions managed from default)
[[1;36mDEBUG[m]          biz.aQute.bnd:biz.aQute.bnd.util:jar:7.0.0:compile
[[1;36mDEBUG[m]       org.osgi:org.osgi.service.repository:jar:1.1.0:compile
[[1;36mDEBUG[m]       org.osgi:org.osgi.util.function:jar:1.2.0:compile
[[1;36mDEBUG[m]          org.osgi:osgi.annotation:jar:8.0.1:compile
[[1;36mDEBUG[m]       org.osgi:org.osgi.util.promise:jar:1.3.0:compile
[[1;36mDEBUG[m]       org.slf4j:slf4j-api:jar:2.0.16:compile
[[1;36mDEBUG[m]       commons-io:commons-io:jar:2.17.0:compile (version managed from default)
[[1;36mDEBUG[m]       commons-codec:commons-codec:jar:1.17.1:compile
[[1;36mDEBUG[m]       org.eclipse.jdt:org.eclipse.jdt.core:jar:3.38.0:compile
[[1;36mDEBUG[m]          org.eclipse.platform:org.eclipse.core.resources:jar:3.20.200:compile
[[1;36mDEBUG[m]             org.eclipse.platform:org.eclipse.core.expressions:jar:3.9.400:compile
[[1;36mDEBUG[m]          org.eclipse.platform:org.eclipse.core.filesystem:jar:1.10.400:compile
[[1;36mDEBUG[m]          org.eclipse.platform:org.eclipse.text:jar:3.14.100:compile
[[1;36mDEBUG[m]             org.eclipse.platform:org.eclipse.core.commands:jar:3.12.100:compile
[[1;36mDEBUG[m]          org.eclipse.jdt:ecj:jar:3.38.0:compile (version managed from default)
[[1;36mDEBUG[m] Created new class realm plugin>org.eclipse.tycho:target-platform-configuration:4.0.10
[[1;36mDEBUG[m] Importing foreign packages into class realm plugin>org.eclipse.tycho:target-platform-configuration:4.0.10
[[1;36mDEBUG[m]   Imported:  < project>turnus:turnus.core:1.0.0-SNAPSHOT
[[1;36mDEBUG[m] Populating class realm plugin>org.eclipse.tycho:target-platform-configuration:4.0.10
[[1;36mDEBUG[m]   Included: org.eclipse.tycho:target-platform-configuration:jar:4.0.10
[[1;36mDEBUG[m]   Included: org.eclipse.tycho:sisu-osgi-api:jar:4.0.10
[[1;36mDEBUG[m]   Included: org.codehaus.plexus:plexus-archiver:jar:4.10.0
[[1;36mDEBUG[m]   Included: org.codehaus.plexus:plexus-utils:jar:3.5.1
[[1;36mDEBUG[m]   Included: org.codehaus.plexus:plexus-io:jar:3.5.0
[[1;36mDEBUG[m]   Included: org.apache.commons:commons-compress:jar:1.27.1
[[1;36mDEBUG[m]   Included: org.apache.commons:commons-lang3:jar:3.17.0
[[1;36mDEBUG[m]   Included: io.airlift:aircompressor:jar:0.27
[[1;36mDEBUG[m]   Included: org.tukaani:xz:jar:1.9
[[1;36mDEBUG[m]   Included: com.github.luben:zstd-jni:jar:1.5.6-3
[[1;36mDEBUG[m]   Included: org.codehaus.plexus:plexus-interpolation:jar:1.27
[[1;36mDEBUG[m]   Included: org.eclipse.tycho:sisu-equinox-launching:jar:4.0.10
[[1;36mDEBUG[m]   Included: org.eclipse.tycho:tycho-api:jar:4.0.10
[[1;36mDEBUG[m]   Included: org.eclipse.platform:org.eclipse.osgi:jar:3.21.0
[[1;36mDEBUG[m]   Included: org.apache.commons:commons-exec:jar:1.4.0
[[1;36mDEBUG[m]   Included: org.codehaus.plexus:plexus-component-annotations:jar:2.2.0
[[1;36mDEBUG[m]   Included: biz.aQute.bnd:biz.aQute.repository:jar:7.0.0
[[1;36mDEBUG[m]   Included: org.osgi:org.osgi.resource:jar:1.0.1
[[1;36mDEBUG[m]   Included: org.eclipse.tycho:tycho-spi:jar:4.0.10
[[1;36mDEBUG[m]   Included: org.eclipse.tycho:p2-maven-plugin:jar:4.0.10
[[1;36mDEBUG[m]   Included: org.eclipse.platform:org.eclipse.equinox.p2.publisher:jar:1.9.200
[[1;36mDEBUG[m]   Included: org.eclipse.platform:org.eclipse.equinox.p2.artifact.repository:jar:1.5.400
[[1;36mDEBUG[m]   Included: org.eclipse.platform:org.eclipse.equinox.p2.director:jar:2.6.400
[[1;36mDEBUG[m]   Included: org.ow2.sat4j:org.ow2.sat4j.core:jar:2.3.6
[[1;36mDEBUG[m]   Included: org.ow2.sat4j:org.ow2.sat4j.pb:jar:2.3.6
[[1;36mDEBUG[m]   Included: org.eclipse.platform:org.eclipse.equinox.p2.engine:jar:2.10.200
[[1;36mDEBUG[m]   Included: org.osgi:org.osgi.service.prefs:jar:1.1.2
[[1;36mDEBUG[m]   Included: org.eclipse.platform:org.eclipse.equinox.p2.metadata:jar:2.9.100
[[1;36mDEBUG[m]   Included: org.eclipse.platform:org.eclipse.equinox.p2.repository:jar:2.9.100
[[1;36mDEBUG[m]   Included: org.eclipse.platform:org.eclipse.equinox.security:jar:1.4.300
[[1;36mDEBUG[m]   Included: org.eclipse.platform:org.eclipse.osgi.compatibility.state:jar:1.2.1000
[[1;36mDEBUG[m]   Included: org.eclipse.platform:org.eclipse.equinox.p2.publisher.eclipse:jar:1.6.200
[[1;36mDEBUG[m]   Included: org.eclipse.platform:org.eclipse.equinox.frameworkadmin:jar:2.3.200
[[1;36mDEBUG[m]   Included: org.eclipse.platform:org.eclipse.equinox.preferences:jar:3.11.100
[[1;36mDEBUG[m]   Included: org.eclipse.platform:org.eclipse.equinox.p2.metadata.repository:jar:1.5.400
[[1;36mDEBUG[m]   Included: org.eclipse.platform:org.eclipse.equinox.p2.updatesite:jar:1.3.400
[[1;36mDEBUG[m]   Included: org.eclipse.tycho:sisu-osgi-connect:jar:4.0.10
[[1;36mDEBUG[m]   Included: org.eclipse.platform:org.eclipse.equinox.p2.jarprocessor:jar:1.3.400
[[1;36mDEBUG[m]   Included: org.eclipse.platform:org.eclipse.equinox.p2.touchpoint.natives:jar:1.5.300
[[1;36mDEBUG[m]   Included: org.eclipse.platform:org.eclipse.equinox.p2.touchpoint.eclipse:jar:2.4.300
[[1;36mDEBUG[m]   Included: org.eclipse.platform:org.eclipse.equinox.p2.garbagecollector:jar:1.3.300
[[1;36mDEBUG[m]   Included: org.eclipse.platform:org.eclipse.equinox.p2.director.app:jar:1.3.400
[[1;36mDEBUG[m]   Included: org.eclipse.platform:org.eclipse.equinox.p2.repository.tools:jar:2.4.400
[[1;36mDEBUG[m]   Included: org.eclipse.platform:org.eclipse.equinox.concurrent:jar:1.3.100
[[1;36mDEBUG[m]   Included: org.eclipse.platform:org.eclipse.equinox.simpleconfigurator:jar:1.5.300
[[1;36mDEBUG[m]   Included: org.eclipse.platform:org.eclipse.equinox.app:jar:1.7.200
[[1;36mDEBUG[m]   Included: org.eclipse.platform:org.eclipse.equinox.frameworkadmin.equinox:jar:1.3.200
[[1;36mDEBUG[m]   Included: org.eclipse.platform:org.eclipse.equinox.simpleconfigurator.manipulator:jar:2.3.300
[[1;36mDEBUG[m]   Included: org.apache.felix:org.apache.felix.scr:jar:2.2.12
[[1;36mDEBUG[m]   Included: org.codehaus.mojo:animal-sniffer-annotations:jar:1.9
[[1;36mDEBUG[m]   Included: org.osgi:org.osgi.service.component:jar:1.5.1
[[1;36mDEBUG[m]   Included: org.osgi:org.osgi.namespace.extender:jar:1.0.1
[[1;36mDEBUG[m]   Included: org.bouncycastle:bcpg-jdk18on:jar:1.78.1
[[1;36mDEBUG[m]   Included: org.bouncycastle:bcprov-jdk18on:jar:1.78.1
[[1;36mDEBUG[m]   Included: org.bouncycastle:bcutil-jdk18on:jar:1.78.1
[[1;36mDEBUG[m]   Included: commons-net:commons-net:jar:3.11.1
[[1;36mDEBUG[m]   Included: org.eclipse.tycho:tycho-targetplatform:jar:4.0.10
[[1;36mDEBUG[m]   Included: org.eclipse.tycho:tycho-p2:jar:4.0.10
[[1;36mDEBUG[m]   Included: org.eclipse.platform:org.eclipse.core.runtime:jar:3.31.100
[[1;36mDEBUG[m]   Included: org.eclipse.platform:org.eclipse.equinox.common:jar:3.19.100
[[1;36mDEBUG[m]   Included: org.eclipse.platform:org.eclipse.core.jobs:jar:3.15.300
[[1;36mDEBUG[m]   Included: org.eclipse.platform:org.eclipse.equinox.registry:jar:3.12.100
[[1;36mDEBUG[m]   Included: org.eclipse.platform:org.eclipse.core.contenttype:jar:3.9.400
[[1;36mDEBUG[m]   Included: biz.aQute.bnd:biz.aQute.bnd.util:jar:7.0.0
[[1;36mDEBUG[m]   Included: org.osgi:org.osgi.service.repository:jar:1.1.0
[[1;36mDEBUG[m]   Included: org.osgi:org.osgi.util.function:jar:1.2.0
[[1;36mDEBUG[m]   Included: org.osgi:osgi.annotation:jar:8.0.1
[[1;36mDEBUG[m]   Included: org.osgi:org.osgi.util.promise:jar:1.3.0
[[1;36mDEBUG[m]   Included: commons-io:commons-io:jar:2.17.0
[[1;36mDEBUG[m]   Included: commons-codec:commons-codec:jar:1.17.1
[[1;36mDEBUG[m]   Included: org.eclipse.jdt:org.eclipse.jdt.core:jar:3.38.0
[[1;36mDEBUG[m]   Included: org.eclipse.platform:org.eclipse.core.resources:jar:3.20.200
[[1;36mDEBUG[m]   Included: org.eclipse.platform:org.eclipse.core.expressions:jar:3.9.400
[[1;36mDEBUG[m]   Included: org.eclipse.platform:org.eclipse.core.filesystem:jar:1.10.400
[[1;36mDEBUG[m]   Included: org.eclipse.platform:org.eclipse.text:jar:3.14.100
[[1;36mDEBUG[m]   Included: org.eclipse.platform:org.eclipse.core.commands:jar:3.12.100
[[1;36mDEBUG[m]   Included: org.eclipse.jdt:ecj:jar:3.38.0
[[1;36mDEBUG[m] Dependency collection stats {ConflictMarker.analyzeTime=366617, ConflictMarker.markTime=238034, ConflictMarker.nodeCount=355, ConflictIdSorter.graphTime=290921, ConflictIdSorter.topsortTime=105438, ConflictIdSorter.conflictIdCount=96, ConflictIdSorter.conflictIdCycleCount=0, ConflictResolver.totalTime=2133925, ConflictResolver.conflictItemCount=336, DfDependencyCollector.collectTime=5827855, DfDependencyCollector.transformTime=3163066}
[[1;36mDEBUG[m] org.eclipse.tycho:tycho-packaging-plugin:jar:4.0.10
[[1;36mDEBUG[m]    org.eclipse.tycho:tycho-core:jar:4.0.10:compile
[[1;36mDEBUG[m]       org.apache.maven.resolver:maven-resolver-util:jar:1.9.20:compile
[[1;36mDEBUG[m]          org.apache.maven.resolver:maven-resolver-api:jar:1.9.20:compile
[[1;36mDEBUG[m]       org.codehaus.plexus:plexus-interpolation:jar:1.27:compile
[[1;36mDEBUG[m]       org.eclipse.tycho:sisu-equinox-launching:jar:4.0.10:compile
[[1;36mDEBUG[m]          org.eclipse.tycho:tycho-api:jar:4.0.10:compile
[[1;36mDEBUG[m]          org.eclipse.platform:org.eclipse.osgi:jar:3.21.0:compile (version managed from default)
[[1;36mDEBUG[m]          org.apache.commons:commons-exec:jar:1.4.0:compile (version managed from default)
[[1;36mDEBUG[m]          org.codehaus.plexus:plexus-component-annotations:jar:2.2.0:compile (version managed from default)
[[1;36mDEBUG[m]       org.eclipse.tycho:sisu-osgi-api:jar:4.0.10:compile
[[1;36mDEBUG[m]       org.eclipse.tycho:tycho-metadata-model:jar:4.0.10:compile
[[1;36mDEBUG[m]          de.pdark:decentxml:jar:1.4:compile (version managed from default)
[[1;36mDEBUG[m]          biz.aQute.bnd:biz.aQute.repository:jar:7.0.0:compile
[[1;36mDEBUG[m]          org.osgi:org.osgi.resource:jar:1.0.1:compile
[[1;36mDEBUG[m]       org.eclipse.tycho:tycho-spi:jar:4.0.10:compile
[[1;36mDEBUG[m]       org.eclipse.tycho:p2-maven-plugin:jar:4.0.10:compile
[[1;36mDEBUG[m]          org.eclipse.platform:org.eclipse.equinox.p2.core:jar:2.12.100:compile
[[1;36mDEBUG[m]          org.eclipse.platform:org.eclipse.equinox.p2.publisher:jar:1.9.200:compile
[[1;36mDEBUG[m]             org.eclipse.platform:org.eclipse.equinox.p2.artifact.repository:jar:1.5.400:compile
[[1;36mDEBUG[m]          org.eclipse.platform:org.eclipse.equinox.p2.director:jar:2.6.400:compile
[[1;36mDEBUG[m]             org.ow2.sat4j:org.ow2.sat4j.core:jar:2.3.6:compile
[[1;36mDEBUG[m]             org.ow2.sat4j:org.ow2.sat4j.pb:jar:2.3.6:compile
[[1;36mDEBUG[m]          org.eclipse.platform:org.eclipse.equinox.p2.engine:jar:2.10.200:compile
[[1;36mDEBUG[m]             org.osgi:org.osgi.service.prefs:jar:1.1.2:compile
[[1;36mDEBUG[m]          org.eclipse.platform:org.eclipse.equinox.p2.metadata:jar:2.9.100:compile
[[1;36mDEBUG[m]          org.eclipse.platform:org.eclipse.equinox.p2.repository:jar:2.9.100:compile (version managed from default)
[[1;36mDEBUG[m]             org.eclipse.platform:org.eclipse.equinox.security:jar:1.4.300:compile
[[1;36mDEBUG[m]          org.eclipse.platform:org.eclipse.osgi.compatibility.state:jar:1.2.1000:compile
[[1;36mDEBUG[m]          org.eclipse.platform:org.eclipse.equinox.p2.publisher.eclipse:jar:1.6.200:compile (version managed from default)
[[1;36mDEBUG[m]          org.eclipse.platform:org.eclipse.equinox.frameworkadmin:jar:2.3.200:compile
[[1;36mDEBUG[m]          org.eclipse.platform:org.eclipse.equinox.preferences:jar:3.11.100:compile
[[1;36mDEBUG[m]          org.eclipse.platform:org.eclipse.equinox.p2.metadata.repository:jar:1.5.400:compile
[[1;36mDEBUG[m]          org.eclipse.platform:org.eclipse.equinox.p2.updatesite:jar:1.3.400:compile
[[1;36mDEBUG[m]          org.eclipse.tycho:sisu-osgi-connect:jar:4.0.10:compile
[[1;36mDEBUG[m]          org.eclipse.platform:org.eclipse.equinox.p2.jarprocessor:jar:1.3.400:compile
[[1;36mDEBUG[m]          org.eclipse.platform:org.eclipse.equinox.p2.touchpoint.natives:jar:1.5.300:compile
[[1;36mDEBUG[m]          org.eclipse.platform:org.eclipse.equinox.p2.touchpoint.eclipse:jar:2.4.300:compile
[[1;36mDEBUG[m]          org.eclipse.platform:org.eclipse.equinox.p2.garbagecollector:jar:1.3.300:compile
[[1;36mDEBUG[m]          org.eclipse.platform:org.eclipse.equinox.p2.director.app:jar:1.3.400:compile
[[1;36mDEBUG[m]          org.eclipse.platform:org.eclipse.equinox.p2.repository.tools:jar:2.4.400:compile
[[1;36mDEBUG[m]          org.eclipse.platform:org.eclipse.equinox.concurrent:jar:1.3.100:compile
[[1;36mDEBUG[m]          org.eclipse.platform:org.eclipse.equinox.simpleconfigurator:jar:1.5.300:compile
[[1;36mDEBUG[m]          org.eclipse.platform:org.eclipse.equinox.app:jar:1.7.200:compile
[[1;36mDEBUG[m]          org.eclipse.platform:org.eclipse.equinox.frameworkadmin.equinox:jar:1.3.200:compile
[[1;36mDEBUG[m]          org.eclipse.platform:org.eclipse.equinox.simpleconfigurator.manipulator:jar:2.3.300:compile (version managed from default)
[[1;36mDEBUG[m]          org.apache.felix:org.apache.felix.scr:jar:2.2.12:compile
[[1;36mDEBUG[m]             org.codehaus.mojo:animal-sniffer-annotations:jar:1.9:compile
[[1;36mDEBUG[m]          org.osgi:org.osgi.service.component:jar:1.5.1:compile
[[1;36mDEBUG[m]             org.osgi:org.osgi.namespace.extender:jar:1.0.1:compile
[[1;36mDEBUG[m]          org.bouncycastle:bcpg-jdk18on:jar:1.78.1:compile (version managed from default)
[[1;36mDEBUG[m]          org.bouncycastle:bcprov-jdk18on:jar:1.78.1:compile (version managed from default)
[[1;36mDEBUG[m]          org.bouncycastle:bcutil-jdk18on:jar:1.78.1:compile (version managed from default)
[[1;36mDEBUG[m]          commons-net:commons-net:jar:3.11.1:compile (version managed from default)
[[1;36mDEBUG[m]       org.eclipse.tycho:tycho-targetplatform:jar:4.0.10:compile
[[1;36mDEBUG[m]       org.eclipse.tycho:tycho-p2:jar:4.0.10:compile
[[1;36mDEBUG[m]       org.eclipse.platform:org.eclipse.core.runtime:jar:3.31.100:compile (version managed from default)
[[1;36mDEBUG[m]          org.eclipse.platform:org.eclipse.equinox.common:jar:3.19.100:compile
[[1;36mDEBUG[m]          org.eclipse.platform:org.eclipse.core.jobs:jar:3.15.300:compile
[[1;36mDEBUG[m]          org.eclipse.platform:org.eclipse.equinox.registry:jar:3.12.100:compile
[[1;36mDEBUG[m]          org.eclipse.platform:org.eclipse.core.contenttype:jar:3.9.400:compile
[[1;36mDEBUG[m]       biz.aQute.bnd:biz.aQute.bndlib:jar:7.0.0:compile (version managed from default) (exclusions managed from default)
[[1;36mDEBUG[m]          biz.aQute.bnd:biz.aQute.bnd.util:jar:7.0.0:compile
[[1;36mDEBUG[m]       org.osgi:org.osgi.service.repository:jar:1.1.0:compile
[[1;36mDEBUG[m]       org.osgi:org.osgi.util.function:jar:1.2.0:compile
[[1;36mDEBUG[m]          org.osgi:osgi.annotation:jar:8.0.1:compile
[[1;36mDEBUG[m]       org.osgi:org.osgi.util.promise:jar:1.3.0:compile
[[1;36mDEBUG[m]       org.slf4j:slf4j-api:jar:2.0.16:compile
[[1;36mDEBUG[m]       commons-io:commons-io:jar:2.17.0:compile (version managed from default)
[[1;36mDEBUG[m]       commons-codec:commons-codec:jar:1.17.1:compile
[[1;36mDEBUG[m]       org.eclipse.jdt:org.eclipse.jdt.core:jar:3.38.0:compile
[[1;36mDEBUG[m]          org.eclipse.platform:org.eclipse.core.resources:jar:3.20.200:compile
[[1;36mDEBUG[m]             org.eclipse.platform:org.eclipse.core.expressions:jar:3.9.400:compile
[[1;36mDEBUG[m]          org.eclipse.platform:org.eclipse.core.filesystem:jar:1.10.400:compile
[[1;36mDEBUG[m]          org.eclipse.platform:org.eclipse.text:jar:3.14.100:compile
[[1;36mDEBUG[m]             org.eclipse.platform:org.eclipse.core.commands:jar:3.12.100:compile
[[1;36mDEBUG[m]          org.eclipse.jdt:ecj:jar:3.38.0:compile (version managed from default)
[[1;36mDEBUG[m]    org.codehaus.plexus:plexus-utils:jar:3.5.1:compile
[[1;36mDEBUG[m]    org.apache.maven:maven-archiver:jar:3.6.3:compile
[[1;36mDEBUG[m]    org.codehaus.plexus:plexus-archiver:jar:4.10.0:compile
[[1;36mDEBUG[m]       javax.inject:javax.inject:jar:1:compile
[[1;36mDEBUG[m]       org.codehaus.plexus:plexus-io:jar:3.5.0:compile
[[1;36mDEBUG[m]       org.apache.commons:commons-compress:jar:1.27.1:compile (version managed from default)
[[1;36mDEBUG[m]          org.apache.commons:commons-lang3:jar:3.17.0:compile (version managed from default)
[[1;36mDEBUG[m]       io.airlift:aircompressor:jar:0.27:compile
[[1;36mDEBUG[m]       org.tukaani:xz:jar:1.9:compile
[[1;36mDEBUG[m]       com.github.luben:zstd-jni:jar:1.5.6-3:runtime
[[1;36mDEBUG[m]    com.konghq:unirest-java:jar:3.14.5:compile
[[1;36mDEBUG[m]       org.apache.httpcomponents:httpclient:jar:4.5.13:compile
[[1;36mDEBUG[m]          org.apache.httpcomponents:httpcore:jar:4.4.13:compile
[[1;36mDEBUG[m]          commons-logging:commons-logging:jar:1.2:compile
[[1;36mDEBUG[m]       org.apache.httpcomponents:httpmime:jar:4.5.13:compile
[[1;36mDEBUG[m]       org.apache.httpcomponents:httpcore-nio:jar:4.4.13:compile
[[1;36mDEBUG[m]       org.apache.httpcomponents:httpasyncclient:jar:4.1.5:compile
[[1;36mDEBUG[m]       com.google.code.gson:gson:jar:2.10:compile
[[1;36mDEBUG[m]    org.sonatype.plexus:plexus-build-api:jar:0.0.7:compile
[[1;36mDEBUG[m] Created new class realm plugin>org.eclipse.tycho:tycho-packaging-plugin:4.0.10
[[1;36mDEBUG[m] Importing foreign packages into class realm plugin>org.eclipse.tycho:tycho-packaging-plugin:4.0.10
[[1;36mDEBUG[m]   Imported:  < project>turnus:turnus.core:1.0.0-SNAPSHOT
[[1;36mDEBUG[m] Populating class realm plugin>org.eclipse.tycho:tycho-packaging-plugin:4.0.10
[[1;36mDEBUG[m]   Included: org.eclipse.tycho:tycho-packaging-plugin:jar:4.0.10
[[1;36mDEBUG[m]   Included: org.codehaus.plexus:plexus-interpolation:jar:1.27
[[1;36mDEBUG[m]   Included: org.eclipse.tycho:sisu-equinox-launching:jar:4.0.10
[[1;36mDEBUG[m]   Included: org.eclipse.tycho:tycho-api:jar:4.0.10
[[1;36mDEBUG[m]   Included: org.eclipse.platform:org.eclipse.osgi:jar:3.21.0
[[1;36mDEBUG[m]   Included: org.apache.commons:commons-exec:jar:1.4.0
[[1;36mDEBUG[m]   Included: org.codehaus.plexus:plexus-component-annotations:jar:2.2.0
[[1;36mDEBUG[m]   Included: org.eclipse.tycho:sisu-osgi-api:jar:4.0.10
[[1;36mDEBUG[m]   Included: biz.aQute.bnd:biz.aQute.repository:jar:7.0.0
[[1;36mDEBUG[m]   Included: org.osgi:org.osgi.resource:jar:1.0.1
[[1;36mDEBUG[m]   Included: org.eclipse.tycho:tycho-spi:jar:4.0.10
[[1;36mDEBUG[m]   Included: org.eclipse.tycho:p2-maven-plugin:jar:4.0.10
[[1;36mDEBUG[m]   Included: org.eclipse.platform:org.eclipse.equinox.p2.publisher:jar:1.9.200
[[1;36mDEBUG[m]   Included: org.eclipse.platform:org.eclipse.equinox.p2.artifact.repository:jar:1.5.400
[[1;36mDEBUG[m]   Included: org.eclipse.platform:org.eclipse.equinox.p2.director:jar:2.6.400
[[1;36mDEBUG[m]   Included: org.ow2.sat4j:org.ow2.sat4j.core:jar:2.3.6
[[1;36mDEBUG[m]   Included: org.ow2.sat4j:org.ow2.sat4j.pb:jar:2.3.6
[[1;36mDEBUG[m]   Included: org.eclipse.platform:org.eclipse.equinox.p2.engine:jar:2.10.200
[[1;36mDEBUG[m]   Included: org.osgi:org.osgi.service.prefs:jar:1.1.2
[[1;36mDEBUG[m]   Included: org.eclipse.platform:org.eclipse.equinox.p2.metadata:jar:2.9.100
[[1;36mDEBUG[m]   Included: org.eclipse.platform:org.eclipse.equinox.p2.repository:jar:2.9.100
[[1;36mDEBUG[m]   Included: org.eclipse.platform:org.eclipse.equinox.security:jar:1.4.300
[[1;36mDEBUG[m]   Included: org.eclipse.platform:org.eclipse.osgi.compatibility.state:jar:1.2.1000
[[1;36mDEBUG[m]   Included: org.eclipse.platform:org.eclipse.equinox.p2.publisher.eclipse:jar:1.6.200
[[1;36mDEBUG[m]   Included: org.eclipse.platform:org.eclipse.equinox.frameworkadmin:jar:2.3.200
[[1;36mDEBUG[m]   Included: org.eclipse.platform:org.eclipse.equinox.preferences:jar:3.11.100
[[1;36mDEBUG[m]   Included: org.eclipse.platform:org.eclipse.equinox.p2.metadata.repository:jar:1.5.400
[[1;36mDEBUG[m]   Included: org.eclipse.platform:org.eclipse.equinox.p2.updatesite:jar:1.3.400
[[1;36mDEBUG[m]   Included: org.eclipse.tycho:sisu-osgi-connect:jar:4.0.10
[[1;36mDEBUG[m]   Included: org.eclipse.platform:org.eclipse.equinox.p2.jarprocessor:jar:1.3.400
[[1;36mDEBUG[m]   Included: org.eclipse.platform:org.eclipse.equinox.p2.touchpoint.natives:jar:1.5.300
[[1;36mDEBUG[m]   Included: org.eclipse.platform:org.eclipse.equinox.p2.touchpoint.eclipse:jar:2.4.300
[[1;36mDEBUG[m]   Included: org.eclipse.platform:org.eclipse.equinox.p2.garbagecollector:jar:1.3.300
[[1;36mDEBUG[m]   Included: org.eclipse.platform:org.eclipse.equinox.p2.director.app:jar:1.3.400
[[1;36mDEBUG[m]   Included: org.eclipse.platform:org.eclipse.equinox.p2.repository.tools:jar:2.4.400
[[1;36mDEBUG[m]   Included: org.eclipse.platform:org.eclipse.equinox.concurrent:jar:1.3.100
[[1;36mDEBUG[m]   Included: org.eclipse.platform:org.eclipse.equinox.simpleconfigurator:jar:1.5.300
[[1;36mDEBUG[m]   Included: org.eclipse.platform:org.eclipse.equinox.app:jar:1.7.200
[[1;36mDEBUG[m]   Included: org.eclipse.platform:org.eclipse.equinox.frameworkadmin.equinox:jar:1.3.200
[[1;36mDEBUG[m]   Included: org.eclipse.platform:org.eclipse.equinox.simpleconfigurator.manipulator:jar:2.3.300
[[1;36mDEBUG[m]   Included: org.apache.felix:org.apache.felix.scr:jar:2.2.12
[[1;36mDEBUG[m]   Included: org.codehaus.mojo:animal-sniffer-annotations:jar:1.9
[[1;36mDEBUG[m]   Included: org.osgi:org.osgi.service.component:jar:1.5.1
[[1;36mDEBUG[m]   Included: org.osgi:org.osgi.namespace.extender:jar:1.0.1
[[1;36mDEBUG[m]   Included: org.bouncycastle:bcpg-jdk18on:jar:1.78.1
[[1;36mDEBUG[m]   Included: org.bouncycastle:bcprov-jdk18on:jar:1.78.1
[[1;36mDEBUG[m]   Included: org.bouncycastle:bcutil-jdk18on:jar:1.78.1
[[1;36mDEBUG[m]   Included: commons-net:commons-net:jar:3.11.1
[[1;36mDEBUG[m]   Included: org.eclipse.tycho:tycho-targetplatform:jar:4.0.10
[[1;36mDEBUG[m]   Included: org.eclipse.tycho:tycho-p2:jar:4.0.10
[[1;36mDEBUG[m]   Included: org.eclipse.platform:org.eclipse.core.runtime:jar:3.31.100
[[1;36mDEBUG[m]   Included: org.eclipse.platform:org.eclipse.equinox.common:jar:3.19.100
[[1;36mDEBUG[m]   Included: org.eclipse.platform:org.eclipse.core.jobs:jar:3.15.300
[[1;36mDEBUG[m]   Included: org.eclipse.platform:org.eclipse.equinox.registry:jar:3.12.100
[[1;36mDEBUG[m]   Included: org.eclipse.platform:org.eclipse.core.contenttype:jar:3.9.400
[[1;36mDEBUG[m]   Included: biz.aQute.bnd:biz.aQute.bnd.util:jar:7.0.0
[[1;36mDEBUG[m]   Included: org.osgi:org.osgi.service.repository:jar:1.1.0
[[1;36mDEBUG[m]   Included: org.osgi:org.osgi.util.function:jar:1.2.0
[[1;36mDEBUG[m]   Included: org.osgi:osgi.annotation:jar:8.0.1
[[1;36mDEBUG[m]   Included: org.osgi:org.osgi.util.promise:jar:1.3.0
[[1;36mDEBUG[m]   Included: commons-io:commons-io:jar:2.17.0
[[1;36mDEBUG[m]   Included: commons-codec:commons-codec:jar:1.17.1
[[1;36mDEBUG[m]   Included: org.eclipse.jdt:org.eclipse.jdt.core:jar:3.38.0
[[1;36mDEBUG[m]   Included: org.eclipse.platform:org.eclipse.core.resources:jar:3.20.200
[[1;36mDEBUG[m]   Included: org.eclipse.platform:org.eclipse.core.expressions:jar:3.9.400
[[1;36mDEBUG[m]   Included: org.eclipse.platform:org.eclipse.core.filesystem:jar:1.10.400
[[1;36mDEBUG[m]   Included: org.eclipse.platform:org.eclipse.text:jar:3.14.100
[[1;36mDEBUG[m]   Included: org.eclipse.platform:org.eclipse.core.commands:jar:3.12.100
[[1;36mDEBUG[m]   Included: org.eclipse.jdt:ecj:jar:3.38.0
[[1;36mDEBUG[m]   Included: org.codehaus.plexus:plexus-utils:jar:3.5.1
[[1;36mDEBUG[m]   Included: org.apache.maven:maven-archiver:jar:3.6.3
[[1;36mDEBUG[m]   Included: org.codehaus.plexus:plexus-archiver:jar:4.10.0
[[1;36mDEBUG[m]   Included: org.codehaus.plexus:plexus-io:jar:3.5.0
[[1;36mDEBUG[m]   Included: org.apache.commons:commons-compress:jar:1.27.1
[[1;36mDEBUG[m]   Included: org.apache.commons:commons-lang3:jar:3.17.0
[[1;36mDEBUG[m]   Included: io.airlift:aircompressor:jar:0.27
[[1;36mDEBUG[m]   Included: org.tukaani:xz:jar:1.9
[[1;36mDEBUG[m]   Included: com.github.luben:zstd-jni:jar:1.5.6-3
[[1;36mDEBUG[m]   Included: com.konghq:unirest-java:jar:3.14.5
[[1;36mDEBUG[m]   Included: org.apache.httpcomponents:httpclient:jar:4.5.13
[[1;36mDEBUG[m]   Included: org.apache.httpcomponents:httpcore:jar:4.4.13
[[1;36mDEBUG[m]   Included: commons-logging:commons-logging:jar:1.2
[[1;36mDEBUG[m]   Included: org.apache.httpcomponents:httpmime:jar:4.5.13
[[1;36mDEBUG[m]   Included: org.apache.httpcomponents:httpcore-nio:jar:4.4.13
[[1;36mDEBUG[m]   Included: org.apache.httpcomponents:httpasyncclient:jar:4.1.5
[[1;36mDEBUG[m]   Included: com.google.code.gson:gson:jar:2.10
[[1;36mDEBUG[m]   Included: org.sonatype.plexus:plexus-build-api:jar:0.0.7
[[1;36mDEBUG[m] Dependency collection stats {ConflictMarker.analyzeTime=293412, ConflictMarker.markTime=227280, ConflictMarker.nodeCount=344, ConflictIdSorter.graphTime=316136, ConflictIdSorter.topsortTime=101397, ConflictIdSorter.conflictIdCount=92, ConflictIdSorter.conflictIdCycleCount=0, ConflictResolver.totalTime=1815635, ConflictResolver.conflictItemCount=337, DfDependencyCollector.collectTime=17988441, DfDependencyCollector.transformTime=2779738}
[[1;36mDEBUG[m] org.eclipse.tycho:tycho-compiler-plugin:jar:4.0.10
[[1;36mDEBUG[m]    org.codehaus.plexus:plexus-utils:jar:3.5.1:compile
[[1;36mDEBUG[m]    org.codehaus.plexus:plexus-compiler-manager:jar:2.15.0:compile
[[1;36mDEBUG[m]       javax.inject:javax.inject:jar:1:compile
[[1;36mDEBUG[m]       org.slf4j:slf4j-api:jar:1.7.36:compile
[[1;36mDEBUG[m]       org.codehaus.plexus:plexus-xml:jar:3.0.0:compile
[[1;36mDEBUG[m]    org.codehaus.plexus:plexus-compiler-api:jar:2.15.0:compile
[[1;36mDEBUG[m]    org.eclipse.tycho:tycho-core:jar:4.0.10:compile
[[1;36mDEBUG[m]       org.apache.maven.resolver:maven-resolver-util:jar:1.9.20:compile
[[1;36mDEBUG[m]          org.apache.maven.resolver:maven-resolver-api:jar:1.9.20:compile
[[1;36mDEBUG[m]       org.codehaus.plexus:plexus-archiver:jar:4.10.0:compile (version managed from default)
[[1;36mDEBUG[m]          org.codehaus.plexus:plexus-io:jar:3.5.0:compile
[[1;36mDEBUG[m]          org.apache.commons:commons-compress:jar:1.27.1:compile (version managed from default)
[[1;36mDEBUG[m]             org.apache.commons:commons-lang3:jar:3.17.0:compile (version managed from default)
[[1;36mDEBUG[m]          io.airlift:aircompressor:jar:0.27:compile
[[1;36mDEBUG[m]          org.tukaani:xz:jar:1.9:compile
[[1;36mDEBUG[m]          com.github.luben:zstd-jni:jar:1.5.6-3:runtime
[[1;36mDEBUG[m]       org.codehaus.plexus:plexus-interpolation:jar:1.27:compile
[[1;36mDEBUG[m]       org.eclipse.tycho:sisu-equinox-launching:jar:4.0.10:compile
[[1;36mDEBUG[m]          org.eclipse.tycho:tycho-api:jar:4.0.10:compile
[[1;36mDEBUG[m]          org.eclipse.platform:org.eclipse.osgi:jar:3.21.0:compile (version managed from default)
[[1;36mDEBUG[m]       org.eclipse.tycho:sisu-osgi-api:jar:4.0.10:compile
[[1;36mDEBUG[m]       org.eclipse.tycho:tycho-metadata-model:jar:4.0.10:compile
[[1;36mDEBUG[m]          de.pdark:decentxml:jar:1.4:compile (version managed from default)
[[1;36mDEBUG[m]          biz.aQute.bnd:biz.aQute.repository:jar:7.0.0:compile
[[1;36mDEBUG[m]          org.osgi:org.osgi.resource:jar:1.0.1:compile
[[1;36mDEBUG[m]       org.eclipse.tycho:tycho-spi:jar:4.0.10:compile
[[1;36mDEBUG[m]       org.eclipse.tycho:p2-maven-plugin:jar:4.0.10:compile
[[1;36mDEBUG[m]          org.eclipse.platform:org.eclipse.equinox.p2.core:jar:2.12.100:compile
[[1;36mDEBUG[m]          org.eclipse.platform:org.eclipse.equinox.p2.publisher:jar:1.9.200:compile
[[1;36mDEBUG[m]             org.eclipse.platform:org.eclipse.equinox.p2.artifact.repository:jar:1.5.400:compile
[[1;36mDEBUG[m]          org.eclipse.platform:org.eclipse.equinox.p2.director:jar:2.6.400:compile
[[1;36mDEBUG[m]             org.ow2.sat4j:org.ow2.sat4j.core:jar:2.3.6:compile
[[1;36mDEBUG[m]             org.ow2.sat4j:org.ow2.sat4j.pb:jar:2.3.6:compile
[[1;36mDEBUG[m]          org.eclipse.platform:org.eclipse.equinox.p2.engine:jar:2.10.200:compile
[[1;36mDEBUG[m]             org.osgi:org.osgi.service.prefs:jar:1.1.2:compile
[[1;36mDEBUG[m]          org.eclipse.platform:org.eclipse.equinox.p2.metadata:jar:2.9.100:compile
[[1;36mDEBUG[m]          org.eclipse.platform:org.eclipse.equinox.p2.repository:jar:2.9.100:compile (version managed from default)
[[1;36mDEBUG[m]             org.eclipse.platform:org.eclipse.equinox.security:jar:1.4.300:compile
[[1;36mDEBUG[m]          org.eclipse.platform:org.eclipse.osgi.compatibility.state:jar:1.2.1000:compile
[[1;36mDEBUG[m]          org.eclipse.platform:org.eclipse.equinox.p2.publisher.eclipse:jar:1.6.200:compile (version managed from default)
[[1;36mDEBUG[m]          org.eclipse.platform:org.eclipse.equinox.frameworkadmin:jar:2.3.200:compile
[[1;36mDEBUG[m]          org.eclipse.platform:org.eclipse.equinox.preferences:jar:3.11.100:compile
[[1;36mDEBUG[m]          org.eclipse.platform:org.eclipse.equinox.p2.metadata.repository:jar:1.5.400:compile
[[1;36mDEBUG[m]          org.eclipse.platform:org.eclipse.equinox.p2.updatesite:jar:1.3.400:compile
[[1;36mDEBUG[m]          org.eclipse.tycho:sisu-osgi-connect:jar:4.0.10:compile
[[1;36mDEBUG[m]          org.eclipse.platform:org.eclipse.equinox.p2.jarprocessor:jar:1.3.400:compile
[[1;36mDEBUG[m]          org.eclipse.platform:org.eclipse.equinox.p2.touchpoint.natives:jar:1.5.300:compile
[[1;36mDEBUG[m]          org.eclipse.platform:org.eclipse.equinox.p2.touchpoint.eclipse:jar:2.4.300:compile
[[1;36mDEBUG[m]          org.eclipse.platform:org.eclipse.equinox.p2.garbagecollector:jar:1.3.300:compile
[[1;36mDEBUG[m]          org.eclipse.platform:org.eclipse.equinox.p2.director.app:jar:1.3.400:compile
[[1;36mDEBUG[m]          org.eclipse.platform:org.eclipse.equinox.p2.repository.tools:jar:2.4.400:compile
[[1;36mDEBUG[m]          org.eclipse.platform:org.eclipse.equinox.concurrent:jar:1.3.100:compile
[[1;36mDEBUG[m]          org.eclipse.platform:org.eclipse.equinox.simpleconfigurator:jar:1.5.300:compile
[[1;36mDEBUG[m]          org.eclipse.platform:org.eclipse.equinox.app:jar:1.7.200:compile
[[1;36mDEBUG[m]          org.eclipse.platform:org.eclipse.equinox.frameworkadmin.equinox:jar:1.3.200:compile
[[1;36mDEBUG[m]          org.eclipse.platform:org.eclipse.equinox.simpleconfigurator.manipulator:jar:2.3.300:compile (version managed from default)
[[1;36mDEBUG[m]          org.apache.felix:org.apache.felix.scr:jar:2.2.12:compile
[[1;36mDEBUG[m]             org.codehaus.mojo:animal-sniffer-annotations:jar:1.9:compile
[[1;36mDEBUG[m]          org.osgi:org.osgi.service.component:jar:1.5.1:compile
[[1;36mDEBUG[m]             org.osgi:org.osgi.namespace.extender:jar:1.0.1:compile
[[1;36mDEBUG[m]          org.bouncycastle:bcpg-jdk18on:jar:1.78.1:compile (version managed from default)
[[1;36mDEBUG[m]          org.bouncycastle:bcprov-jdk18on:jar:1.78.1:compile (version managed from default)
[[1;36mDEBUG[m]          org.bouncycastle:bcutil-jdk18on:jar:1.78.1:compile (version managed from default)
[[1;36mDEBUG[m]          commons-net:commons-net:jar:3.11.1:compile (version managed from default)
[[1;36mDEBUG[m]       org.eclipse.tycho:tycho-targetplatform:jar:4.0.10:compile
[[1;36mDEBUG[m]       org.eclipse.tycho:tycho-p2:jar:4.0.10:compile
[[1;36mDEBUG[m]       org.eclipse.platform:org.eclipse.core.runtime:jar:3.31.100:compile (version managed from default)
[[1;36mDEBUG[m]          org.eclipse.platform:org.eclipse.equinox.common:jar:3.19.100:compile
[[1;36mDEBUG[m]          org.eclipse.platform:org.eclipse.core.jobs:jar:3.15.300:compile
[[1;36mDEBUG[m]          org.eclipse.platform:org.eclipse.equinox.registry:jar:3.12.100:compile
[[1;36mDEBUG[m]          org.eclipse.platform:org.eclipse.core.contenttype:jar:3.9.400:compile
[[1;36mDEBUG[m]       biz.aQute.bnd:biz.aQute.bndlib:jar:7.0.0:compile (version managed from default) (exclusions managed from default)
[[1;36mDEBUG[m]          biz.aQute.bnd:biz.aQute.bnd.util:jar:7.0.0:compile
[[1;36mDEBUG[m]       org.osgi:org.osgi.service.repository:jar:1.1.0:compile
[[1;36mDEBUG[m]       org.osgi:org.osgi.util.function:jar:1.2.0:compile
[[1;36mDEBUG[m]          org.osgi:osgi.annotation:jar:8.0.1:compile
[[1;36mDEBUG[m]       org.osgi:org.osgi.util.promise:jar:1.3.0:compile
[[1;36mDEBUG[m]       commons-io:commons-io:jar:2.17.0:compile (version managed from default)
[[1;36mDEBUG[m]       commons-codec:commons-codec:jar:1.17.1:compile
[[1;36mDEBUG[m]       org.eclipse.jdt:org.eclipse.jdt.core:jar:3.38.0:compile
[[1;36mDEBUG[m]          org.eclipse.platform:org.eclipse.core.resources:jar:3.20.200:compile
[[1;36mDEBUG[m]             org.eclipse.platform:org.eclipse.core.expressions:jar:3.9.400:compile
[[1;36mDEBUG[m]          org.eclipse.platform:org.eclipse.core.filesystem:jar:1.10.400:compile
[[1;36mDEBUG[m]          org.eclipse.platform:org.eclipse.text:jar:3.14.100:compile
[[1;36mDEBUG[m]             org.eclipse.platform:org.eclipse.core.commands:jar:3.12.100:compile
[[1;36mDEBUG[m]    org.eclipse.tycho:tycho-compiler-jdt:jar:4.0.10:compile
[[1;36mDEBUG[m]       org.eclipse.tycho:tycho-lib-detector:jar:4.0.10:compile
[[1;36mDEBUG[m]       org.eclipse.jdt:ecj:jar:3.38.0:compile (version managed from default)
[[1;36mDEBUG[m]       org.codehaus.plexus:plexus-component-annotations:jar:2.2.0:compile (version managed from default)
[[1;36mDEBUG[m]       org.apache.commons:commons-exec:jar:1.4.0:compile (version managed from default)
[[1;36mDEBUG[m]    org.codehaus.plexus:plexus-compiler-javac:jar:2.15.0:compile
[[1;36mDEBUG[m] Created new class realm plugin>org.eclipse.tycho:tycho-compiler-plugin:4.0.10
[[1;36mDEBUG[m] Importing foreign packages into class realm plugin>org.eclipse.tycho:tycho-compiler-plugin:4.0.10
[[1;36mDEBUG[m]   Imported:  < project>turnus:turnus.core:1.0.0-SNAPSHOT
[[1;36mDEBUG[m] Populating class realm plugin>org.eclipse.tycho:tycho-compiler-plugin:4.0.10
[[1;36mDEBUG[m]   Included: org.eclipse.tycho:tycho-compiler-plugin:jar:4.0.10
[[1;36mDEBUG[m]   Included: org.codehaus.plexus:plexus-utils:jar:3.5.1
[[1;36mDEBUG[m]   Included: org.codehaus.plexus:plexus-compiler-manager:jar:2.15.0
[[1;36mDEBUG[m]   Included: org.codehaus.plexus:plexus-xml:jar:3.0.0
[[1;36mDEBUG[m]   Included: org.codehaus.plexus:plexus-compiler-api:jar:2.15.0
[[1;36mDEBUG[m]   Included: org.codehaus.plexus:plexus-archiver:jar:4.10.0
[[1;36mDEBUG[m]   Included: org.codehaus.plexus:plexus-io:jar:3.5.0
[[1;36mDEBUG[m]   Included: org.apache.commons:commons-compress:jar:1.27.1
[[1;36mDEBUG[m]   Included: org.apache.commons:commons-lang3:jar:3.17.0
[[1;36mDEBUG[m]   Included: io.airlift:aircompressor:jar:0.27
[[1;36mDEBUG[m]   Included: org.tukaani:xz:jar:1.9
[[1;36mDEBUG[m]   Included: com.github.luben:zstd-jni:jar:1.5.6-3
[[1;36mDEBUG[m]   Included: org.codehaus.plexus:plexus-interpolation:jar:1.27
[[1;36mDEBUG[m]   Included: org.eclipse.tycho:sisu-equinox-launching:jar:4.0.10
[[1;36mDEBUG[m]   Included: org.eclipse.tycho:tycho-api:jar:4.0.10
[[1;36mDEBUG[m]   Included: org.eclipse.platform:org.eclipse.osgi:jar:3.21.0
[[1;36mDEBUG[m]   Included: org.eclipse.tycho:sisu-osgi-api:jar:4.0.10
[[1;36mDEBUG[m]   Included: biz.aQute.bnd:biz.aQute.repository:jar:7.0.0
[[1;36mDEBUG[m]   Included: org.osgi:org.osgi.resource:jar:1.0.1
[[1;36mDEBUG[m]   Included: org.eclipse.tycho:tycho-spi:jar:4.0.10
[[1;36mDEBUG[m]   Included: org.eclipse.tycho:p2-maven-plugin:jar:4.0.10
[[1;36mDEBUG[m]   Included: org.eclipse.platform:org.eclipse.equinox.p2.publisher:jar:1.9.200
[[1;36mDEBUG[m]   Included: org.eclipse.platform:org.eclipse.equinox.p2.artifact.repository:jar:1.5.400
[[1;36mDEBUG[m]   Included: org.eclipse.platform:org.eclipse.equinox.p2.director:jar:2.6.400
[[1;36mDEBUG[m]   Included: org.ow2.sat4j:org.ow2.sat4j.core:jar:2.3.6
[[1;36mDEBUG[m]   Included: org.ow2.sat4j:org.ow2.sat4j.pb:jar:2.3.6
[[1;36mDEBUG[m]   Included: org.eclipse.platform:org.eclipse.equinox.p2.engine:jar:2.10.200
[[1;36mDEBUG[m]   Included: org.osgi:org.osgi.service.prefs:jar:1.1.2
[[1;36mDEBUG[m]   Included: org.eclipse.platform:org.eclipse.equinox.p2.metadata:jar:2.9.100
[[1;36mDEBUG[m]   Included: org.eclipse.platform:org.eclipse.equinox.p2.repository:jar:2.9.100
[[1;36mDEBUG[m]   Included: org.eclipse.platform:org.eclipse.equinox.security:jar:1.4.300
[[1;36mDEBUG[m]   Included: org.eclipse.platform:org.eclipse.osgi.compatibility.state:jar:1.2.1000
[[1;36mDEBUG[m]   Included: org.eclipse.platform:org.eclipse.equinox.p2.publisher.eclipse:jar:1.6.200
[[1;36mDEBUG[m]   Included: org.eclipse.platform:org.eclipse.equinox.frameworkadmin:jar:2.3.200
[[1;36mDEBUG[m]   Included: org.eclipse.platform:org.eclipse.equinox.preferences:jar:3.11.100
[[1;36mDEBUG[m]   Included: org.eclipse.platform:org.eclipse.equinox.p2.metadata.repository:jar:1.5.400
[[1;36mDEBUG[m]   Included: org.eclipse.platform:org.eclipse.equinox.p2.updatesite:jar:1.3.400
[[1;36mDEBUG[m]   Included: org.eclipse.tycho:sisu-osgi-connect:jar:4.0.10
[[1;36mDEBUG[m]   Included: org.eclipse.platform:org.eclipse.equinox.p2.jarprocessor:jar:1.3.400
[[1;36mDEBUG[m]   Included: org.eclipse.platform:org.eclipse.equinox.p2.touchpoint.natives:jar:1.5.300
[[1;36mDEBUG[m]   Included: org.eclipse.platform:org.eclipse.equinox.p2.touchpoint.eclipse:jar:2.4.300
[[1;36mDEBUG[m]   Included: org.eclipse.platform:org.eclipse.equinox.p2.garbagecollector:jar:1.3.300
[[1;36mDEBUG[m]   Included: org.eclipse.platform:org.eclipse.equinox.p2.director.app:jar:1.3.400
[[1;36mDEBUG[m]   Included: org.eclipse.platform:org.eclipse.equinox.p2.repository.tools:jar:2.4.400
[[1;36mDEBUG[m]   Included: org.eclipse.platform:org.eclipse.equinox.concurrent:jar:1.3.100
[[1;36mDEBUG[m]   Included: org.eclipse.platform:org.eclipse.equinox.simpleconfigurator:jar:1.5.300
[[1;36mDEBUG[m]   Included: org.eclipse.platform:org.eclipse.equinox.app:jar:1.7.200
[[1;36mDEBUG[m]   Included: org.eclipse.platform:org.eclipse.equinox.frameworkadmin.equinox:jar:1.3.200
[[1;36mDEBUG[m]   Included: org.eclipse.platform:org.eclipse.equinox.simpleconfigurator.manipulator:jar:2.3.300
[[1;36mDEBUG[m]   Included: org.apache.felix:org.apache.felix.scr:jar:2.2.12
[[1;36mDEBUG[m]   Included: org.codehaus.mojo:animal-sniffer-annotations:jar:1.9
[[1;36mDEBUG[m]   Included: org.osgi:org.osgi.service.component:jar:1.5.1
[[1;36mDEBUG[m]   Included: org.osgi:org.osgi.namespace.extender:jar:1.0.1
[[1;36mDEBUG[m]   Included: org.bouncycastle:bcpg-jdk18on:jar:1.78.1
[[1;36mDEBUG[m]   Included: org.bouncycastle:bcprov-jdk18on:jar:1.78.1
[[1;36mDEBUG[m]   Included: org.bouncycastle:bcutil-jdk18on:jar:1.78.1
[[1;36mDEBUG[m]   Included: commons-net:commons-net:jar:3.11.1
[[1;36mDEBUG[m]   Included: org.eclipse.tycho:tycho-targetplatform:jar:4.0.10
[[1;36mDEBUG[m]   Included: org.eclipse.tycho:tycho-p2:jar:4.0.10
[[1;36mDEBUG[m]   Included: org.eclipse.platform:org.eclipse.core.runtime:jar:3.31.100
[[1;36mDEBUG[m]   Included: org.eclipse.platform:org.eclipse.equinox.common:jar:3.19.100
[[1;36mDEBUG[m]   Included: org.eclipse.platform:org.eclipse.core.jobs:jar:3.15.300
[[1;36mDEBUG[m]   Included: org.eclipse.platform:org.eclipse.equinox.registry:jar:3.12.100
[[1;36mDEBUG[m]   Included: org.eclipse.platform:org.eclipse.core.contenttype:jar:3.9.400
[[1;36mDEBUG[m]   Included: biz.aQute.bnd:biz.aQute.bnd.util:jar:7.0.0
[[1;36mDEBUG[m]   Included: org.osgi:org.osgi.service.repository:jar:1.1.0
[[1;36mDEBUG[m]   Included: org.osgi:org.osgi.util.function:jar:1.2.0
[[1;36mDEBUG[m]   Included: org.osgi:osgi.annotation:jar:8.0.1
[[1;36mDEBUG[m]   Included: org.osgi:org.osgi.util.promise:jar:1.3.0
[[1;36mDEBUG[m]   Included: commons-io:commons-io:jar:2.17.0
[[1;36mDEBUG[m]   Included: commons-codec:commons-codec:jar:1.17.1
[[1;36mDEBUG[m]   Included: org.eclipse.jdt:org.eclipse.jdt.core:jar:3.38.0
[[1;36mDEBUG[m]   Included: org.eclipse.platform:org.eclipse.core.resources:jar:3.20.200
[[1;36mDEBUG[m]   Included: org.eclipse.platform:org.eclipse.core.expressions:jar:3.9.400
[[1;36mDEBUG[m]   Included: org.eclipse.platform:org.eclipse.core.filesystem:jar:1.10.400
[[1;36mDEBUG[m]   Included: org.eclipse.platform:org.eclipse.text:jar:3.14.100
[[1;36mDEBUG[m]   Included: org.eclipse.platform:org.eclipse.core.commands:jar:3.12.100
[[1;36mDEBUG[m]   Included: org.eclipse.tycho:tycho-compiler-jdt:jar:4.0.10
[[1;36mDEBUG[m]   Included: org.eclipse.tycho:tycho-lib-detector:jar:4.0.10
[[1;36mDEBUG[m]   Included: org.eclipse.jdt:ecj:jar:3.38.0
[[1;36mDEBUG[m]   Included: org.codehaus.plexus:plexus-component-annotations:jar:2.2.0
[[1;36mDEBUG[m]   Included: org.apache.commons:commons-exec:jar:1.4.0
[[1;36mDEBUG[m]   Included: org.codehaus.plexus:plexus-compiler-javac:jar:2.15.0
[[1;36mDEBUG[m] Dependency collection stats {ConflictMarker.analyzeTime=385643, ConflictMarker.markTime=225573, ConflictMarker.nodeCount=340, ConflictIdSorter.graphTime=279559, ConflictIdSorter.topsortTime=99041, ConflictIdSorter.conflictIdCount=91, ConflictIdSorter.conflictIdCycleCount=0, ConflictResolver.totalTime=1851662, ConflictResolver.conflictItemCount=328, DfDependencyCollector.collectTime=9414099, DfDependencyCollector.transformTime=2867150}
[[1;36mDEBUG[m] org.eclipse.tycho:tycho-bnd-plugin:jar:4.0.10
[[1;36mDEBUG[m]    org.codehaus.plexus:plexus-utils:jar:3.5.1:compile
[[1;36mDEBUG[m]    org.eclipse.tycho:tycho-core:jar:4.0.10:compile
[[1;36mDEBUG[m]       org.apache.maven.resolver:maven-resolver-util:jar:1.9.20:compile
[[1;36mDEBUG[m]          org.apache.maven.resolver:maven-resolver-api:jar:1.9.20:compile
[[1;36mDEBUG[m]       org.codehaus.plexus:plexus-archiver:jar:4.10.0:compile (version managed from default)
[[1;36mDEBUG[m]          javax.inject:javax.inject:jar:1:compile
[[1;36mDEBUG[m]          org.codehaus.plexus:plexus-io:jar:3.5.0:compile
[[1;36mDEBUG[m]          org.apache.commons:commons-compress:jar:1.27.1:compile (version managed from default)
[[1;36mDEBUG[m]             org.apache.commons:commons-lang3:jar:3.17.0:compile (version managed from default)
[[1;36mDEBUG[m]          io.airlift:aircompressor:jar:0.27:compile
[[1;36mDEBUG[m]          org.tukaani:xz:jar:1.9:compile
[[1;36mDEBUG[m]          com.github.luben:zstd-jni:jar:1.5.6-3:runtime
[[1;36mDEBUG[m]       org.codehaus.plexus:plexus-interpolation:jar:1.27:compile
[[1;36mDEBUG[m]       org.eclipse.tycho:sisu-equinox-launching:jar:4.0.10:compile
[[1;36mDEBUG[m]          org.eclipse.tycho:tycho-api:jar:4.0.10:compile
[[1;36mDEBUG[m]          org.eclipse.platform:org.eclipse.osgi:jar:3.21.0:compile (version managed from default)
[[1;36mDEBUG[m]          org.apache.commons:commons-exec:jar:1.4.0:compile (version managed from default)
[[1;36mDEBUG[m]          org.codehaus.plexus:plexus-component-annotations:jar:2.2.0:compile (version managed from default)
[[1;36mDEBUG[m]       org.eclipse.tycho:sisu-osgi-api:jar:4.0.10:compile
[[1;36mDEBUG[m]       org.eclipse.tycho:tycho-metadata-model:jar:4.0.10:compile
[[1;36mDEBUG[m]          de.pdark:decentxml:jar:1.4:compile (version managed from default)
[[1;36mDEBUG[m]       org.eclipse.tycho:tycho-spi:jar:4.0.10:compile
[[1;36mDEBUG[m]       org.eclipse.tycho:p2-maven-plugin:jar:4.0.10:compile
[[1;36mDEBUG[m]          org.eclipse.platform:org.eclipse.equinox.p2.core:jar:2.12.100:compile
[[1;36mDEBUG[m]          org.eclipse.platform:org.eclipse.equinox.p2.publisher:jar:1.9.200:compile
[[1;36mDEBUG[m]             org.eclipse.platform:org.eclipse.equinox.p2.artifact.repository:jar:1.5.400:compile
[[1;36mDEBUG[m]          org.eclipse.platform:org.eclipse.equinox.p2.director:jar:2.6.400:compile
[[1;36mDEBUG[m]             org.ow2.sat4j:org.ow2.sat4j.core:jar:2.3.6:compile
[[1;36mDEBUG[m]             org.ow2.sat4j:org.ow2.sat4j.pb:jar:2.3.6:compile
[[1;36mDEBUG[m]          org.eclipse.platform:org.eclipse.equinox.p2.engine:jar:2.10.200:compile
[[1;36mDEBUG[m]             org.osgi:org.osgi.service.prefs:jar:1.1.2:compile
[[1;36mDEBUG[m]          org.eclipse.platform:org.eclipse.equinox.p2.metadata:jar:2.9.100:compile
[[1;36mDEBUG[m]          org.eclipse.platform:org.eclipse.equinox.p2.repository:jar:2.9.100:compile (version managed from default)
[[1;36mDEBUG[m]             org.eclipse.platform:org.eclipse.equinox.security:jar:1.4.300:compile
[[1;36mDEBUG[m]          org.eclipse.platform:org.eclipse.osgi.compatibility.state:jar:1.2.1000:compile
[[1;36mDEBUG[m]          org.eclipse.platform:org.eclipse.equinox.p2.publisher.eclipse:jar:1.6.200:compile (version managed from default)
[[1;36mDEBUG[m]          org.eclipse.platform:org.eclipse.equinox.frameworkadmin:jar:2.3.200:compile
[[1;36mDEBUG[m]          org.eclipse.platform:org.eclipse.equinox.preferences:jar:3.11.100:compile
[[1;36mDEBUG[m]          org.eclipse.platform:org.eclipse.equinox.p2.metadata.repository:jar:1.5.400:compile
[[1;36mDEBUG[m]          org.eclipse.platform:org.eclipse.equinox.p2.updatesite:jar:1.3.400:compile
[[1;36mDEBUG[m]          org.eclipse.tycho:sisu-osgi-connect:jar:4.0.10:compile
[[1;36mDEBUG[m]          org.eclipse.platform:org.eclipse.equinox.p2.jarprocessor:jar:1.3.400:compile
[[1;36mDEBUG[m]          org.eclipse.platform:org.eclipse.equinox.p2.touchpoint.natives:jar:1.5.300:compile
[[1;36mDEBUG[m]          org.eclipse.platform:org.eclipse.equinox.p2.touchpoint.eclipse:jar:2.4.300:compile
[[1;36mDEBUG[m]          org.eclipse.platform:org.eclipse.equinox.p2.garbagecollector:jar:1.3.300:compile
[[1;36mDEBUG[m]          org.eclipse.platform:org.eclipse.equinox.p2.director.app:jar:1.3.400:compile
[[1;36mDEBUG[m]          org.eclipse.platform:org.eclipse.equinox.p2.repository.tools:jar:2.4.400:compile
[[1;36mDEBUG[m]          org.eclipse.platform:org.eclipse.equinox.concurrent:jar:1.3.100:compile
[[1;36mDEBUG[m]          org.eclipse.platform:org.eclipse.equinox.simpleconfigurator:jar:1.5.300:compile
[[1;36mDEBUG[m]          org.eclipse.platform:org.eclipse.equinox.app:jar:1.7.200:compile
[[1;36mDEBUG[m]          org.eclipse.platform:org.eclipse.equinox.frameworkadmin.equinox:jar:1.3.200:compile
[[1;36mDEBUG[m]          org.eclipse.platform:org.eclipse.equinox.simpleconfigurator.manipulator:jar:2.3.300:compile (version managed from default)
[[1;36mDEBUG[m]          org.apache.felix:org.apache.felix.scr:jar:2.2.12:compile
[[1;36mDEBUG[m]             org.codehaus.mojo:animal-sniffer-annotations:jar:1.9:compile
[[1;36mDEBUG[m]          org.osgi:org.osgi.service.component:jar:1.5.1:compile
[[1;36mDEBUG[m]             org.osgi:org.osgi.namespace.extender:jar:1.0.1:compile
[[1;36mDEBUG[m]          org.bouncycastle:bcpg-jdk18on:jar:1.78.1:compile (version managed from default)
[[1;36mDEBUG[m]          org.bouncycastle:bcprov-jdk18on:jar:1.78.1:compile (version managed from default)
[[1;36mDEBUG[m]          org.bouncycastle:bcutil-jdk18on:jar:1.78.1:compile (version managed from default)
[[1;36mDEBUG[m]          commons-net:commons-net:jar:3.11.1:compile (version managed from default)
[[1;36mDEBUG[m]       org.eclipse.tycho:tycho-targetplatform:jar:4.0.10:compile
[[1;36mDEBUG[m]       org.eclipse.tycho:tycho-p2:jar:4.0.10:compile
[[1;36mDEBUG[m]       org.eclipse.platform:org.eclipse.core.runtime:jar:3.31.100:compile (version managed from default)
[[1;36mDEBUG[m]          org.eclipse.platform:org.eclipse.equinox.common:jar:3.19.100:compile
[[1;36mDEBUG[m]          org.eclipse.platform:org.eclipse.core.jobs:jar:3.15.300:compile
[[1;36mDEBUG[m]          org.eclipse.platform:org.eclipse.equinox.registry:jar:3.12.100:compile
[[1;36mDEBUG[m]          org.eclipse.platform:org.eclipse.core.contenttype:jar:3.9.400:compile
[[1;36mDEBUG[m]       org.osgi:org.osgi.service.repository:jar:1.1.0:compile
[[1;36mDEBUG[m]       org.osgi:org.osgi.util.function:jar:1.2.0:compile
[[1;36mDEBUG[m]          org.osgi:osgi.annotation:jar:8.0.1:compile
[[1;36mDEBUG[m]       org.osgi:org.osgi.util.promise:jar:1.3.0:compile
[[1;36mDEBUG[m]       org.slf4j:slf4j-api:jar:2.0.16:compile
[[1;36mDEBUG[m]       commons-io:commons-io:jar:2.17.0:compile (version managed from default)
[[1;36mDEBUG[m]       commons-codec:commons-codec:jar:1.17.1:compile
[[1;36mDEBUG[m]       org.eclipse.jdt:org.eclipse.jdt.core:jar:3.38.0:compile
[[1;36mDEBUG[m]          org.eclipse.platform:org.eclipse.core.resources:jar:3.20.200:compile
[[1;36mDEBUG[m]             org.eclipse.platform:org.eclipse.core.expressions:jar:3.9.400:compile
[[1;36mDEBUG[m]          org.eclipse.platform:org.eclipse.core.filesystem:jar:1.10.400:compile
[[1;36mDEBUG[m]          org.eclipse.platform:org.eclipse.text:jar:3.14.100:compile
[[1;36mDEBUG[m]             org.eclipse.platform:org.eclipse.core.commands:jar:3.12.100:compile
[[1;36mDEBUG[m]          org.eclipse.jdt:ecj:jar:3.38.0:compile (version managed from default)
[[1;36mDEBUG[m]    biz.aQute.bnd:biz.aQute.bndlib:jar:7.0.0:compile (exclusions managed from default)
[[1;36mDEBUG[m]       biz.aQute.bnd:biz.aQute.bnd.util:jar:7.0.0:compile
[[1;36mDEBUG[m]    biz.aQute.bnd:biz.aQute.repository:jar:7.0.0:compile
[[1;36mDEBUG[m]       org.osgi:org.osgi.dto:jar:1.0.0:compile
[[1;36mDEBUG[m]       org.osgi:org.osgi.resource:jar:1.0.0:compile
[[1;36mDEBUG[m]       org.osgi:org.osgi.framework:jar:1.8.0:compile
[[1;36mDEBUG[m]       org.osgi:org.osgi.service.coordinator:jar:1.0.2:compile
[[1;36mDEBUG[m]       org.osgi:org.osgi.service.log:jar:1.3.0:compile
[[1;36mDEBUG[m]    biz.aQute.bnd:biz.aQute.bnd.embedded-repo:jar:7.0.0:compile
[[1;36mDEBUG[m] Created new class realm plugin>org.eclipse.tycho:tycho-bnd-plugin:4.0.10
[[1;36mDEBUG[m] Importing foreign packages into class realm plugin>org.eclipse.tycho:tycho-bnd-plugin:4.0.10
[[1;36mDEBUG[m]   Imported:  < project>turnus:turnus.core:1.0.0-SNAPSHOT
[[1;36mDEBUG[m] Populating class realm plugin>org.eclipse.tycho:tycho-bnd-plugin:4.0.10
[[1;36mDEBUG[m]   Included: org.eclipse.tycho:tycho-bnd-plugin:jar:4.0.10
[[1;36mDEBUG[m]   Included: org.codehaus.plexus:plexus-utils:jar:3.5.1
[[1;36mDEBUG[m]   Included: org.codehaus.plexus:plexus-archiver:jar:4.10.0
[[1;36mDEBUG[m]   Included: org.codehaus.plexus:plexus-io:jar:3.5.0
[[1;36mDEBUG[m]   Included: org.apache.commons:commons-compress:jar:1.27.1
[[1;36mDEBUG[m]   Included: org.apache.commons:commons-lang3:jar:3.17.0
[[1;36mDEBUG[m]   Included: io.airlift:aircompressor:jar:0.27
[[1;36mDEBUG[m]   Included: org.tukaani:xz:jar:1.9
[[1;36mDEBUG[m]   Included: com.github.luben:zstd-jni:jar:1.5.6-3
[[1;36mDEBUG[m]   Included: org.codehaus.plexus:plexus-interpolation:jar:1.27
[[1;36mDEBUG[m]   Included: org.eclipse.tycho:sisu-equinox-launching:jar:4.0.10
[[1;36mDEBUG[m]   Included: org.eclipse.tycho:tycho-api:jar:4.0.10
[[1;36mDEBUG[m]   Included: org.eclipse.platform:org.eclipse.osgi:jar:3.21.0
[[1;36mDEBUG[m]   Included: org.apache.commons:commons-exec:jar:1.4.0
[[1;36mDEBUG[m]   Included: org.codehaus.plexus:plexus-component-annotations:jar:2.2.0
[[1;36mDEBUG[m]   Included: org.eclipse.tycho:sisu-osgi-api:jar:4.0.10
[[1;36mDEBUG[m]   Included: org.eclipse.tycho:tycho-spi:jar:4.0.10
[[1;36mDEBUG[m]   Included: org.eclipse.tycho:p2-maven-plugin:jar:4.0.10
[[1;36mDEBUG[m]   Included: org.eclipse.platform:org.eclipse.equinox.p2.publisher:jar:1.9.200
[[1;36mDEBUG[m]   Included: org.eclipse.platform:org.eclipse.equinox.p2.artifact.repository:jar:1.5.400
[[1;36mDEBUG[m]   Included: org.eclipse.platform:org.eclipse.equinox.p2.director:jar:2.6.400
[[1;36mDEBUG[m]   Included: org.ow2.sat4j:org.ow2.sat4j.core:jar:2.3.6
[[1;36mDEBUG[m]   Included: org.ow2.sat4j:org.ow2.sat4j.pb:jar:2.3.6
[[1;36mDEBUG[m]   Included: org.eclipse.platform:org.eclipse.equinox.p2.engine:jar:2.10.200
[[1;36mDEBUG[m]   Included: org.osgi:org.osgi.service.prefs:jar:1.1.2
[[1;36mDEBUG[m]   Included: org.eclipse.platform:org.eclipse.equinox.p2.metadata:jar:2.9.100
[[1;36mDEBUG[m]   Included: org.eclipse.platform:org.eclipse.equinox.p2.repository:jar:2.9.100
[[1;36mDEBUG[m]   Included: org.eclipse.platform:org.eclipse.equinox.security:jar:1.4.300
[[1;36mDEBUG[m]   Included: org.eclipse.platform:org.eclipse.osgi.compatibility.state:jar:1.2.1000
[[1;36mDEBUG[m]   Included: org.eclipse.platform:org.eclipse.equinox.p2.publisher.eclipse:jar:1.6.200
[[1;36mDEBUG[m]   Included: org.eclipse.platform:org.eclipse.equinox.frameworkadmin:jar:2.3.200
[[1;36mDEBUG[m]   Included: org.eclipse.platform:org.eclipse.equinox.preferences:jar:3.11.100
[[1;36mDEBUG[m]   Included: org.eclipse.platform:org.eclipse.equinox.p2.metadata.repository:jar:1.5.400
[[1;36mDEBUG[m]   Included: org.eclipse.platform:org.eclipse.equinox.p2.updatesite:jar:1.3.400
[[1;36mDEBUG[m]   Included: org.eclipse.tycho:sisu-osgi-connect:jar:4.0.10
[[1;36mDEBUG[m]   Included: org.eclipse.platform:org.eclipse.equinox.p2.jarprocessor:jar:1.3.400
[[1;36mDEBUG[m]   Included: org.eclipse.platform:org.eclipse.equinox.p2.touchpoint.natives:jar:1.5.300
[[1;36mDEBUG[m]   Included: org.eclipse.platform:org.eclipse.equinox.p2.touchpoint.eclipse:jar:2.4.300
[[1;36mDEBUG[m]   Included: org.eclipse.platform:org.eclipse.equinox.p2.garbagecollector:jar:1.3.300
[[1;36mDEBUG[m]   Included: org.eclipse.platform:org.eclipse.equinox.p2.director.app:jar:1.3.400
[[1;36mDEBUG[m]   Included: org.eclipse.platform:org.eclipse.equinox.p2.repository.tools:jar:2.4.400
[[1;36mDEBUG[m]   Included: org.eclipse.platform:org.eclipse.equinox.concurrent:jar:1.3.100
[[1;36mDEBUG[m]   Included: org.eclipse.platform:org.eclipse.equinox.simpleconfigurator:jar:1.5.300
[[1;36mDEBUG[m]   Included: org.eclipse.platform:org.eclipse.equinox.app:jar:1.7.200
[[1;36mDEBUG[m]   Included: org.eclipse.platform:org.eclipse.equinox.frameworkadmin.equinox:jar:1.3.200
[[1;36mDEBUG[m]   Included: org.eclipse.platform:org.eclipse.equinox.simpleconfigurator.manipulator:jar:2.3.300
[[1;36mDEBUG[m]   Included: org.apache.felix:org.apache.felix.scr:jar:2.2.12
[[1;36mDEBUG[m]   Included: org.codehaus.mojo:animal-sniffer-annotations:jar:1.9
[[1;36mDEBUG[m]   Included: org.osgi:org.osgi.service.component:jar:1.5.1
[[1;36mDEBUG[m]   Included: org.osgi:org.osgi.namespace.extender:jar:1.0.1
[[1;36mDEBUG[m]   Included: org.bouncycastle:bcpg-jdk18on:jar:1.78.1
[[1;36mDEBUG[m]   Included: org.bouncycastle:bcprov-jdk18on:jar:1.78.1
[[1;36mDEBUG[m]   Included: org.bouncycastle:bcutil-jdk18on:jar:1.78.1
[[1;36mDEBUG[m]   Included: commons-net:commons-net:jar:3.11.1
[[1;36mDEBUG[m]   Included: org.eclipse.tycho:tycho-targetplatform:jar:4.0.10
[[1;36mDEBUG[m]   Included: org.eclipse.tycho:tycho-p2:jar:4.0.10
[[1;36mDEBUG[m]   Included: org.eclipse.platform:org.eclipse.core.runtime:jar:3.31.100
[[1;36mDEBUG[m]   Included: org.eclipse.platform:org.eclipse.equinox.common:jar:3.19.100
[[1;36mDEBUG[m]   Included: org.eclipse.platform:org.eclipse.core.jobs:jar:3.15.300
[[1;36mDEBUG[m]   Included: org.eclipse.platform:org.eclipse.equinox.registry:jar:3.12.100
[[1;36mDEBUG[m]   Included: org.eclipse.platform:org.eclipse.core.contenttype:jar:3.9.400
[[1;36mDEBUG[m]   Included: org.osgi:org.osgi.service.repository:jar:1.1.0
[[1;36mDEBUG[m]   Included: org.osgi:org.osgi.util.function:jar:1.2.0
[[1;36mDEBUG[m]   Included: org.osgi:osgi.annotation:jar:8.0.1
[[1;36mDEBUG[m]   Included: org.osgi:org.osgi.util.promise:jar:1.3.0
[[1;36mDEBUG[m]   Included: commons-io:commons-io:jar:2.17.0
[[1;36mDEBUG[m]   Included: commons-codec:commons-codec:jar:1.17.1
[[1;36mDEBUG[m]   Included: org.eclipse.jdt:org.eclipse.jdt.core:jar:3.38.0
[[1;36mDEBUG[m]   Included: org.eclipse.platform:org.eclipse.core.resources:jar:3.20.200
[[1;36mDEBUG[m]   Included: org.eclipse.platform:org.eclipse.core.expressions:jar:3.9.400
[[1;36mDEBUG[m]   Included: org.eclipse.platform:org.eclipse.core.filesystem:jar:1.10.400
[[1;36mDEBUG[m]   Included: org.eclipse.platform:org.eclipse.text:jar:3.14.100
[[1;36mDEBUG[m]   Included: org.eclipse.platform:org.eclipse.core.commands:jar:3.12.100
[[1;36mDEBUG[m]   Included: org.eclipse.jdt:ecj:jar:3.38.0
[[1;36mDEBUG[m]   Included: biz.aQute.bnd:biz.aQute.bnd.util:jar:7.0.0
[[1;36mDEBUG[m]   Included: biz.aQute.bnd:biz.aQute.repository:jar:7.0.0
[[1;36mDEBUG[m]   Included: org.osgi:org.osgi.dto:jar:1.0.0
[[1;36mDEBUG[m]   Included: org.osgi:org.osgi.resource:jar:1.0.0
[[1;36mDEBUG[m]   Included: org.osgi:org.osgi.framework:jar:1.8.0
[[1;36mDEBUG[m]   Included: org.osgi:org.osgi.service.coordinator:jar:1.0.2
[[1;36mDEBUG[m]   Included: org.osgi:org.osgi.service.log:jar:1.3.0
[[1;36mDEBUG[m]   Included: biz.aQute.bnd:biz.aQute.bnd.embedded-repo:jar:7.0.0
[[1;36mDEBUG[m] Dependency collection stats {ConflictMarker.analyzeTime=218596, ConflictMarker.markTime=174300, ConflictMarker.nodeCount=325, ConflictIdSorter.graphTime=163666, ConflictIdSorter.topsortTime=97420, ConflictIdSorter.conflictIdCount=86, ConflictIdSorter.conflictIdCycleCount=0, ConflictResolver.totalTime=1653191, ConflictResolver.conflictItemCount=318, DfDependencyCollector.collectTime=3899347, DfDependencyCollector.transformTime=2332168}
[[1;36mDEBUG[m] org.eclipse.tycho:tycho-ds-plugin:jar:4.0.10
[[1;36mDEBUG[m]    org.codehaus.plexus:plexus-utils:jar:3.5.1:compile
[[1;36mDEBUG[m]    org.eclipse.tycho:tycho-core:jar:4.0.10:compile
[[1;36mDEBUG[m]       org.apache.maven.resolver:maven-resolver-util:jar:1.9.20:compile
[[1;36mDEBUG[m]          org.apache.maven.resolver:maven-resolver-api:jar:1.9.20:compile
[[1;36mDEBUG[m]       org.codehaus.plexus:plexus-archiver:jar:4.10.0:compile (version managed from default)
[[1;36mDEBUG[m]          javax.inject:javax.inject:jar:1:compile
[[1;36mDEBUG[m]          org.codehaus.plexus:plexus-io:jar:3.5.0:compile
[[1;36mDEBUG[m]          org.apache.commons:commons-compress:jar:1.27.1:compile (version managed from default)
[[1;36mDEBUG[m]             org.apache.commons:commons-lang3:jar:3.17.0:compile (version managed from default)
[[1;36mDEBUG[m]          io.airlift:aircompressor:jar:0.27:compile
[[1;36mDEBUG[m]          org.tukaani:xz:jar:1.9:compile
[[1;36mDEBUG[m]          com.github.luben:zstd-jni:jar:1.5.6-3:runtime
[[1;36mDEBUG[m]       org.codehaus.plexus:plexus-interpolation:jar:1.27:compile
[[1;36mDEBUG[m]       org.eclipse.tycho:sisu-equinox-launching:jar:4.0.10:compile
[[1;36mDEBUG[m]          org.eclipse.tycho:tycho-api:jar:4.0.10:compile
[[1;36mDEBUG[m]          org.eclipse.platform:org.eclipse.osgi:jar:3.21.0:compile (version managed from default)
[[1;36mDEBUG[m]          org.apache.commons:commons-exec:jar:1.4.0:compile (version managed from default)
[[1;36mDEBUG[m]          org.codehaus.plexus:plexus-component-annotations:jar:2.2.0:compile (version managed from default)
[[1;36mDEBUG[m]       org.eclipse.tycho:sisu-osgi-api:jar:4.0.10:compile
[[1;36mDEBUG[m]       org.eclipse.tycho:tycho-metadata-model:jar:4.0.10:compile
[[1;36mDEBUG[m]          de.pdark:decentxml:jar:1.4:compile (version managed from default)
[[1;36mDEBUG[m]          biz.aQute.bnd:biz.aQute.repository:jar:7.0.0:compile
[[1;36mDEBUG[m]          org.osgi:org.osgi.resource:jar:1.0.1:compile
[[1;36mDEBUG[m]       org.eclipse.tycho:tycho-spi:jar:4.0.10:compile
[[1;36mDEBUG[m]       org.eclipse.tycho:p2-maven-plugin:jar:4.0.10:compile
[[1;36mDEBUG[m]          org.eclipse.platform:org.eclipse.equinox.p2.core:jar:2.12.100:compile
[[1;36mDEBUG[m]          org.eclipse.platform:org.eclipse.equinox.p2.publisher:jar:1.9.200:compile
[[1;36mDEBUG[m]             org.eclipse.platform:org.eclipse.equinox.p2.artifact.repository:jar:1.5.400:compile
[[1;36mDEBUG[m]          org.eclipse.platform:org.eclipse.equinox.p2.director:jar:2.6.400:compile
[[1;36mDEBUG[m]             org.ow2.sat4j:org.ow2.sat4j.core:jar:2.3.6:compile
[[1;36mDEBUG[m]             org.ow2.sat4j:org.ow2.sat4j.pb:jar:2.3.6:compile
[[1;36mDEBUG[m]          org.eclipse.platform:org.eclipse.equinox.p2.engine:jar:2.10.200:compile
[[1;36mDEBUG[m]             org.osgi:org.osgi.service.prefs:jar:1.1.2:compile
[[1;36mDEBUG[m]          org.eclipse.platform:org.eclipse.equinox.p2.metadata:jar:2.9.100:compile
[[1;36mDEBUG[m]          org.eclipse.platform:org.eclipse.equinox.p2.repository:jar:2.9.100:compile (version managed from default)
[[1;36mDEBUG[m]             org.eclipse.platform:org.eclipse.equinox.security:jar:1.4.300:compile
[[1;36mDEBUG[m]          org.eclipse.platform:org.eclipse.osgi.compatibility.state:jar:1.2.1000:compile
[[1;36mDEBUG[m]          org.eclipse.platform:org.eclipse.equinox.p2.publisher.eclipse:jar:1.6.200:compile (version managed from default)
[[1;36mDEBUG[m]          org.eclipse.platform:org.eclipse.equinox.frameworkadmin:jar:2.3.200:compile
[[1;36mDEBUG[m]          org.eclipse.platform:org.eclipse.equinox.preferences:jar:3.11.100:compile
[[1;36mDEBUG[m]          org.eclipse.platform:org.eclipse.equinox.p2.metadata.repository:jar:1.5.400:compile
[[1;36mDEBUG[m]          org.eclipse.platform:org.eclipse.equinox.p2.updatesite:jar:1.3.400:compile
[[1;36mDEBUG[m]          org.eclipse.tycho:sisu-osgi-connect:jar:4.0.10:compile
[[1;36mDEBUG[m]          org.eclipse.platform:org.eclipse.equinox.p2.jarprocessor:jar:1.3.400:compile
[[1;36mDEBUG[m]          org.eclipse.platform:org.eclipse.equinox.p2.touchpoint.natives:jar:1.5.300:compile
[[1;36mDEBUG[m]          org.eclipse.platform:org.eclipse.equinox.p2.touchpoint.eclipse:jar:2.4.300:compile
[[1;36mDEBUG[m]          org.eclipse.platform:org.eclipse.equinox.p2.garbagecollector:jar:1.3.300:compile
[[1;36mDEBUG[m]          org.eclipse.platform:org.eclipse.equinox.p2.director.app:jar:1.3.400:compile
[[1;36mDEBUG[m]          org.eclipse.platform:org.eclipse.equinox.p2.repository.tools:jar:2.4.400:compile
[[1;36mDEBUG[m]          org.eclipse.platform:org.eclipse.equinox.concurrent:jar:1.3.100:compile
[[1;36mDEBUG[m]          org.eclipse.platform:org.eclipse.equinox.simpleconfigurator:jar:1.5.300:compile
[[1;36mDEBUG[m]          org.eclipse.platform:org.eclipse.equinox.app:jar:1.7.200:compile
[[1;36mDEBUG[m]          org.eclipse.platform:org.eclipse.equinox.frameworkadmin.equinox:jar:1.3.200:compile
[[1;36mDEBUG[m]          org.eclipse.platform:org.eclipse.equinox.simpleconfigurator.manipulator:jar:2.3.300:compile (version managed from default)
[[1;36mDEBUG[m]          org.apache.felix:org.apache.felix.scr:jar:2.2.12:compile
[[1;36mDEBUG[m]             org.codehaus.mojo:animal-sniffer-annotations:jar:1.9:compile
[[1;36mDEBUG[m]          org.osgi:org.osgi.service.component:jar:1.5.1:compile
[[1;36mDEBUG[m]             org.osgi:org.osgi.namespace.extender:jar:1.0.1:compile
[[1;36mDEBUG[m]          org.bouncycastle:bcpg-jdk18on:jar:1.78.1:compile (version managed from default)
[[1;36mDEBUG[m]          org.bouncycastle:bcprov-jdk18on:jar:1.78.1:compile (version managed from default)
[[1;36mDEBUG[m]          org.bouncycastle:bcutil-jdk18on:jar:1.78.1:compile (version managed from default)
[[1;36mDEBUG[m]          commons-net:commons-net:jar:3.11.1:compile (version managed from default)
[[1;36mDEBUG[m]       org.eclipse.tycho:tycho-targetplatform:jar:4.0.10:compile
[[1;36mDEBUG[m]       org.eclipse.tycho:tycho-p2:jar:4.0.10:compile
[[1;36mDEBUG[m]       org.eclipse.platform:org.eclipse.core.runtime:jar:3.31.100:compile (version managed from default)
[[1;36mDEBUG[m]          org.eclipse.platform:org.eclipse.equinox.common:jar:3.19.100:compile
[[1;36mDEBUG[m]          org.eclipse.platform:org.eclipse.core.jobs:jar:3.15.300:compile
[[1;36mDEBUG[m]          org.eclipse.platform:org.eclipse.equinox.registry:jar:3.12.100:compile
[[1;36mDEBUG[m]          org.eclipse.platform:org.eclipse.core.contenttype:jar:3.9.400:compile
[[1;36mDEBUG[m]       org.osgi:org.osgi.service.repository:jar:1.1.0:compile
[[1;36mDEBUG[m]       org.osgi:org.osgi.util.function:jar:1.2.0:compile
[[1;36mDEBUG[m]          org.osgi:osgi.annotation:jar:8.0.1:compile
[[1;36mDEBUG[m]       org.osgi:org.osgi.util.promise:jar:1.3.0:compile
[[1;36mDEBUG[m]       org.slf4j:slf4j-api:jar:2.0.16:compile
[[1;36mDEBUG[m]       commons-io:commons-io:jar:2.17.0:compile (version managed from default)
[[1;36mDEBUG[m]       commons-codec:commons-codec:jar:1.17.1:compile
[[1;36mDEBUG[m]       org.eclipse.jdt:org.eclipse.jdt.core:jar:3.38.0:compile
[[1;36mDEBUG[m]          org.eclipse.platform:org.eclipse.core.resources:jar:3.20.200:compile
[[1;36mDEBUG[m]             org.eclipse.platform:org.eclipse.core.expressions:jar:3.9.400:compile
[[1;36mDEBUG[m]          org.eclipse.platform:org.eclipse.core.filesystem:jar:1.10.400:compile
[[1;36mDEBUG[m]          org.eclipse.platform:org.eclipse.text:jar:3.14.100:compile
[[1;36mDEBUG[m]             org.eclipse.platform:org.eclipse.core.commands:jar:3.12.100:compile
[[1;36mDEBUG[m]          org.eclipse.jdt:ecj:jar:3.38.0:compile (version managed from default)
[[1;36mDEBUG[m]    biz.aQute.bnd:biz.aQute.bndlib:jar:7.0.0:compile (exclusions managed from default)
[[1;36mDEBUG[m]       biz.aQute.bnd:biz.aQute.bnd.util:jar:7.0.0:compile
[[1;36mDEBUG[m] Created new class realm plugin>org.eclipse.tycho:tycho-ds-plugin:4.0.10
[[1;36mDEBUG[m] Importing foreign packages into class realm plugin>org.eclipse.tycho:tycho-ds-plugin:4.0.10
[[1;36mDEBUG[m]   Imported:  < project>turnus:turnus.core:1.0.0-SNAPSHOT
[[1;36mDEBUG[m] Populating class realm plugin>org.eclipse.tycho:tycho-ds-plugin:4.0.10
[[1;36mDEBUG[m]   Included: org.eclipse.tycho:tycho-ds-plugin:jar:4.0.10
[[1;36mDEBUG[m]   Included: org.codehaus.plexus:plexus-utils:jar:3.5.1
[[1;36mDEBUG[m]   Included: org.codehaus.plexus:plexus-archiver:jar:4.10.0
[[1;36mDEBUG[m]   Included: org.codehaus.plexus:plexus-io:jar:3.5.0
[[1;36mDEBUG[m]   Included: org.apache.commons:commons-compress:jar:1.27.1
[[1;36mDEBUG[m]   Included: org.apache.commons:commons-lang3:jar:3.17.0
[[1;36mDEBUG[m]   Included: io.airlift:aircompressor:jar:0.27
[[1;36mDEBUG[m]   Included: org.tukaani:xz:jar:1.9
[[1;36mDEBUG[m]   Included: com.github.luben:zstd-jni:jar:1.5.6-3
[[1;36mDEBUG[m]   Included: org.codehaus.plexus:plexus-interpolation:jar:1.27
[[1;36mDEBUG[m]   Included: org.eclipse.tycho:sisu-equinox-launching:jar:4.0.10
[[1;36mDEBUG[m]   Included: org.eclipse.tycho:tycho-api:jar:4.0.10
[[1;36mDEBUG[m]   Included: org.eclipse.platform:org.eclipse.osgi:jar:3.21.0
[[1;36mDEBUG[m]   Included: org.apache.commons:commons-exec:jar:1.4.0
[[1;36mDEBUG[m]   Included: org.codehaus.plexus:plexus-component-annotations:jar:2.2.0
[[1;36mDEBUG[m]   Included: org.eclipse.tycho:sisu-osgi-api:jar:4.0.10
[[1;36mDEBUG[m]   Included: biz.aQute.bnd:biz.aQute.repository:jar:7.0.0
[[1;36mDEBUG[m]   Included: org.osgi:org.osgi.resource:jar:1.0.1
[[1;36mDEBUG[m]   Included: org.eclipse.tycho:tycho-spi:jar:4.0.10
[[1;36mDEBUG[m]   Included: org.eclipse.tycho:p2-maven-plugin:jar:4.0.10
[[1;36mDEBUG[m]   Included: org.eclipse.platform:org.eclipse.equinox.p2.publisher:jar:1.9.200
[[1;36mDEBUG[m]   Included: org.eclipse.platform:org.eclipse.equinox.p2.artifact.repository:jar:1.5.400
[[1;36mDEBUG[m]   Included: org.eclipse.platform:org.eclipse.equinox.p2.director:jar:2.6.400
[[1;36mDEBUG[m]   Included: org.ow2.sat4j:org.ow2.sat4j.core:jar:2.3.6
[[1;36mDEBUG[m]   Included: org.ow2.sat4j:org.ow2.sat4j.pb:jar:2.3.6
[[1;36mDEBUG[m]   Included: org.eclipse.platform:org.eclipse.equinox.p2.engine:jar:2.10.200
[[1;36mDEBUG[m]   Included: org.osgi:org.osgi.service.prefs:jar:1.1.2
[[1;36mDEBUG[m]   Included: org.eclipse.platform:org.eclipse.equinox.p2.metadata:jar:2.9.100
[[1;36mDEBUG[m]   Included: org.eclipse.platform:org.eclipse.equinox.p2.repository:jar:2.9.100
[[1;36mDEBUG[m]   Included: org.eclipse.platform:org.eclipse.equinox.security:jar:1.4.300
[[1;36mDEBUG[m]   Included: org.eclipse.platform:org.eclipse.osgi.compatibility.state:jar:1.2.1000
[[1;36mDEBUG[m]   Included: org.eclipse.platform:org.eclipse.equinox.p2.publisher.eclipse:jar:1.6.200
[[1;36mDEBUG[m]   Included: org.eclipse.platform:org.eclipse.equinox.frameworkadmin:jar:2.3.200
[[1;36mDEBUG[m]   Included: org.eclipse.platform:org.eclipse.equinox.preferences:jar:3.11.100
[[1;36mDEBUG[m]   Included: org.eclipse.platform:org.eclipse.equinox.p2.metadata.repository:jar:1.5.400
[[1;36mDEBUG[m]   Included: org.eclipse.platform:org.eclipse.equinox.p2.updatesite:jar:1.3.400
[[1;36mDEBUG[m]   Included: org.eclipse.tycho:sisu-osgi-connect:jar:4.0.10
[[1;36mDEBUG[m]   Included: org.eclipse.platform:org.eclipse.equinox.p2.jarprocessor:jar:1.3.400
[[1;36mDEBUG[m]   Included: org.eclipse.platform:org.eclipse.equinox.p2.touchpoint.natives:jar:1.5.300
[[1;36mDEBUG[m]   Included: org.eclipse.platform:org.eclipse.equinox.p2.touchpoint.eclipse:jar:2.4.300
[[1;36mDEBUG[m]   Included: org.eclipse.platform:org.eclipse.equinox.p2.garbagecollector:jar:1.3.300
[[1;36mDEBUG[m]   Included: org.eclipse.platform:org.eclipse.equinox.p2.director.app:jar:1.3.400
[[1;36mDEBUG[m]   Included: org.eclipse.platform:org.eclipse.equinox.p2.repository.tools:jar:2.4.400
[[1;36mDEBUG[m]   Included: org.eclipse.platform:org.eclipse.equinox.concurrent:jar:1.3.100
[[1;36mDEBUG[m]   Included: org.eclipse.platform:org.eclipse.equinox.simpleconfigurator:jar:1.5.300
[[1;36mDEBUG[m]   Included: org.eclipse.platform:org.eclipse.equinox.app:jar:1.7.200
[[1;36mDEBUG[m]   Included: org.eclipse.platform:org.eclipse.equinox.frameworkadmin.equinox:jar:1.3.200
[[1;36mDEBUG[m]   Included: org.eclipse.platform:org.eclipse.equinox.simpleconfigurator.manipulator:jar:2.3.300
[[1;36mDEBUG[m]   Included: org.apache.felix:org.apache.felix.scr:jar:2.2.12
[[1;36mDEBUG[m]   Included: org.codehaus.mojo:animal-sniffer-annotations:jar:1.9
[[1;36mDEBUG[m]   Included: org.osgi:org.osgi.service.component:jar:1.5.1
[[1;36mDEBUG[m]   Included: org.osgi:org.osgi.namespace.extender:jar:1.0.1
[[1;36mDEBUG[m]   Included: org.bouncycastle:bcpg-jdk18on:jar:1.78.1
[[1;36mDEBUG[m]   Included: org.bouncycastle:bcprov-jdk18on:jar:1.78.1
[[1;36mDEBUG[m]   Included: org.bouncycastle:bcutil-jdk18on:jar:1.78.1
[[1;36mDEBUG[m]   Included: commons-net:commons-net:jar:3.11.1
[[1;36mDEBUG[m]   Included: org.eclipse.tycho:tycho-targetplatform:jar:4.0.10
[[1;36mDEBUG[m]   Included: org.eclipse.tycho:tycho-p2:jar:4.0.10
[[1;36mDEBUG[m]   Included: org.eclipse.platform:org.eclipse.core.runtime:jar:3.31.100
[[1;36mDEBUG[m]   Included: org.eclipse.platform:org.eclipse.equinox.common:jar:3.19.100
[[1;36mDEBUG[m]   Included: org.eclipse.platform:org.eclipse.core.jobs:jar:3.15.300
[[1;36mDEBUG[m]   Included: org.eclipse.platform:org.eclipse.equinox.registry:jar:3.12.100
[[1;36mDEBUG[m]   Included: org.eclipse.platform:org.eclipse.core.contenttype:jar:3.9.400
[[1;36mDEBUG[m]   Included: org.osgi:org.osgi.service.repository:jar:1.1.0
[[1;36mDEBUG[m]   Included: org.osgi:org.osgi.util.function:jar:1.2.0
[[1;36mDEBUG[m]   Included: org.osgi:osgi.annotation:jar:8.0.1
[[1;36mDEBUG[m]   Included: org.osgi:org.osgi.util.promise:jar:1.3.0
[[1;36mDEBUG[m]   Included: commons-io:commons-io:jar:2.17.0
[[1;36mDEBUG[m]   Included: commons-codec:commons-codec:jar:1.17.1
[[1;36mDEBUG[m]   Included: org.eclipse.jdt:org.eclipse.jdt.core:jar:3.38.0
[[1;36mDEBUG[m]   Included: org.eclipse.platform:org.eclipse.core.resources:jar:3.20.200
[[1;36mDEBUG[m]   Included: org.eclipse.platform:org.eclipse.core.expressions:jar:3.9.400
[[1;36mDEBUG[m]   Included: org.eclipse.platform:org.eclipse.core.filesystem:jar:1.10.400
[[1;36mDEBUG[m]   Included: org.eclipse.platform:org.eclipse.text:jar:3.14.100
[[1;36mDEBUG[m]   Included: org.eclipse.platform:org.eclipse.core.commands:jar:3.12.100
[[1;36mDEBUG[m]   Included: org.eclipse.jdt:ecj:jar:3.38.0
[[1;36mDEBUG[m]   Included: biz.aQute.bnd:biz.aQute.bnd.util:jar:7.0.0
[[1;36mDEBUG[m] target-platform-configuration for MavenProject: turnus:turnus.common:1.0.0-SNAPSHOT @ /home/endrix/git/dataflow/streamblocks/turnus/turnus.common/pom.xml:
<?xml version="1.0" encoding="UTF-8"?>
<configuration>
  <pomDependencies>wrapAsBundle</pomDependencies>
  <target>
    <artifact>
      <groupId>turnus</groupId>
      <artifactId>turnus.target</artifactId>
      <version>1.0.0-SNAPSHOT</version>
    </artifact>
  </target>
  <executionEnvironment>JavaSE-17</executionEnvironment>
  <environments>
    <environment>
      <os>macosx</os>
      <ws>cocoa</ws>
      <arch>x86_64</arch>
    </environment>
    <environment>
      <os>macosx</os>
      <ws>cocoa</ws>
      <arch>aarch64</arch>
    </environment>
    <environment>
      <os>win32</os>
      <ws>win32</ws>
      <arch>x86_64</arch>
    </environment>
    <environment>
      <os>linux</os>
      <ws>gtk</ws>
      <arch>x86_64</arch>
    </environment>
  </environments>
  <dependency-resolution>
    <extraRequirements>
      <requirement>
        <type>eclipse-plugin</type>
        <id>org.eclipse.xtext.logging</id>
        <versionRange>1.2.24</versionRange>
      </requirement>
      <requirement>
        <type>eclipse-feature</type>
        <id>org.eclipse.rcp</id>
        <versionRange>0.0.0</versionRange>
      </requirement>
    </extraRequirements>
  </dependency-resolution>
</configuration>
[[1;36mDEBUG[m] target-platform-configuration for MavenProject: turnus:turnus.model:1.0.0-SNAPSHOT @ /home/endrix/git/dataflow/streamblocks/turnus/turnus.model/pom.xml:
<?xml version="1.0" encoding="UTF-8"?>
<configuration>
  <pomDependencies>wrapAsBundle</pomDependencies>
  <target>
    <artifact>
      <groupId>turnus</groupId>
      <artifactId>turnus.target</artifactId>
      <version>1.0.0-SNAPSHOT</version>
    </artifact>
  </target>
  <executionEnvironment>JavaSE-17</executionEnvironment>
  <environments>
    <environment>
      <os>macosx</os>
      <ws>cocoa</ws>
      <arch>x86_64</arch>
    </environment>
    <environment>
      <os>macosx</os>
      <ws>cocoa</ws>
      <arch>aarch64</arch>
    </environment>
    <environment>
      <os>win32</os>
      <ws>win32</ws>
      <arch>x86_64</arch>
    </environment>
    <environment>
      <os>linux</os>
      <ws>gtk</ws>
      <arch>x86_64</arch>
    </environment>
  </environments>
  <dependency-resolution>
    <extraRequirements>
      <requirement>
        <type>eclipse-plugin</type>
        <id>org.eclipse.xtext.logging</id>
        <versionRange>1.2.24</versionRange>
      </requirement>
      <requirement>
        <type>eclipse-feature</type>
        <id>org.eclipse.rcp</id>
        <versionRange>0.0.0</versionRange>
      </requirement>
    </extraRequirements>
  </dependency-resolution>
</configuration>
[[1;36mDEBUG[m] target-platform-configuration for MavenProject: turnus:turnus.adevs:1.0.0-SNAPSHOT @ /home/endrix/git/dataflow/streamblocks/turnus/turnus.adevs/pom.xml:
<?xml version="1.0" encoding="UTF-8"?>
<configuration>
  <pomDependencies>wrapAsBundle</pomDependencies>
  <target>
    <artifact>
      <groupId>turnus</groupId>
      <artifactId>turnus.target</artifactId>
      <version>1.0.0-SNAPSHOT</version>
    </artifact>
  </target>
  <executionEnvironment>JavaSE-17</executionEnvironment>
  <environments>
    <environment>
      <os>macosx</os>
      <ws>cocoa</ws>
      <arch>x86_64</arch>
    </environment>
    <environment>
      <os>macosx</os>
      <ws>cocoa</ws>
      <arch>aarch64</arch>
    </environment>
    <environment>
      <os>win32</os>
      <ws>win32</ws>
      <arch>x86_64</arch>
    </environment>
    <environment>
      <os>linux</os>
      <ws>gtk</ws>
      <arch>x86_64</arch>
    </environment>
  </environments>
  <dependency-resolution>
    <extraRequirements>
      <requirement>
        <type>eclipse-plugin</type>
        <id>org.eclipse.xtext.logging</id>
        <versionRange>1.2.24</versionRange>
      </requirement>
      <requirement>
        <type>eclipse-feature</type>
        <id>org.eclipse.rcp</id>
        <versionRange>0.0.0</versionRange>
      </requirement>
    </extraRequirements>
  </dependency-resolution>
</configuration>
[[1;36mDEBUG[m] target-platform-configuration for MavenProject: turnus:turnus.analysis:1.0.0-SNAPSHOT @ /home/endrix/git/dataflow/streamblocks/turnus/turnus.analysis/pom.xml:
<?xml version="1.0" encoding="UTF-8"?>
<configuration>
  <pomDependencies>wrapAsBundle</pomDependencies>
  <target>
    <artifact>
      <groupId>turnus</groupId>
      <artifactId>turnus.target</artifactId>
      <version>1.0.0-SNAPSHOT</version>
    </artifact>
  </target>
  <executionEnvironment>JavaSE-17</executionEnvironment>
  <environments>
    <environment>
      <os>macosx</os>
      <ws>cocoa</ws>
      <arch>x86_64</arch>
    </environment>
    <environment>
      <os>macosx</os>
      <ws>cocoa</ws>
      <arch>aarch64</arch>
    </environment>
    <environment>
      <os>win32</os>
      <ws>win32</ws>
      <arch>x86_64</arch>
    </environment>
    <environment>
      <os>linux</os>
      <ws>gtk</ws>
      <arch>x86_64</arch>
    </environment>
  </environments>
  <dependency-resolution>
    <extraRequirements>
      <requirement>
        <type>eclipse-plugin</type>
        <id>org.eclipse.xtext.logging</id>
        <versionRange>1.2.24</versionRange>
      </requirement>
      <requirement>
        <type>eclipse-feature</type>
        <id>org.eclipse.rcp</id>
        <versionRange>0.0.0</versionRange>
      </requirement>
    </extraRequirements>
  </dependency-resolution>
</configuration>
[[1;36mDEBUG[m] target-platform-configuration for MavenProject: turnus:turnus.ui:1.0.0-SNAPSHOT @ /home/endrix/git/dataflow/streamblocks/turnus/turnus.ui/pom.xml:
<?xml version="1.0" encoding="UTF-8"?>
<configuration>
  <pomDependencies>wrapAsBundle</pomDependencies>
  <target>
    <artifact>
      <groupId>turnus</groupId>
      <artifactId>turnus.target</artifactId>
      <version>1.0.0-SNAPSHOT</version>
    </artifact>
  </target>
  <executionEnvironment>JavaSE-17</executionEnvironment>
  <environments>
    <environment>
      <os>macosx</os>
      <ws>cocoa</ws>
      <arch>x86_64</arch>
    </environment>
    <environment>
      <os>macosx</os>
      <ws>cocoa</ws>
      <arch>aarch64</arch>
    </environment>
    <environment>
      <os>win32</os>
      <ws>win32</ws>
      <arch>x86_64</arch>
    </environment>
    <environment>
      <os>linux</os>
      <ws>gtk</ws>
      <arch>x86_64</arch>
    </environment>
  </environments>
  <dependency-resolution>
    <extraRequirements>
      <requirement>
        <type>eclipse-plugin</type>
        <id>org.eclipse.xtext.logging</id>
        <versionRange>1.2.24</versionRange>
      </requirement>
      <requirement>
        <type>eclipse-feature</type>
        <id>org.eclipse.rcp</id>
        <versionRange>0.0.0</versionRange>
      </requirement>
    </extraRequirements>
  </dependency-resolution>
</configuration>
[[1;36mDEBUG[m] target-platform-configuration for MavenProject: turnus:turnus.analysis.ui:1.0.0-SNAPSHOT @ /home/endrix/git/dataflow/streamblocks/turnus/turnus.analysis.ui/pom.xml:
<?xml version="1.0" encoding="UTF-8"?>
<configuration>
  <pomDependencies>wrapAsBundle</pomDependencies>
  <target>
    <artifact>
      <groupId>turnus</groupId>
      <artifactId>turnus.target</artifactId>
      <version>1.0.0-SNAPSHOT</version>
    </artifact>
  </target>
  <executionEnvironment>JavaSE-17</executionEnvironment>
  <environments>
    <environment>
      <os>macosx</os>
      <ws>cocoa</ws>
      <arch>x86_64</arch>
    </environment>
    <environment>
      <os>macosx</os>
      <ws>cocoa</ws>
      <arch>aarch64</arch>
    </environment>
    <environment>
      <os>win32</os>
      <ws>win32</ws>
      <arch>x86_64</arch>
    </environment>
    <environment>
      <os>linux</os>
      <ws>gtk</ws>
      <arch>x86_64</arch>
    </environment>
  </environments>
  <dependency-resolution>
    <extraRequirements>
      <requirement>
        <type>eclipse-plugin</type>
        <id>org.eclipse.xtext.logging</id>
        <versionRange>1.2.24</versionRange>
      </requirement>
      <requirement>
        <type>eclipse-feature</type>
        <id>org.eclipse.rcp</id>
        <versionRange>0.0.0</versionRange>
      </requirement>
    </extraRequirements>
  </dependency-resolution>
</configuration>
[[1;36mDEBUG[m] target-platform-configuration for MavenProject: turnus:turnus.feature:1.0.0-SNAPSHOT @ /home/endrix/git/dataflow/streamblocks/turnus/turnus.feature/pom.xml:
<?xml version="1.0" encoding="UTF-8"?>
<configuration>
  <pomDependencies>wrapAsBundle</pomDependencies>
  <target>
    <artifact>
      <groupId>turnus</groupId>
      <artifactId>turnus.target</artifactId>
      <version>1.0.0-SNAPSHOT</version>
    </artifact>
  </target>
  <executionEnvironment>JavaSE-17</executionEnvironment>
  <environments>
    <environment>
      <os>macosx</os>
      <ws>cocoa</ws>
      <arch>x86_64</arch>
    </environment>
    <environment>
      <os>macosx</os>
      <ws>cocoa</ws>
      <arch>aarch64</arch>
    </environment>
    <environment>
      <os>win32</os>
      <ws>win32</ws>
      <arch>x86_64</arch>
    </environment>
    <environment>
      <os>linux</os>
      <ws>gtk</ws>
      <arch>x86_64</arch>
    </environment>
  </environments>
  <dependency-resolution>
    <extraRequirements>
      <requirement>
        <type>eclipse-plugin</type>
        <id>org.eclipse.xtext.logging</id>
        <versionRange>1.2.24</versionRange>
      </requirement>
      <requirement>
        <type>eclipse-feature</type>
        <id>org.eclipse.rcp</id>
        <versionRange>0.0.0</versionRange>
      </requirement>
    </extraRequirements>
  </dependency-resolution>
</configuration>
[[1;36mDEBUG[m] target-platform-configuration for MavenProject: turnus:turnus.core:1.0.0-SNAPSHOT @ /home/endrix/git/dataflow/streamblocks/turnus/pom.xml:
<?xml version="1.0" encoding="UTF-8"?>
<configuration>
  <pomDependencies>wrapAsBundle</pomDependencies>
  <target>
    <artifact>
      <groupId>turnus</groupId>
      <artifactId>turnus.target</artifactId>
      <version>1.0.0-SNAPSHOT</version>
    </artifact>
  </target>
  <executionEnvironment>JavaSE-17</executionEnvironment>
  <environments>
    <environment>
      <os>macosx</os>
      <ws>cocoa</ws>
      <arch>x86_64</arch>
    </environment>
    <environment>
      <os>macosx</os>
      <ws>cocoa</ws>
      <arch>aarch64</arch>
    </environment>
    <environment>
      <os>win32</os>
      <ws>win32</ws>
      <arch>x86_64</arch>
    </environment>
    <environment>
      <os>linux</os>
      <ws>gtk</ws>
      <arch>x86_64</arch>
    </environment>
  </environments>
  <dependency-resolution>
    <extraRequirements>
      <requirement>
        <type>eclipse-plugin</type>
        <id>org.eclipse.xtext.logging</id>
        <versionRange>1.2.24</versionRange>
      </requirement>
      <requirement>
        <type>eclipse-feature</type>
        <id>org.eclipse.rcp</id>
        <versionRange>0.0.0</versionRange>
      </requirement>
    </extraRequirements>
  </dependency-resolution>
</configuration>
[[1;36mDEBUG[m] target-platform-configuration for MavenProject: turnus:turnus.target:1.0.0-SNAPSHOT @ /home/endrix/git/dataflow/streamblocks/turnus/turnus.target/pom.xml:
<?xml version="1.0" encoding="UTF-8"?>
<configuration>
  <pomDependencies>wrapAsBundle</pomDependencies>
  <target>
    <artifact>
      <groupId>turnus</groupId>
      <artifactId>turnus.target</artifactId>
      <version>1.0.0-SNAPSHOT</version>
    </artifact>
  </target>
  <executionEnvironment>JavaSE-17</executionEnvironment>
  <environments>
    <environment>
      <os>macosx</os>
      <ws>cocoa</ws>
      <arch>x86_64</arch>
    </environment>
    <environment>
      <os>macosx</os>
      <ws>cocoa</ws>
      <arch>aarch64</arch>
    </environment>
    <environment>
      <os>win32</os>
      <ws>win32</ws>
      <arch>x86_64</arch>
    </environment>
    <environment>
      <os>linux</os>
      <ws>gtk</ws>
      <arch>x86_64</arch>
    </environment>
  </environments>
  <dependency-resolution>
    <extraRequirements>
      <requirement>
        <type>eclipse-plugin</type>
        <id>org.eclipse.xtext.logging</id>
        <versionRange>1.2.24</versionRange>
      </requirement>
      <requirement>
        <type>eclipse-feature</type>
        <id>org.eclipse.rcp</id>
        <versionRange>0.0.0</versionRange>
      </requirement>
    </extraRequirements>
  </dependency-resolution>
</configuration>
> extension>org.eclipse.tycho:tycho-maven-plugin:4.0.10 (parent = null)
  jar:file:/home/endrix/.m2/repository/org/eclipse/tycho/tycho-maven-plugin/4.0.10/tycho-maven-plugin-4.0.10.jar!/META-INF/maven/extension.xml
-----------------------------------------------------
realm =    extension>org.eclipse.tycho:tycho-maven-plugin:4.0.10
strategy = org.codehaus.plexus.classworlds.strategy.SelfFirstStrategy
urls[0] = file:/home/endrix/.m2/repository/org/eclipse/tycho/tycho-maven-plugin/4.0.10/tycho-maven-plugin-4.0.10.jar
urls[1] = file:/home/endrix/.m2/repository/org/eclipse/tycho/tycho-core/4.0.10/tycho-core-4.0.10.jar
urls[2] = file:/home/endrix/.m2/repository/org/codehaus/plexus/plexus-archiver/4.10.0/plexus-archiver-4.10.0.jar
urls[3] = file:/home/endrix/.m2/repository/org/codehaus/plexus/plexus-utils/3.5.1/plexus-utils-3.5.1.jar
urls[4] = file:/home/endrix/.m2/repository/org/codehaus/plexus/plexus-io/3.5.0/plexus-io-3.5.0.jar
urls[5] = file:/home/endrix/.m2/repository/org/apache/commons/commons-compress/1.27.1/commons-compress-1.27.1.jar
urls[6] = file:/home/endrix/.m2/repository/org/apache/commons/commons-lang3/3.17.0/commons-lang3-3.17.0.jar
urls[7] = file:/home/endrix/.m2/repository/io/airlift/aircompressor/0.27/aircompressor-0.27.jar
urls[8] = file:/home/endrix/.m2/repository/org/tukaani/xz/1.9/xz-1.9.jar
urls[9] = file:/home/endrix/.m2/repository/com/github/luben/zstd-jni/1.5.6-3/zstd-jni-1.5.6-3.jar
urls[10] = file:/home/endrix/.m2/repository/org/codehaus/plexus/plexus-interpolation/1.27/plexus-interpolation-1.27.jar
urls[11] = file:/home/endrix/.m2/repository/org/eclipse/tycho/sisu-equinox-launching/4.0.10/sisu-equinox-launching-4.0.10.jar
urls[12] = file:/home/endrix/.m2/repository/org/eclipse/tycho/tycho-api/4.0.10/tycho-api-4.0.10.jar
urls[13] = file:/home/endrix/.m2/repository/org/eclipse/platform/org.eclipse.osgi/3.21.0/org.eclipse.osgi-3.21.0.jar
urls[14] = file:/home/endrix/.m2/repository/org/apache/commons/commons-exec/1.4.0/commons-exec-1.4.0.jar
urls[15] = file:/home/endrix/.m2/repository/org/codehaus/plexus/plexus-component-annotations/2.2.0/plexus-component-annotations-2.2.0.jar
urls[16] = file:/home/endrix/.m2/repository/org/eclipse/tycho/sisu-osgi-api/4.0.10/sisu-osgi-api-4.0.10.jar
urls[17] = file:/home/endrix/.m2/repository/org/eclipse/tycho/tycho-metadata-model/4.0.10/tycho-metadata-model-4.0.10.jar
urls[18] = file:/home/endrix/.m2/repository/de/pdark/decentxml/1.4/decentxml-1.4.jar
urls[19] = file:/home/endrix/.m2/repository/biz/aQute/bnd/biz.aQute.repository/7.0.0/biz.aQute.repository-7.0.0.jar
urls[20] = file:/home/endrix/.m2/repository/org/osgi/org.osgi.resource/1.0.1/org.osgi.resource-1.0.1.jar
urls[21] = file:/home/endrix/.m2/repository/org/eclipse/tycho/tycho-spi/4.0.10/tycho-spi-4.0.10.jar
urls[22] = file:/home/endrix/.m2/repository/org/eclipse/tycho/p2-maven-plugin/4.0.10/p2-maven-plugin-4.0.10.jar
urls[23] = file:/home/endrix/.m2/repository/org/eclipse/platform/org.eclipse.equinox.p2.core/2.12.100/org.eclipse.equinox.p2.core-2.12.100.jar
urls[24] = file:/home/endrix/.m2/repository/org/eclipse/platform/org.eclipse.equinox.p2.publisher/1.9.200/org.eclipse.equinox.p2.publisher-1.9.200.jar
urls[25] = file:/home/endrix/.m2/repository/org/eclipse/platform/org.eclipse.equinox.p2.artifact.repository/1.5.400/org.eclipse.equinox.p2.artifact.repository-1.5.400.jar
urls[26] = file:/home/endrix/.m2/repository/org/eclipse/platform/org.eclipse.equinox.p2.director/2.6.400/org.eclipse.equinox.p2.director-2.6.400.jar
urls[27] = file:/home/endrix/.m2/repository/org/ow2/sat4j/org.ow2.sat4j.core/2.3.6/org.ow2.sat4j.core-2.3.6.jar
urls[28] = file:/home/endrix/.m2/repository/org/ow2/sat4j/org.ow2.sat4j.pb/2.3.6/org.ow2.sat4j.pb-2.3.6.jar
urls[29] = file:/home/endrix/.m2/repository/org/eclipse/platform/org.eclipse.equinox.p2.engine/2.10.200/org.eclipse.equinox.p2.engine-2.10.200.jar
urls[30] = file:/home/endrix/.m2/repository/org/osgi/org.osgi.service.prefs/1.1.2/org.osgi.service.prefs-1.1.2.jar
urls[31] = file:/home/endrix/.m2/repository/org/eclipse/platform/org.eclipse.equinox.p2.metadata/2.9.100/org.eclipse.equinox.p2.metadata-2.9.100.jar
urls[32] = file:/home/endrix/.m2/repository/org/eclipse/platform/org.eclipse.equinox.p2.repository/2.9.100/org.eclipse.equinox.p2.repository-2.9.100.jar
urls[33] = file:/home/endrix/.m2/repository/org/eclipse/platform/org.eclipse.equinox.security/1.4.300/org.eclipse.equinox.security-1.4.300.jar
urls[34] = file:/home/endrix/.m2/repository/org/eclipse/platform/org.eclipse.osgi.compatibility.state/1.2.1000/org.eclipse.osgi.compatibility.state-1.2.1000.jar
urls[35] = file:/home/endrix/.m2/repository/org/eclipse/platform/org.eclipse.equinox.p2.publisher.eclipse/1.6.200/org.eclipse.equinox.p2.publisher.eclipse-1.6.200.jar
urls[36] = file:/home/endrix/.m2/repository/org/eclipse/platform/org.eclipse.equinox.frameworkadmin/2.3.200/org.eclipse.equinox.frameworkadmin-2.3.200.jar
urls[37] = file:/home/endrix/.m2/repository/org/eclipse/platform/org.eclipse.equinox.preferences/3.11.100/org.eclipse.equinox.preferences-3.11.100.jar
urls[38] = file:/home/endrix/.m2/repository/org/eclipse/platform/org.eclipse.equinox.p2.metadata.repository/1.5.400/org.eclipse.equinox.p2.metadata.repository-1.5.400.jar
urls[39] = file:/home/endrix/.m2/repository/org/eclipse/platform/org.eclipse.equinox.p2.updatesite/1.3.400/org.eclipse.equinox.p2.updatesite-1.3.400.jar
urls[40] = file:/home/endrix/.m2/repository/org/eclipse/tycho/sisu-osgi-connect/4.0.10/sisu-osgi-connect-4.0.10.jar
urls[41] = file:/home/endrix/.m2/repository/org/eclipse/platform/org.eclipse.equinox.p2.jarprocessor/1.3.400/org.eclipse.equinox.p2.jarprocessor-1.3.400.jar
urls[42] = file:/home/endrix/.m2/repository/org/eclipse/platform/org.eclipse.equinox.p2.touchpoint.natives/1.5.300/org.eclipse.equinox.p2.touchpoint.natives-1.5.300.jar
urls[43] = file:/home/endrix/.m2/repository/org/eclipse/platform/org.eclipse.equinox.p2.touchpoint.eclipse/2.4.300/org.eclipse.equinox.p2.touchpoint.eclipse-2.4.300.jar
urls[44] = file:/home/endrix/.m2/repository/org/eclipse/platform/org.eclipse.equinox.p2.garbagecollector/1.3.300/org.eclipse.equinox.p2.garbagecollector-1.3.300.jar
urls[45] = file:/home/endrix/.m2/repository/org/eclipse/platform/org.eclipse.equinox.p2.director.app/1.3.400/org.eclipse.equinox.p2.director.app-1.3.400.jar
urls[46] = file:/home/endrix/.m2/repository/org/eclipse/platform/org.eclipse.equinox.p2.repository.tools/2.4.400/org.eclipse.equinox.p2.repository.tools-2.4.400.jar
urls[47] = file:/home/endrix/.m2/repository/org/eclipse/platform/org.eclipse.equinox.concurrent/1.3.100/org.eclipse.equinox.concurrent-1.3.100.jar
urls[48] = file:/home/endrix/.m2/repository/org/eclipse/platform/org.eclipse.equinox.simpleconfigurator/1.5.300/org.eclipse.equinox.simpleconfigurator-1.5.300.jar
urls[49] = file:/home/endrix/.m2/repository/org/eclipse/platform/org.eclipse.equinox.app/1.7.200/org.eclipse.equinox.app-1.7.200.jar
urls[50] = file:/home/endrix/.m2/repository/org/eclipse/platform/org.eclipse.equinox.frameworkadmin.equinox/1.3.200/org.eclipse.equinox.frameworkadmin.equinox-1.3.200.jar
urls[51] = file:/home/endrix/.m2/repository/org/eclipse/platform/org.eclipse.equinox.simpleconfigurator.manipulator/2.3.300/org.eclipse.equinox.simpleconfigurator.manipulator-2.3.300.jar
urls[52] = file:/home/endrix/.m2/repository/org/apache/felix/org.apache.felix.scr/2.2.12/org.apache.felix.scr-2.2.12.jar
urls[53] = file:/home/endrix/.m2/repository/org/codehaus/mojo/animal-sniffer-annotations/1.9/animal-sniffer-annotations-1.9.jar
urls[54] = file:/home/endrix/.m2/repository/org/osgi/org.osgi.service.component/1.5.1/org.osgi.service.component-1.5.1.jar
urls[55] = file:/home/endrix/.m2/repository/org/osgi/org.osgi.namespace.extender/1.0.1/org.osgi.namespace.extender-1.0.1.jar
urls[56] = file:/home/endrix/.m2/repository/org/bouncycastle/bcpg-jdk18on/1.78.1/bcpg-jdk18on-1.78.1.jar
urls[57] = file:/home/endrix/.m2/repository/org/bouncycastle/bcprov-jdk18on/1.78.1/bcprov-jdk18on-1.78.1.jar
urls[58] = file:/home/endrix/.m2/repository/org/bouncycastle/bcutil-jdk18on/1.78.1/bcutil-jdk18on-1.78.1.jar
urls[59] = file:/home/endrix/.m2/repository/commons-net/commons-net/3.11.1/commons-net-3.11.1.jar
urls[60] = file:/home/endrix/.m2/repository/org/eclipse/tycho/tycho-targetplatform/4.0.10/tycho-targetplatform-4.0.10.jar
urls[61] = file:/home/endrix/.m2/repository/org/eclipse/tycho/tycho-p2/4.0.10/tycho-p2-4.0.10.jar
urls[62] = file:/home/endrix/.m2/repository/org/eclipse/platform/org.eclipse.core.runtime/3.31.100/org.eclipse.core.runtime-3.31.100.jar
urls[63] = file:/home/endrix/.m2/repository/org/eclipse/platform/org.eclipse.equinox.common/3.19.100/org.eclipse.equinox.common-3.19.100.jar
urls[64] = file:/home/endrix/.m2/repository/org/eclipse/platform/org.eclipse.core.jobs/3.15.300/org.eclipse.core.jobs-3.15.300.jar
urls[65] = file:/home/endrix/.m2/repository/org/eclipse/platform/org.eclipse.equinox.registry/3.12.100/org.eclipse.equinox.registry-3.12.100.jar
urls[66] = file:/home/endrix/.m2/repository/org/eclipse/platform/org.eclipse.core.contenttype/3.9.400/org.eclipse.core.contenttype-3.9.400.jar
urls[67] = file:/home/endrix/.m2/repository/biz/aQute/bnd/biz.aQute.bndlib/7.0.0/biz.aQute.bndlib-7.0.0.jar
urls[68] = file:/home/endrix/.m2/repository/biz/aQute/bnd/biz.aQute.bnd.util/7.0.0/biz.aQute.bnd.util-7.0.0.jar
urls[69] = file:/home/endrix/.m2/repository/org/osgi/org.osgi.service.repository/1.1.0/org.osgi.service.repository-1.1.0.jar
urls[70] = file:/home/endrix/.m2/repository/org/osgi/org.osgi.util.function/1.2.0/org.osgi.util.function-1.2.0.jar
urls[71] = file:/home/endrix/.m2/repository/org/osgi/osgi.annotation/8.0.1/osgi.annotation-8.0.1.jar
urls[72] = file:/home/endrix/.m2/repository/org/osgi/org.osgi.util.promise/1.3.0/org.osgi.util.promise-1.3.0.jar
urls[73] = file:/home/endrix/.m2/repository/commons-io/commons-io/2.17.0/commons-io-2.17.0.jar
urls[74] = file:/home/endrix/.m2/repository/commons-codec/commons-codec/1.17.1/commons-codec-1.17.1.jar
urls[75] = file:/home/endrix/.m2/repository/org/eclipse/jdt/org.eclipse.jdt.core/3.38.0/org.eclipse.jdt.core-3.38.0.jar
urls[76] = file:/home/endrix/.m2/repository/org/eclipse/platform/org.eclipse.core.resources/3.20.200/org.eclipse.core.resources-3.20.200.jar
urls[77] = file:/home/endrix/.m2/repository/org/eclipse/platform/org.eclipse.core.expressions/3.9.400/org.eclipse.core.expressions-3.9.400.jar
urls[78] = file:/home/endrix/.m2/repository/org/eclipse/platform/org.eclipse.core.filesystem/1.10.400/org.eclipse.core.filesystem-1.10.400.jar
urls[79] = file:/home/endrix/.m2/repository/org/eclipse/platform/org.eclipse.text/3.14.100/org.eclipse.text-3.14.100.jar
urls[80] = file:/home/endrix/.m2/repository/org/eclipse/platform/org.eclipse.core.commands/3.12.100/org.eclipse.core.commands-3.12.100.jar
urls[81] = file:/home/endrix/.m2/repository/org/eclipse/jdt/ecj/3.38.0/ecj-3.38.0.jar
Number of foreign imports: 1
import: Entry[import  from realm ClassRealm[maven.api, parent: null]]

-----------------------------------------------------
  > maven.api (parent = null)
-----------------------------------------------------
realm =    maven.api
strategy = org.codehaus.plexus.classworlds.strategy.SelfFirstStrategy
Number of foreign imports: 66
import: Entry[import org.slf4j.spi.* from realm ClassRealm[plexus.core, parent: null]]
import: Entry[import org.slf4j.helpers.* from realm ClassRealm[plexus.core, parent: null]]
import: Entry[import org.slf4j.event.* from realm ClassRealm[plexus.core, parent: null]]
import: Entry[import org.slf4j.* from realm ClassRealm[plexus.core, parent: null]]
import: Entry[import org.fusesource.jansi.* from realm ClassRealm[plexus.core, parent: null]]
import: Entry[import org.eclipse.aether.version from realm ClassRealm[plexus.core, parent: null]]
import: Entry[import org.eclipse.aether.util from realm ClassRealm[plexus.core, parent: null]]
import: Entry[import org.eclipse.aether.transfer from realm ClassRealm[plexus.core, parent: null]]
import: Entry[import org.eclipse.aether.spi from realm ClassRealm[plexus.core, parent: null]]
import: Entry[import org.eclipse.aether.resolution from realm ClassRealm[plexus.core, parent: null]]
import: Entry[import org.eclipse.aether.repository from realm ClassRealm[plexus.core, parent: null]]
import: Entry[import org.eclipse.aether.metadata from realm ClassRealm[plexus.core, parent: null]]
import: Entry[import org.eclipse.aether.internal.impl from realm ClassRealm[plexus.core, parent: null]]
import: Entry[import org.eclipse.aether.installation from realm ClassRealm[plexus.core, parent: null]]
import: Entry[import org.eclipse.aether.impl from realm ClassRealm[plexus.core, parent: null]]
import: Entry[import org.eclipse.aether.graph from realm ClassRealm[plexus.core, parent: null]]
import: Entry[import org.eclipse.aether.deployment from realm ClassRealm[plexus.core, parent: null]]
import: Entry[import org.eclipse.aether.collection from realm ClassRealm[plexus.core, parent: null]]
import: Entry[import org.eclipse.aether.artifact from realm ClassRealm[plexus.core, parent: null]]
import: Entry[import org.eclipse.aether.* from realm ClassRealm[plexus.core, parent: null]]
import: Entry[import org.codehaus.plexus.util.xml.pull.XmlSerializer from realm ClassRealm[plexus.core, parent: null]]
import: Entry[import org.codehaus.plexus.util.xml.pull.XmlPullParserException from realm ClassRealm[plexus.core, parent: null]]
import: Entry[import org.codehaus.plexus.util.xml.pull.XmlPullParser from realm ClassRealm[plexus.core, parent: null]]
import: Entry[import org.codehaus.plexus.util.xml.Xpp3Dom from realm ClassRealm[plexus.core, parent: null]]
import: Entry[import org.codehaus.plexus.personality from realm ClassRealm[plexus.core, parent: null]]
import: Entry[import org.codehaus.plexus.logging from realm ClassRealm[plexus.core, parent: null]]
import: Entry[import org.codehaus.plexus.lifecycle from realm ClassRealm[plexus.core, parent: null]]
import: Entry[import org.codehaus.plexus.context from realm ClassRealm[plexus.core, parent: null]]
import: Entry[import org.codehaus.plexus.container from realm ClassRealm[plexus.core, parent: null]]
import: Entry[import org.codehaus.plexus.configuration from realm ClassRealm[plexus.core, parent: null]]
import: Entry[import org.codehaus.plexus.component from realm ClassRealm[plexus.core, parent: null]]
import: Entry[import org.codehaus.plexus.classworlds from realm ClassRealm[plexus.core, parent: null]]
import: Entry[import org.codehaus.plexus.* from realm ClassRealm[plexus.core, parent: null]]
import: Entry[import org.codehaus.classworlds from realm ClassRealm[plexus.core, parent: null]]
import: Entry[import org.apache.maven.wagon.resource from realm ClassRealm[plexus.core, parent: null]]
import: Entry[import org.apache.maven.wagon.repository from realm ClassRealm[plexus.core, parent: null]]
import: Entry[import org.apache.maven.wagon.proxy from realm ClassRealm[plexus.core, parent: null]]
import: Entry[import org.apache.maven.wagon.observers from realm ClassRealm[plexus.core, parent: null]]
import: Entry[import org.apache.maven.wagon.events from realm ClassRealm[plexus.core, parent: null]]
import: Entry[import org.apache.maven.wagon.authorization from realm ClassRealm[plexus.core, parent: null]]
import: Entry[import org.apache.maven.wagon.authentication from realm ClassRealm[plexus.core, parent: null]]
import: Entry[import org.apache.maven.wagon.* from realm ClassRealm[plexus.core, parent: null]]
import: Entry[import org.apache.maven.usability from realm ClassRealm[plexus.core, parent: null]]
import: Entry[import org.apache.maven.toolchain from realm ClassRealm[plexus.core, parent: null]]
import: Entry[import org.apache.maven.settings from realm ClassRealm[plexus.core, parent: null]]
import: Entry[import org.apache.maven.rtinfo from realm ClassRealm[plexus.core, parent: null]]
import: Entry[import org.apache.maven.repository from realm ClassRealm[plexus.core, parent: null]]
import: Entry[import org.apache.maven.reporting from realm ClassRealm[plexus.core, parent: null]]
import: Entry[import org.apache.maven.project from realm ClassRealm[plexus.core, parent: null]]
import: Entry[import org.apache.maven.profiles from realm ClassRealm[plexus.core, parent: null]]
import: Entry[import org.apache.maven.plugin from realm ClassRealm[plexus.core, parent: null]]
import: Entry[import org.apache.maven.monitor from realm ClassRealm[plexus.core, parent: null]]
import: Entry[import org.apache.maven.model from realm ClassRealm[plexus.core, parent: null]]
import: Entry[import org.apache.maven.lifecycle from realm ClassRealm[plexus.core, parent: null]]
import: Entry[import org.apache.maven.graph from realm ClassRealm[plexus.core, parent: null]]
import: Entry[import org.apache.maven.execution.scope from realm ClassRealm[plexus.core, parent: null]]
import: Entry[import org.apache.maven.execution from realm ClassRealm[plexus.core, parent: null]]
import: Entry[import org.apache.maven.exception from realm ClassRealm[plexus.core, parent: null]]
import: Entry[import org.apache.maven.configuration from realm ClassRealm[plexus.core, parent: null]]
import: Entry[import org.apache.maven.cli from realm ClassRealm[plexus.core, parent: null]]
import: Entry[import org.apache.maven.classrealm from realm ClassRealm[plexus.core, parent: null]]
import: Entry[import org.apache.maven.artifact from realm ClassRealm[plexus.core, parent: null]]
import: Entry[import org.apache.maven.* from realm ClassRealm[plexus.core, parent: null]]
import: Entry[import javax.inject.* from realm ClassRealm[plexus.core, parent: null]]
import: Entry[import javax.annotation.security.* from realm ClassRealm[plexus.core, parent: null]]
import: Entry[import javax.annotation.* from realm ClassRealm[plexus.core, parent: null]]

-----------------------------------------------------
    > plexus.core (parent = null)
      jar:file:/usr/share/maven/lib/maven-core-3.x.jar!/META-INF/maven/extension.xml
-----------------------------------------------------
realm =    plexus.core
strategy = org.codehaus.plexus.classworlds.strategy.SelfFirstStrategy
urls[0] = file:/usr/share/maven/conf/logging/
urls[1] = file:/usr/share/maven/lib/maven-settings-builder-3.x.jar
urls[2] = file:/usr/share/maven/lib/maven-builder-support-3.x.jar
urls[3] = file:/usr/share/maven/lib/wagon-file.jar
urls[4] = file:/usr/share/maven/lib/maven-repository-metadata-3.x.jar
urls[5] = file:/usr/share/maven/lib/httpcore.jar
urls[6] = file:/usr/share/maven/lib/wagon-provider-api.jar
urls[7] = file:/usr/share/maven/lib/maven-core-3.x.jar
urls[8] = file:/usr/share/maven/lib/maven-resolver-transport-http.jar
urls[9] = file:/usr/share/maven/lib/plexus-cipher.jar
urls[10] = file:/usr/share/maven/lib/maven-resolver-spi.jar
urls[11] = file:/usr/share/maven/lib/maven-resolver-api.jar
urls[12] = file:/usr/share/maven/lib/plexus-component-annotations.jar
urls[13] = file:/usr/share/maven/lib/slf4j-api.jar
urls[14] = file:/usr/share/maven/lib/maven-resolver-impl.jar
urls[15] = file:/usr/share/maven/lib/guice.jar
urls[16] = file:/usr/share/maven/lib/maven-plugin-api-3.x.jar
urls[17] = file:/usr/share/maven/lib/commons-io.jar
urls[18] = file:/usr/share/maven/lib/plexus-sec-dispatcher.jar
urls[19] = file:/usr/share/maven/lib/maven-compat-3.x.jar
urls[20] = file:/usr/share/maven/lib/sisu-inject.jar
urls[21] = file:/usr/share/maven/lib/plexus-interpolation.jar
urls[22] = file:/usr/share/maven/lib/commons-cli.jar
urls[23] = file:/usr/share/maven/lib/maven-embedder-3.x.jar
urls[24] = file:/usr/share/maven/lib/javax.inject.jar
urls[25] = file:/usr/share/maven/lib/maven-resolver-transport-file.jar
urls[26] = file:/usr/share/maven/lib/maven-settings-3.x.jar
urls[27] = file:/usr/share/maven/lib/maven-model-3.x.jar
urls[28] = file:/usr/share/maven/lib/guava.jar
urls[29] = file:/usr/share/maven/lib/wagon-http.jar
urls[30] = file:/usr/share/maven/lib/maven-resolver-named-locks.jar
urls[31] = file:/usr/share/maven/lib/plexus-utils.jar
urls[32] = file:/usr/share/maven/lib/jcl-over-slf4j.jar
urls[33] = file:/usr/share/maven/lib/plexus-xml.jar
urls[34] = file:/usr/share/maven/lib/httpclient.jar
urls[35] = file:/usr/share/maven/lib/wagon-http-shared.jar
urls[36] = file:/usr/share/maven/lib/maven-resolver-connector-basic.jar
urls[37] = file:/usr/share/maven/lib/maven-resolver-provider-3.x.jar
urls[38] = file:/usr/share/maven/lib/cdi-api.jar
urls[39] = file:/usr/share/maven/lib/maven-model-builder-3.x.jar
urls[40] = file:/usr/share/maven/lib/maven-artifact-3.x.jar
urls[41] = file:/usr/share/maven/lib/commons-lang3.jar
urls[42] = file:/usr/share/maven/lib/jansi.jar
urls[43] = file:/usr/share/maven/lib/aopalliance.jar
urls[44] = file:/usr/share/maven/lib/javax.annotation-api.jar
urls[45] = file:/usr/share/maven/lib/maven-resolver-util.jar
urls[46] = file:/usr/share/maven/lib/maven-resolver-transport-wagon.jar
urls[47] = file:/usr/share/maven/lib/sisu-plexus.jar
urls[48] = file:/usr/share/maven/lib/maven-slf4j-provider-3.x.jar
urls[49] = file:/usr/share/maven/lib/maven-shared-utils.jar
Number of foreign imports: 0

-----------------------------------------------------
[[1;36mDEBUG[m] Create framework for extension>org.eclipse.tycho:tycho-maven-plugin:4.0.10 with Realm ClassRealm[extension>org.eclipse.tycho:tycho-maven-plugin:4.0.10, parent: jdk.internal.loader.ClassLoaders$AppClassLoader@639fee48]
[[1;36mDEBUG[m] [b83b57e5-5560-4584-bba5-7cfcb11bd3f4][extension>org.eclipse.tycho:tycho-maven-plugin:4.0.10] Scan realm extension>org.eclipse.tycho:tycho-maven-plugin:4.0.10
[[1;36mDEBUG[m] [b83b57e5-5560-4584-bba5-7cfcb11bd3f4][extension>org.eclipse.tycho:tycho-maven-plugin:4.0.10] Reading extra bundles from jar:file:/home/endrix/.m2/repository/org/eclipse/tycho/p2-maven-plugin/4.0.10/p2-maven-plugin-4.0.10.jar!/META-INF/sisu/connect.bundles
[[1;36mDEBUG[m] [b83b57e5-5560-4584-bba5-7cfcb11bd3f4][extension>org.eclipse.tycho:tycho-maven-plugin:4.0.10] Reading extra bundles from jar:file:/home/endrix/.m2/repository/org/eclipse/tycho/tycho-p2/4.0.10/tycho-p2-4.0.10.jar!/META-INF/sisu/connect.bundles
[[1;36mDEBUG[m] [b83b57e5-5560-4584-bba5-7cfcb11bd3f4][extension>org.eclipse.tycho:tycho-maven-plugin:4.0.10] Reading jars from jar:file:/home/endrix/.m2/repository/org/eclipse/tycho/tycho-core/4.0.10/tycho-core-4.0.10.jar!/META-INF/sisu/connect.dependencies
[[1;36mDEBUG[m] [b83b57e5-5560-4584-bba5-7cfcb11bd3f4][extension>org.eclipse.tycho:tycho-maven-plugin:4.0.10] Reading jars from jar:file:/home/endrix/.m2/repository/org/eclipse/tycho/p2-maven-plugin/4.0.10/p2-maven-plugin-4.0.10.jar!/META-INF/sisu/connect.dependencies
[[1;36mDEBUG[m] [b83b57e5-5560-4584-bba5-7cfcb11bd3f4][extension>org.eclipse.tycho:tycho-maven-plugin:4.0.10] Installing sisu.connect.realm.extension.org.eclipse.tycho.tycho-maven-plugin.4.0.10 with headers Manifest-Version: 1.0
Bundle-ManifestVersion: 2
Bundle-SymbolicName: sisu.connect.realm.extension.org.eclipse.tycho.tycho-maven-plugin.4.0.10
Bundle-Version: 1.0.0.368603167
Export-Package: aQute.bnd.component.annotations,aQute.bnd.version,aQute.bnd.annotation.metatype,aQute.bnd.service.library,aQute.lib.zip,aQute.bnd.make.calltree,aQute.bnd.service.generate,org.eclipse.tycho.p2.resolver,aQute.bnd.classindex,aQute.libg.ints,aQute.bnd.annotation.plugin,aQute.bnd.plugin.jpms,aQute.bnd.service.externalplugin,aQute.lib.deployer,aQute.lib.settings,aQute.libg.gzip,aQute.lib.filter,aQute.bnd.plugin.maven,aQute.bnd.service.lifecycle,aQute.libg.reporter.slf4j,aQute.libg.tuple,org.eclipse.equinox.internal.p2.artifact.repository.simple,org.eclipse.equinox.internal.p2.core.helpers,org.eclipse.equinox.internal.provisional.p2.core.eventbus,aQute.bnd.plugin.eclipse,aQute.bnd.service.resource,aQute.lib.collections,aQute.bnd.build.model.conversions,aQute.lib.xml,aQute.bnd.metatype,aQute.lib.base64,aQute.lib.io,aQute.bnd.bundle.annotations,aQute.lib.spring,org.osgi,aQute.bnd.util.dto,aQute.lib.date,aQute.bnd.annotation.xml,aQute.bnd.build.api,aQute.bnd.help,aQute.lib.hex,aQute.bnd.remoteworkspace.server,aQute.bnd.service.export,aQute.lib.mavenpasswordobfuscator,aQute.lib.utf8properties,org.eclipse.equinox.p2.publisher.eclipse,aQute.bnd.annotation,org.eclipse.equinox.internal.p2.updatesite,aQute.bnd.url,org.eclipse.equinox.p2.metadata,aQute.bnd.header,aQute.bnd.osgi.eclipse,org.eclipse.equinox.internal.p2.metadata,aQute.bnd.xmlattribute,aQute.lib.xpath,org.eclipse.equinox.p2.publisher,aQute.lib.concurrent.serial,aQute.lib.concurrentinit,aQute.bnd.build,aQute.bnd.annotation.baseline,aQute.libg.generics,aQute.bnd.annotation.licenses,aQute.bnd.service.remoteworkspace,aQute.bnd.http,aQute.bnd.plugin.git,aQute.lib.hierarchy,aQute.bnd.build.model,aQute.bnd.osgi.repository,aQute.lib.stringrover,aQute.bnd.version.maven,aQute.lib.redirect,aQute.bnd.service.verifier,aQute.bnd.aspectj.plugin,aQute.bnd.service.resolve.hook,aQute.bnd.filerepo,aQute.bnd.plugin.ant,aQute.bnd.build.model.clauses,aQute.bnd.service,org.eclipse.osgi,org.eclipse.equinox.p2.core,aQute.bnd.service.repository,aQute.libg.reporter,aQute.bnd.apiguardian.api,aQute.lib.fileset,aQute.bnd.service.clipboard,aQute.bnd.help.instructions,aQute.lib.specinterface,org.eclipse.equinox.p2.repository.metadata,aQute.bnd.compatibility,org.eclipse.equinox.p2.repository.artifact,aQute.libg.command,aQute.bnd.print,aQute.bnd.annotation.spi,aQute.bnd.component.error,aQute.libg.filelock,aQute.bnd.osgi,aQute.lib.aspects,aQute.bnd.make.metatype,aQute.libg.uri,aQute.bnd.buildtool,aQute.bnd.service.classparser,aQute.bnd.annotation.service,aQute.bnd.make.coverage,aQute.bnd.service.maven,aQute.lib.watcher,aQute.libg.map,aQute.bnd.plugin.spi,aQute.bnd.util.home,aQute.bnd.remoteworkspace.client,aQute.bnd.exporter.executable,aQute.bnd.component,aQute.lib.tag,aQute.libg.sed,de.pdark.decentxml,aQute.bnd.service.action,aQute.bnd.util.repository,aQute.lib.strings,aQute.bnd.service.extension,aQute.bnd.resource.repository,aQute.bnd.service.url,aQute.lib.manifest,aQute.bnd.make,aQute.bnd.osgi.resource,aQute.bnd.annotation.headers,aQute.bnd.service.release,org.eclipse.tycho,aQute.bnd.make.component,aQute.bnd.service.progress,aQute.libg.cryptography,aQute.bnd.exporter.runbundles,aQute.bnd.annotation.jpms,aQute.libg.qtokens,aQute.bnd.service.diff,aQute.bnd.obr,aQute.bnd.metatype.annotations,org.eclipse.sisu.equinox,aQute.lib.persistentmap,aQute.service.reporter,aQute.lib.link,aQute.bnd.service.specifications,aQute.bnd.maven.support,aQute.bnd.service.remotelaunch,aQute.bnd.maven,aQute.bnd.connection.settings,aQute.bnd.differ,org.eclipse.equinox.internal.p2.publisher.eclipse,aQute.bnd.service.reporter,aQute.lib.formatter,aQute.bnd.cdi,aQute.bnd.properties,aQute.bnd.service.message,aQute.lib.converter,aQute.bnd.signing,aQute.libg.glob,org.eclipse.equinox.p2.query,aQute.lib.json,aQute.bnd.plugin.gradle
Require-Bundle: sisu.connect.realm.maven.api
[[1;36mDEBUG[m] [b83b57e5-5560-4584-bba5-7cfcb11bd3f4][extension>org.eclipse.tycho:tycho-maven-plugin:4.0.10] Skip org.eclipse.tycho:tycho-maven-plugin as it is not exported by the extension realm.
[[1;36mDEBUG[m] [b83b57e5-5560-4584-bba5-7cfcb11bd3f4][extension>org.eclipse.tycho:tycho-maven-plugin:4.0.10] Checking exported artifact org.eclipse.tycho:tycho-core
[[1;36mDEBUG[m] [b83b57e5-5560-4584-bba5-7cfcb11bd3f4][extension>org.eclipse.tycho:tycho-maven-plugin:4.0.10] File /home/endrix/.m2/repository/org/eclipse/tycho/tycho-core/4.0.10/tycho-core-4.0.10.jar is not a bundle
[[1;36mDEBUG[m] [b83b57e5-5560-4584-bba5-7cfcb11bd3f4][extension>org.eclipse.tycho:tycho-maven-plugin:4.0.10] Skip org.codehaus.plexus:plexus-archiver as it is not exported by the extension realm.
[[1;36mDEBUG[m] [b83b57e5-5560-4584-bba5-7cfcb11bd3f4][extension>org.eclipse.tycho:tycho-maven-plugin:4.0.10] Skip org.codehaus.plexus:plexus-utils as it is not exported by the extension realm.
[[1;36mDEBUG[m] [b83b57e5-5560-4584-bba5-7cfcb11bd3f4][extension>org.eclipse.tycho:tycho-maven-plugin:4.0.10] Skip org.codehaus.plexus:plexus-io as it is not exported by the extension realm.
[[1;36mDEBUG[m] [b83b57e5-5560-4584-bba5-7cfcb11bd3f4][extension>org.eclipse.tycho:tycho-maven-plugin:4.0.10] Skip org.apache.commons:commons-compress (org.apache.commons.commons-compress) as it is not exported by the extension realm.
[[1;36mDEBUG[m] [b83b57e5-5560-4584-bba5-7cfcb11bd3f4][extension>org.eclipse.tycho:tycho-maven-plugin:4.0.10] Skip org.apache.commons:commons-lang3 (org.apache.commons.lang3) as it is not exported by the extension realm.
[[1;36mDEBUG[m] [b83b57e5-5560-4584-bba5-7cfcb11bd3f4][extension>org.eclipse.tycho:tycho-maven-plugin:4.0.10] Skip io.airlift:aircompressor as it is not exported by the extension realm.
[[1;36mDEBUG[m] [b83b57e5-5560-4584-bba5-7cfcb11bd3f4][extension>org.eclipse.tycho:tycho-maven-plugin:4.0.10] Discovered bundle org.tukaani.xz (1.9) @ /home/endrix/.m2/repository/org/tukaani/xz/1.9/xz-1.9.jar
[[1;36mDEBUG[m] [b83b57e5-5560-4584-bba5-7cfcb11bd3f4][extension>org.eclipse.tycho:tycho-maven-plugin:4.0.10] Skip zstd-jni-1.5.6-3.jar (com.github.luben.zstd-jni) as it is not exported by the extension realm.
[[1;36mDEBUG[m] [b83b57e5-5560-4584-bba5-7cfcb11bd3f4][extension>org.eclipse.tycho:tycho-maven-plugin:4.0.10] Skip org.codehaus.plexus:plexus-interpolation (org.codehaus.plexus.interpolation) as it is not exported by the extension realm.
[[1;36mDEBUG[m] [b83b57e5-5560-4584-bba5-7cfcb11bd3f4][extension>org.eclipse.tycho:tycho-maven-plugin:4.0.10] Skip org.eclipse.tycho:sisu-equinox-launching as it is not exported by the extension realm.
[[1;36mDEBUG[m] [b83b57e5-5560-4584-bba5-7cfcb11bd3f4][extension>org.eclipse.tycho:tycho-maven-plugin:4.0.10] Skip org.eclipse.tycho:tycho-api (org.eclipse.tycho.embedder.shared) as it is not exported by the extension realm.
[[1;36mDEBUG[m] [b83b57e5-5560-4584-bba5-7cfcb11bd3f4][extension>org.eclipse.tycho:tycho-maven-plugin:4.0.10] Skip org.apache.commons:commons-exec (org.apache.commons.commons-exec) as it is not exported by the extension realm.
[[1;36mDEBUG[m] [b83b57e5-5560-4584-bba5-7cfcb11bd3f4][extension>org.eclipse.tycho:tycho-maven-plugin:4.0.10] Skip org.codehaus.plexus:plexus-component-annotations as it is not exported by the extension realm.
[[1;36mDEBUG[m] [b83b57e5-5560-4584-bba5-7cfcb11bd3f4][extension>org.eclipse.tycho:tycho-maven-plugin:4.0.10] Skip org.eclipse.tycho:sisu-osgi-api as it is not exported by the extension realm.
[[1;36mDEBUG[m] [b83b57e5-5560-4584-bba5-7cfcb11bd3f4][extension>org.eclipse.tycho:tycho-maven-plugin:4.0.10] Checking exported artifact org.eclipse.tycho:tycho-metadata-model
[[1;36mDEBUG[m] [b83b57e5-5560-4584-bba5-7cfcb11bd3f4][extension>org.eclipse.tycho:tycho-maven-plugin:4.0.10] File /home/endrix/.m2/repository/org/eclipse/tycho/tycho-metadata-model/4.0.10/tycho-metadata-model-4.0.10.jar is not a bundle
[[1;36mDEBUG[m] [b83b57e5-5560-4584-bba5-7cfcb11bd3f4][extension>org.eclipse.tycho:tycho-maven-plugin:4.0.10] Checking exported artifact de.pdark:decentxml
[[1;36mDEBUG[m] [b83b57e5-5560-4584-bba5-7cfcb11bd3f4][extension>org.eclipse.tycho:tycho-maven-plugin:4.0.10] File /home/endrix/.m2/repository/de/pdark/decentxml/1.4/decentxml-1.4.jar is not a bundle
[[1;36mDEBUG[m] [b83b57e5-5560-4584-bba5-7cfcb11bd3f4][extension>org.eclipse.tycho:tycho-maven-plugin:4.0.10] Skip biz.aQute.bnd:biz.aQute.repository (biz.aQute.repository) as it is not exported by the extension realm.
[[1;36mDEBUG[m] [b83b57e5-5560-4584-bba5-7cfcb11bd3f4][extension>org.eclipse.tycho:tycho-maven-plugin:4.0.10] Skip org.osgi:org.osgi.resource (org.osgi.resource) as it is not exported by the extension realm.
[[1;36mDEBUG[m] [b83b57e5-5560-4584-bba5-7cfcb11bd3f4][extension>org.eclipse.tycho:tycho-maven-plugin:4.0.10] Skip org.eclipse.tycho:tycho-spi as it is not exported by the extension realm.
[[1;36mDEBUG[m] [b83b57e5-5560-4584-bba5-7cfcb11bd3f4][extension>org.eclipse.tycho:tycho-maven-plugin:4.0.10] Skip org.eclipse.tycho:p2-maven-plugin as it is not exported by the extension realm.
[[1;36mDEBUG[m] [b83b57e5-5560-4584-bba5-7cfcb11bd3f4][extension>org.eclipse.tycho:tycho-maven-plugin:4.0.10] Discovered bundle org.eclipse.equinox.p2.core (2.12.100.v20240702-1335) @ /home/endrix/.m2/repository/org/eclipse/platform/org.eclipse.equinox.p2.core/2.12.100/org.eclipse.equinox.p2.core-2.12.100.jar
[[1;36mDEBUG[m] [b83b57e5-5560-4584-bba5-7cfcb11bd3f4][extension>org.eclipse.tycho:tycho-maven-plugin:4.0.10] Discovered bundle org.eclipse.equinox.p2.publisher (1.9.200.v20240429-0755) @ /home/endrix/.m2/repository/org/eclipse/platform/org.eclipse.equinox.p2.publisher/1.9.200/org.eclipse.equinox.p2.publisher-1.9.200.jar
[[1;36mDEBUG[m] [b83b57e5-5560-4584-bba5-7cfcb11bd3f4][extension>org.eclipse.tycho:tycho-maven-plugin:4.0.10] Discovered bundle org.eclipse.equinox.p2.artifact.repository (1.5.400.v20240416-0654) @ /home/endrix/.m2/repository/org/eclipse/platform/org.eclipse.equinox.p2.artifact.repository/1.5.400/org.eclipse.equinox.p2.artifact.repository-1.5.400.jar
[[1;36mDEBUG[m] [b83b57e5-5560-4584-bba5-7cfcb11bd3f4][extension>org.eclipse.tycho:tycho-maven-plugin:4.0.10] Discovered bundle org.eclipse.equinox.p2.director (2.6.400.v20240321-1450) @ /home/endrix/.m2/repository/org/eclipse/platform/org.eclipse.equinox.p2.director/2.6.400/org.eclipse.equinox.p2.director-2.6.400.jar
[[1;36mDEBUG[m] [b83b57e5-5560-4584-bba5-7cfcb11bd3f4][extension>org.eclipse.tycho:tycho-maven-plugin:4.0.10] Discovered bundle org.sat4j.core (2.3.6.v20201214) @ /home/endrix/.m2/repository/org/ow2/sat4j/org.ow2.sat4j.core/2.3.6/org.ow2.sat4j.core-2.3.6.jar
[[1;36mDEBUG[m] [b83b57e5-5560-4584-bba5-7cfcb11bd3f4][extension>org.eclipse.tycho:tycho-maven-plugin:4.0.10] Discovered bundle org.sat4j.pb (2.3.6.v20201214) @ /home/endrix/.m2/repository/org/ow2/sat4j/org.ow2.sat4j.pb/2.3.6/org.ow2.sat4j.pb-2.3.6.jar
[[1;36mDEBUG[m] [b83b57e5-5560-4584-bba5-7cfcb11bd3f4][extension>org.eclipse.tycho:tycho-maven-plugin:4.0.10] Discovered bundle org.eclipse.equinox.p2.engine (2.10.200.v20240425-1316) @ /home/endrix/.m2/repository/org/eclipse/platform/org.eclipse.equinox.p2.engine/2.10.200/org.eclipse.equinox.p2.engine-2.10.200.jar
[[1;36mDEBUG[m] [b83b57e5-5560-4584-bba5-7cfcb11bd3f4][extension>org.eclipse.tycho:tycho-maven-plugin:4.0.10] Discovered bundle org.osgi.service.prefs (1.1.2.202109301733) @ /home/endrix/.m2/repository/org/osgi/org.osgi.service.prefs/1.1.2/org.osgi.service.prefs-1.1.2.jar
[[1;36mDEBUG[m] [b83b57e5-5560-4584-bba5-7cfcb11bd3f4][extension>org.eclipse.tycho:tycho-maven-plugin:4.0.10] Discovered bundle org.eclipse.equinox.p2.metadata (2.9.100.v20240416-0654) @ /home/endrix/.m2/repository/org/eclipse/platform/org.eclipse.equinox.p2.metadata/2.9.100/org.eclipse.equinox.p2.metadata-2.9.100.jar
[[1;36mDEBUG[m] [b83b57e5-5560-4584-bba5-7cfcb11bd3f4][extension>org.eclipse.tycho:tycho-maven-plugin:4.0.10] Discovered bundle org.eclipse.equinox.p2.repository (2.9.100.v20240511-1722) @ /home/endrix/.m2/repository/org/eclipse/platform/org.eclipse.equinox.p2.repository/2.9.100/org.eclipse.equinox.p2.repository-2.9.100.jar
[[1;36mDEBUG[m] [b83b57e5-5560-4584-bba5-7cfcb11bd3f4][extension>org.eclipse.tycho:tycho-maven-plugin:4.0.10] Discovered bundle org.eclipse.equinox.security (1.4.300.v20240419-2334) @ /home/endrix/.m2/repository/org/eclipse/platform/org.eclipse.equinox.security/1.4.300/org.eclipse.equinox.security-1.4.300.jar
[[1;36mDEBUG[m] [b83b57e5-5560-4584-bba5-7cfcb11bd3f4][extension>org.eclipse.tycho:tycho-maven-plugin:4.0.10] Discovered bundle org.eclipse.osgi.compatibility.state (1.2.1000.v20240213-1057) @ /home/endrix/.m2/repository/org/eclipse/platform/org.eclipse.osgi.compatibility.state/1.2.1000/org.eclipse.osgi.compatibility.state-1.2.1000.jar
[[1;36mDEBUG[m] [b83b57e5-5560-4584-bba5-7cfcb11bd3f4][extension>org.eclipse.tycho:tycho-maven-plugin:4.0.10] Discovered bundle org.eclipse.equinox.p2.publisher.eclipse (1.6.200.v20240812-2151) @ /home/endrix/.m2/repository/org/eclipse/platform/org.eclipse.equinox.p2.publisher.eclipse/1.6.200/org.eclipse.equinox.p2.publisher.eclipse-1.6.200.jar
[[1;36mDEBUG[m] [b83b57e5-5560-4584-bba5-7cfcb11bd3f4][extension>org.eclipse.tycho:tycho-maven-plugin:4.0.10] Discovered bundle org.eclipse.equinox.frameworkadmin (2.3.200.v20240321-1450) @ /home/endrix/.m2/repository/org/eclipse/platform/org.eclipse.equinox.frameworkadmin/2.3.200/org.eclipse.equinox.frameworkadmin-2.3.200.jar
[[1;36mDEBUG[m] [b83b57e5-5560-4584-bba5-7cfcb11bd3f4][extension>org.eclipse.tycho:tycho-maven-plugin:4.0.10] Discovered bundle org.eclipse.equinox.preferences (3.11.100.v20240327-0645) @ /home/endrix/.m2/repository/org/eclipse/platform/org.eclipse.equinox.preferences/3.11.100/org.eclipse.equinox.preferences-3.11.100.jar
[[1;36mDEBUG[m] [b83b57e5-5560-4584-bba5-7cfcb11bd3f4][extension>org.eclipse.tycho:tycho-maven-plugin:4.0.10] Discovered bundle org.eclipse.equinox.p2.metadata.repository (1.5.400.v20240515-1919) @ /home/endrix/.m2/repository/org/eclipse/platform/org.eclipse.equinox.p2.metadata.repository/1.5.400/org.eclipse.equinox.p2.metadata.repository-1.5.400.jar
[[1;36mDEBUG[m] [b83b57e5-5560-4584-bba5-7cfcb11bd3f4][extension>org.eclipse.tycho:tycho-maven-plugin:4.0.10] Discovered bundle org.eclipse.equinox.p2.updatesite (1.3.400.v20240321-1450) @ /home/endrix/.m2/repository/org/eclipse/platform/org.eclipse.equinox.p2.updatesite/1.3.400/org.eclipse.equinox.p2.updatesite-1.3.400.jar
[[1;36mDEBUG[m] [b83b57e5-5560-4584-bba5-7cfcb11bd3f4][extension>org.eclipse.tycho:tycho-maven-plugin:4.0.10] Skip org.eclipse.tycho:sisu-osgi-connect as it is not exported by the extension realm.
[[1;36mDEBUG[m] [b83b57e5-5560-4584-bba5-7cfcb11bd3f4][extension>org.eclipse.tycho:tycho-maven-plugin:4.0.10] Discovered bundle org.eclipse.equinox.p2.jarprocessor (1.3.400.v20240321-1450) @ /home/endrix/.m2/repository/org/eclipse/platform/org.eclipse.equinox.p2.jarprocessor/1.3.400/org.eclipse.equinox.p2.jarprocessor-1.3.400.jar
[[1;36mDEBUG[m] [b83b57e5-5560-4584-bba5-7cfcb11bd3f4][extension>org.eclipse.tycho:tycho-maven-plugin:4.0.10] Discovered bundle org.eclipse.equinox.p2.touchpoint.natives (1.5.300.v20240423-0755) @ /home/endrix/.m2/repository/org/eclipse/platform/org.eclipse.equinox.p2.touchpoint.natives/1.5.300/org.eclipse.equinox.p2.touchpoint.natives-1.5.300.jar
[[1;36mDEBUG[m] [b83b57e5-5560-4584-bba5-7cfcb11bd3f4][extension>org.eclipse.tycho:tycho-maven-plugin:4.0.10] Discovered bundle org.eclipse.equinox.p2.touchpoint.eclipse (2.4.300.v20240511-1722) @ /home/endrix/.m2/repository/org/eclipse/platform/org.eclipse.equinox.p2.touchpoint.eclipse/2.4.300/org.eclipse.equinox.p2.touchpoint.eclipse-2.4.300.jar
[[1;36mDEBUG[m] [b83b57e5-5560-4584-bba5-7cfcb11bd3f4][extension>org.eclipse.tycho:tycho-maven-plugin:4.0.10] Discovered bundle org.eclipse.equinox.p2.garbagecollector (1.3.300.v20240321-1450) @ /home/endrix/.m2/repository/org/eclipse/platform/org.eclipse.equinox.p2.garbagecollector/1.3.300/org.eclipse.equinox.p2.garbagecollector-1.3.300.jar
[[1;36mDEBUG[m] [b83b57e5-5560-4584-bba5-7cfcb11bd3f4][extension>org.eclipse.tycho:tycho-maven-plugin:4.0.10] Discovered bundle org.eclipse.equinox.p2.director.app (1.3.400.v20240425-1316) @ /home/endrix/.m2/repository/org/eclipse/platform/org.eclipse.equinox.p2.director.app/1.3.400/org.eclipse.equinox.p2.director.app-1.3.400.jar
[[1;36mDEBUG[m] [b83b57e5-5560-4584-bba5-7cfcb11bd3f4][extension>org.eclipse.tycho:tycho-maven-plugin:4.0.10] Discovered bundle org.eclipse.equinox.p2.repository.tools (2.4.400.v20240416-0654) @ /home/endrix/.m2/repository/org/eclipse/platform/org.eclipse.equinox.p2.repository.tools/2.4.400/org.eclipse.equinox.p2.repository.tools-2.4.400.jar
[[1;36mDEBUG[m] [b83b57e5-5560-4584-bba5-7cfcb11bd3f4][extension>org.eclipse.tycho:tycho-maven-plugin:4.0.10] Discovered bundle org.eclipse.equinox.concurrent (1.3.100.v20240514-0729) @ /home/endrix/.m2/repository/org/eclipse/platform/org.eclipse.equinox.concurrent/1.3.100/org.eclipse.equinox.concurrent-1.3.100.jar
[[1;36mDEBUG[m] [b83b57e5-5560-4584-bba5-7cfcb11bd3f4][extension>org.eclipse.tycho:tycho-maven-plugin:4.0.10] Discovered bundle org.eclipse.equinox.simpleconfigurator (1.5.300.v20240424-1301) @ /home/endrix/.m2/repository/org/eclipse/platform/org.eclipse.equinox.simpleconfigurator/1.5.300/org.eclipse.equinox.simpleconfigurator-1.5.300.jar
[[1;36mDEBUG[m] [b83b57e5-5560-4584-bba5-7cfcb11bd3f4][extension>org.eclipse.tycho:tycho-maven-plugin:4.0.10] Discovered bundle org.eclipse.equinox.app (1.7.200.v20240722-2103) @ /home/endrix/.m2/repository/org/eclipse/platform/org.eclipse.equinox.app/1.7.200/org.eclipse.equinox.app-1.7.200.jar
[[1;36mDEBUG[m] [b83b57e5-5560-4584-bba5-7cfcb11bd3f4][extension>org.eclipse.tycho:tycho-maven-plugin:4.0.10] Discovered bundle org.eclipse.equinox.frameworkadmin.equinox (1.3.200.v20240321-1450) @ /home/endrix/.m2/repository/org/eclipse/platform/org.eclipse.equinox.frameworkadmin.equinox/1.3.200/org.eclipse.equinox.frameworkadmin.equinox-1.3.200.jar
[[1;36mDEBUG[m] [b83b57e5-5560-4584-bba5-7cfcb11bd3f4][extension>org.eclipse.tycho:tycho-maven-plugin:4.0.10] Discovered bundle org.eclipse.equinox.simpleconfigurator.manipulator (2.3.300.v20240702-1335) @ /home/endrix/.m2/repository/org/eclipse/platform/org.eclipse.equinox.simpleconfigurator.manipulator/2.3.300/org.eclipse.equinox.simpleconfigurator.manipulator-2.3.300.jar
[[1;36mDEBUG[m] [b83b57e5-5560-4584-bba5-7cfcb11bd3f4][extension>org.eclipse.tycho:tycho-maven-plugin:4.0.10] Discovered bundle org.apache.felix.scr (2.2.12) @ /home/endrix/.m2/repository/org/apache/felix/org.apache.felix.scr/2.2.12/org.apache.felix.scr-2.2.12.jar
[[1;36mDEBUG[m] [b83b57e5-5560-4584-bba5-7cfcb11bd3f4][extension>org.eclipse.tycho:tycho-maven-plugin:4.0.10] Skip org.codehaus.mojo:animal-sniffer-annotations as it is not exported by the extension realm.
[[1;36mDEBUG[m] [b83b57e5-5560-4584-bba5-7cfcb11bd3f4][extension>org.eclipse.tycho:tycho-maven-plugin:4.0.10] Discovered bundle org.osgi.service.component (1.5.1.202212101352) @ /home/endrix/.m2/repository/org/osgi/org.osgi.service.component/1.5.1/org.osgi.service.component-1.5.1.jar
[[1;36mDEBUG[m] [b83b57e5-5560-4584-bba5-7cfcb11bd3f4][extension>org.eclipse.tycho:tycho-maven-plugin:4.0.10] Discovered bundle org.osgi.namespace.extender (1.0.1.201505202024) @ /home/endrix/.m2/repository/org/osgi/org.osgi.namespace.extender/1.0.1/org.osgi.namespace.extender-1.0.1.jar
[[1;36mDEBUG[m] [b83b57e5-5560-4584-bba5-7cfcb11bd3f4][extension>org.eclipse.tycho:tycho-maven-plugin:4.0.10] Discovered bundle bcpg (1.78.1) @ /home/endrix/.m2/repository/org/bouncycastle/bcpg-jdk18on/1.78.1/bcpg-jdk18on-1.78.1.jar
[[1;36mDEBUG[m] [b83b57e5-5560-4584-bba5-7cfcb11bd3f4][extension>org.eclipse.tycho:tycho-maven-plugin:4.0.10] Discovered bundle bcprov (1.78.1) @ /home/endrix/.m2/repository/org/bouncycastle/bcprov-jdk18on/1.78.1/bcprov-jdk18on-1.78.1.jar
[[1;36mDEBUG[m] [b83b57e5-5560-4584-bba5-7cfcb11bd3f4][extension>org.eclipse.tycho:tycho-maven-plugin:4.0.10] Discovered bundle bcutil (1.78.1) @ /home/endrix/.m2/repository/org/bouncycastle/bcutil-jdk18on/1.78.1/bcutil-jdk18on-1.78.1.jar
[[1;36mDEBUG[m] [b83b57e5-5560-4584-bba5-7cfcb11bd3f4][extension>org.eclipse.tycho:tycho-maven-plugin:4.0.10] Skip commons-net:commons-net (org.apache.commons.commons-net) as it is not exported by the extension realm.
[[1;36mDEBUG[m] [b83b57e5-5560-4584-bba5-7cfcb11bd3f4][extension>org.eclipse.tycho:tycho-maven-plugin:4.0.10] Skip org.eclipse.tycho:tycho-targetplatform as it is not exported by the extension realm.
[[1;36mDEBUG[m] [b83b57e5-5560-4584-bba5-7cfcb11bd3f4][extension>org.eclipse.tycho:tycho-maven-plugin:4.0.10] Discovered bundle org.eclipse.tycho.p2 (4.0.10) @ /home/endrix/.m2/repository/org/eclipse/tycho/tycho-p2/4.0.10/tycho-p2-4.0.10.jar
[[1;36mDEBUG[m] [b83b57e5-5560-4584-bba5-7cfcb11bd3f4][extension>org.eclipse.tycho:tycho-maven-plugin:4.0.10] Skip org.eclipse.core.runtime-3.31.100.jar (org.eclipse.core.runtime) as it is not exported by the extension realm.
[[1;36mDEBUG[m] [b83b57e5-5560-4584-bba5-7cfcb11bd3f4][extension>org.eclipse.tycho:tycho-maven-plugin:4.0.10] Discovered bundle org.eclipse.equinox.common (3.19.100.v20240524-2011) @ /home/endrix/.m2/repository/org/eclipse/platform/org.eclipse.equinox.common/3.19.100/org.eclipse.equinox.common-3.19.100.jar
[[1;36mDEBUG[m] [b83b57e5-5560-4584-bba5-7cfcb11bd3f4][extension>org.eclipse.tycho:tycho-maven-plugin:4.0.10] Discovered bundle org.eclipse.core.jobs (3.15.300.v20240418-0734) @ /home/endrix/.m2/repository/org/eclipse/platform/org.eclipse.core.jobs/3.15.300/org.eclipse.core.jobs-3.15.300.jar
[[1;36mDEBUG[m] [b83b57e5-5560-4584-bba5-7cfcb11bd3f4][extension>org.eclipse.tycho:tycho-maven-plugin:4.0.10] Discovered bundle org.eclipse.equinox.registry (3.12.100.v20240524-2011) @ /home/endrix/.m2/repository/org/eclipse/platform/org.eclipse.equinox.registry/3.12.100/org.eclipse.equinox.registry-3.12.100.jar
[[1;36mDEBUG[m] [b83b57e5-5560-4584-bba5-7cfcb11bd3f4][extension>org.eclipse.tycho:tycho-maven-plugin:4.0.10] Skip org.eclipse.core.contenttype-3.9.400.jar (org.eclipse.core.contenttype) as it is not exported by the extension realm.
[[1;36mDEBUG[m] [b83b57e5-5560-4584-bba5-7cfcb11bd3f4][extension>org.eclipse.tycho:tycho-maven-plugin:4.0.10] Skip biz.aQute.bnd:biz.aQute.bndlib (biz.aQute.bndlib) as it is not exported by the extension realm.
[[1;36mDEBUG[m] [b83b57e5-5560-4584-bba5-7cfcb11bd3f4][extension>org.eclipse.tycho:tycho-maven-plugin:4.0.10] Skip biz.aQute.bnd:biz.aQute.bnd.util (biz.aQute.bnd.util) as it is not exported by the extension realm.
[[1;36mDEBUG[m] [b83b57e5-5560-4584-bba5-7cfcb11bd3f4][extension>org.eclipse.tycho:tycho-maven-plugin:4.0.10] Skip org.osgi.service.repository-1.1.0.jar (org.osgi.service.repository) as it is not exported by the extension realm.
[[1;36mDEBUG[m] [b83b57e5-5560-4584-bba5-7cfcb11bd3f4][extension>org.eclipse.tycho:tycho-maven-plugin:4.0.10] Discovered bundle org.osgi.util.function (1.2.0.202109301733) @ /home/endrix/.m2/repository/org/osgi/org.osgi.util.function/1.2.0/org.osgi.util.function-1.2.0.jar
[[1;36mDEBUG[m] [b83b57e5-5560-4584-bba5-7cfcb11bd3f4][extension>org.eclipse.tycho:tycho-maven-plugin:4.0.10] Skip org.osgi:osgi.annotation (osgi.annotation) as it is not exported by the extension realm.
[[1;36mDEBUG[m] [b83b57e5-5560-4584-bba5-7cfcb11bd3f4][extension>org.eclipse.tycho:tycho-maven-plugin:4.0.10] Discovered bundle org.osgi.util.promise (1.3.0.202212101352) @ /home/endrix/.m2/repository/org/osgi/org.osgi.util.promise/1.3.0/org.osgi.util.promise-1.3.0.jar
[[1;36mDEBUG[m] [b83b57e5-5560-4584-bba5-7cfcb11bd3f4][extension>org.eclipse.tycho:tycho-maven-plugin:4.0.10] Skip commons-io:commons-io (org.apache.commons.commons-io) as it is not exported by the extension realm.
[[1;36mDEBUG[m] [b83b57e5-5560-4584-bba5-7cfcb11bd3f4][extension>org.eclipse.tycho:tycho-maven-plugin:4.0.10] Skip commons-codec:commons-codec (org.apache.commons.commons-codec) as it is not exported by the extension realm.
[[1;36mDEBUG[m] [b83b57e5-5560-4584-bba5-7cfcb11bd3f4][extension>org.eclipse.tycho:tycho-maven-plugin:4.0.10] Skip org.eclipse.jdt.core-3.38.0.jar (org.eclipse.jdt.core) as it is not exported by the extension realm.
[[1;36mDEBUG[m] [b83b57e5-5560-4584-bba5-7cfcb11bd3f4][extension>org.eclipse.tycho:tycho-maven-plugin:4.0.10] Skip org.eclipse.core.resources-3.20.200.jar (org.eclipse.core.resources) as it is not exported by the extension realm.
[[1;36mDEBUG[m] [b83b57e5-5560-4584-bba5-7cfcb11bd3f4][extension>org.eclipse.tycho:tycho-maven-plugin:4.0.10] Skip org.eclipse.core.expressions-3.9.400.jar (org.eclipse.core.expressions) as it is not exported by the extension realm.
[[1;36mDEBUG[m] [b83b57e5-5560-4584-bba5-7cfcb11bd3f4][extension>org.eclipse.tycho:tycho-maven-plugin:4.0.10] Skip org.eclipse.core.filesystem-1.10.400.jar (org.eclipse.core.filesystem) as it is not exported by the extension realm.
[[1;36mDEBUG[m] [b83b57e5-5560-4584-bba5-7cfcb11bd3f4][extension>org.eclipse.tycho:tycho-maven-plugin:4.0.10] Skip org.eclipse.text-3.14.100.jar (org.eclipse.text) as it is not exported by the extension realm.
[[1;36mDEBUG[m] [b83b57e5-5560-4584-bba5-7cfcb11bd3f4][extension>org.eclipse.tycho:tycho-maven-plugin:4.0.10] Skip org.eclipse.core.commands-3.12.100.jar (org.eclipse.core.commands) as it is not exported by the extension realm.
[[1;36mDEBUG[m] [b83b57e5-5560-4584-bba5-7cfcb11bd3f4][extension>org.eclipse.tycho:tycho-maven-plugin:4.0.10] Skip ecj-3.38.0.jar (org.eclipse.jdt.core.compiler.batch) as it is not exported by the extension realm.
[[1;36mDEBUG[m] [b83b57e5-5560-4584-bba5-7cfcb11bd3f4][extension>org.eclipse.tycho:tycho-maven-plugin:4.0.10] Scan realm maven.api
[[1;36mDEBUG[m] [b83b57e5-5560-4584-bba5-7cfcb11bd3f4][extension>org.eclipse.tycho:tycho-maven-plugin:4.0.10] Installing sisu.connect.realm.maven.api with headers Manifest-Version: 1.0
Bundle-ManifestVersion: 2
Bundle-SymbolicName: sisu.connect.realm.maven.api
Bundle-Version: 1.0.0.417875774
Require-Bundle: sisu.connect.realm.plexus.core
[[1;36mDEBUG[m] [b83b57e5-5560-4584-bba5-7cfcb11bd3f4][extension>org.eclipse.tycho:tycho-maven-plugin:4.0.10] Scan realm plexus.core
[[1;36mDEBUG[m] [b83b57e5-5560-4584-bba5-7cfcb11bd3f4][extension>org.eclipse.tycho:tycho-maven-plugin:4.0.10] Installing sisu.connect.realm.plexus.core with headers Manifest-Version: 1.0
Bundle-ManifestVersion: 2
Bundle-SymbolicName: sisu.connect.realm.plexus.core
Bundle-Version: 1.0.0.1159190947
Export-Package: org.apache.maven.cli,org.eclipse.aether.internal.impl,org.codehaus.plexus.lifecycle,org.slf4j,org.apache.maven.lifecycle,org.apache.maven.repository,org.codehaus.plexus.personality,org.apache.maven.usability,org.codehaus.plexus.configuration,javax.annotation,org.slf4j.spi,org.apache.maven.project,org.codehaus.plexus,org.apache.maven.exception,org.eclipse.aether.spi,org.eclipse.aether.util,org.apache.maven.plugin,org.eclipse.aether.collection,org.codehaus.plexus.logging,org.apache.maven.profiles,org.eclipse.aether.transfer,org.codehaus.plexus.util.xml.pull.XmlPullParserException,org.apache.maven.execution.scope,org.fusesource.jansi,org.apache.maven.rtinfo,org.eclipse.aether.impl,org.apache.maven.monitor,org.eclipse.aether.graph,org.eclipse.aether.metadata,org.codehaus.plexus.context,javax.inject,org.apache.maven.wagon.observers,org.apache.maven.wagon.resource,org.apache.maven.model,org.codehaus.plexus.util.xml.Xpp3Dom,org.eclipse.aether.deployment,org.apache.maven.artifact,org.apache.maven.toolchain,org.eclipse.aether.resolution,org.apache.maven,org.codehaus.plexus.util.xml.pull.XmlSerializer,org.eclipse.aether,org.slf4j.event,org.apache.maven.settings,org.slf4j.helpers,org.apache.maven.wagon.authorization,org.apache.maven.wagon.events,org.apache.maven.wagon.authentication,org.apache.maven.reporting,org.eclipse.aether.repository,org.apache.maven.wagon.repository,org.apache.maven.configuration,org.codehaus.plexus.classworlds,org.codehaus.classworlds,org.codehaus.plexus.util.xml.pull.XmlPullParser,org.apache.maven.classrealm,org.eclipse.aether.artifact,org.apache.maven.execution,javax.annotation.security,org.apache.maven.graph,org.apache.maven.wagon.proxy,org.codehaus.plexus.container,org.eclipse.aether.version,org.eclipse.aether.installation,org.apache.maven.wagon,org.codehaus.plexus.component
[[1;36mDEBUG[m] [b83b57e5-5560-4584-bba5-7cfcb11bd3f4][extension>org.eclipse.tycho:tycho-maven-plugin:4.0.10] Cannot convert URL file:/usr/share/maven/conf/logging/ to File
[[1;36mDEBUG[m] [b83b57e5-5560-4584-bba5-7cfcb11bd3f4][extension>org.eclipse.tycho:tycho-maven-plugin:4.0.10] Checking exported artifact org.apache.maven:maven-settings-builder
[[1;36mDEBUG[m] [b83b57e5-5560-4584-bba5-7cfcb11bd3f4][extension>org.eclipse.tycho:tycho-maven-plugin:4.0.10] File /usr/share/maven/lib/maven-settings-builder-3.x.jar is not a bundle
[[1;36mDEBUG[m] [b83b57e5-5560-4584-bba5-7cfcb11bd3f4][extension>org.eclipse.tycho:tycho-maven-plugin:4.0.10] Skip org.apache.maven:maven-builder-support as it is not exported by the extension realm.
[[1;36mDEBUG[m] [b83b57e5-5560-4584-bba5-7cfcb11bd3f4][extension>org.eclipse.tycho:tycho-maven-plugin:4.0.10] Skip org.apache.maven.wagon:wagon-file as it is not exported by the extension realm.
[[1;36mDEBUG[m] [b83b57e5-5560-4584-bba5-7cfcb11bd3f4][extension>org.eclipse.tycho:tycho-maven-plugin:4.0.10] Checking exported artifact org.apache.maven:maven-repository-metadata
[[1;36mDEBUG[m] [b83b57e5-5560-4584-bba5-7cfcb11bd3f4][extension>org.eclipse.tycho:tycho-maven-plugin:4.0.10] File /usr/share/maven/lib/maven-repository-metadata-3.x.jar is not a bundle
[[1;36mDEBUG[m] [b83b57e5-5560-4584-bba5-7cfcb11bd3f4][extension>org.eclipse.tycho:tycho-maven-plugin:4.0.10] Skip org.apache.httpcomponents:httpcore (org.apache.httpcomponents.httpcore) as it is not exported by the extension realm.
[[1;36mDEBUG[m] [b83b57e5-5560-4584-bba5-7cfcb11bd3f4][extension>org.eclipse.tycho:tycho-maven-plugin:4.0.10] Checking exported artifact org.apache.maven.wagon:wagon-provider-api
[[1;36mDEBUG[m] [b83b57e5-5560-4584-bba5-7cfcb11bd3f4][extension>org.eclipse.tycho:tycho-maven-plugin:4.0.10] File /usr/share/maven/lib/wagon-provider-api.jar is not a bundle
[[1;36mDEBUG[m] [b83b57e5-5560-4584-bba5-7cfcb11bd3f4][extension>org.eclipse.tycho:tycho-maven-plugin:4.0.10] Checking exported artifact org.apache.maven:maven-core
[[1;36mDEBUG[m] [b83b57e5-5560-4584-bba5-7cfcb11bd3f4][extension>org.eclipse.tycho:tycho-maven-plugin:4.0.10] File /usr/share/maven/lib/maven-core-3.x.jar is not a bundle
[[1;36mDEBUG[m] [b83b57e5-5560-4584-bba5-7cfcb11bd3f4][extension>org.eclipse.tycho:tycho-maven-plugin:4.0.10] Cannot convert URL file:/usr/share/maven/lib/maven-resolver-transport-http.jar to File
[[1;36mDEBUG[m] [b83b57e5-5560-4584-bba5-7cfcb11bd3f4][extension>org.eclipse.tycho:tycho-maven-plugin:4.0.10] Skip org.codehaus.plexus:plexus-cipher as it is not exported by the extension realm.
[[1;36mDEBUG[m] [b83b57e5-5560-4584-bba5-7cfcb11bd3f4][extension>org.eclipse.tycho:tycho-maven-plugin:4.0.10] Checking exported artifact org.apache.maven.resolver:maven-resolver-spi
[[1;36mDEBUG[m] [b83b57e5-5560-4584-bba5-7cfcb11bd3f4][extension>org.eclipse.tycho:tycho-maven-plugin:4.0.10] File /usr/share/maven/lib/maven-resolver-spi.jar is not a bundle
[[1;36mDEBUG[m] [b83b57e5-5560-4584-bba5-7cfcb11bd3f4][extension>org.eclipse.tycho:tycho-maven-plugin:4.0.10] Checking exported artifact org.apache.maven.resolver:maven-resolver-api
[[1;36mDEBUG[m] [b83b57e5-5560-4584-bba5-7cfcb11bd3f4][extension>org.eclipse.tycho:tycho-maven-plugin:4.0.10] File /usr/share/maven/lib/maven-resolver-api.jar is not a bundle
[[1;36mDEBUG[m] [b83b57e5-5560-4584-bba5-7cfcb11bd3f4][extension>org.eclipse.tycho:tycho-maven-plugin:4.0.10] Skip org.codehaus.plexus:plexus-component-annotations as it is not exported by the extension realm.
[[1;36mDEBUG[m] [b83b57e5-5560-4584-bba5-7cfcb11bd3f4][extension>org.eclipse.tycho:tycho-maven-plugin:4.0.10] Checking exported artifact org.slf4j:slf4j-api
[[1;36mDEBUG[m] [b83b57e5-5560-4584-bba5-7cfcb11bd3f4][extension>org.eclipse.tycho:tycho-maven-plugin:4.0.10] Discovered bundle slf4j.api (1.7.32) @ /usr/share/maven/lib/slf4j-api.jar
[[1;36mDEBUG[m] [b83b57e5-5560-4584-bba5-7cfcb11bd3f4][extension>org.eclipse.tycho:tycho-maven-plugin:4.0.10] Checking exported artifact org.apache.maven.resolver:maven-resolver-impl
[[1;36mDEBUG[m] [b83b57e5-5560-4584-bba5-7cfcb11bd3f4][extension>org.eclipse.tycho:tycho-maven-plugin:4.0.10] File /usr/share/maven/lib/maven-resolver-impl.jar is not a bundle
[[1;36mDEBUG[m] [b83b57e5-5560-4584-bba5-7cfcb11bd3f4][extension>org.eclipse.tycho:tycho-maven-plugin:4.0.10] Skip guice.jar (com.google.inject) as it is not exported by the extension realm.
[[1;36mDEBUG[m] [b83b57e5-5560-4584-bba5-7cfcb11bd3f4][extension>org.eclipse.tycho:tycho-maven-plugin:4.0.10] Checking exported artifact org.apache.maven:maven-plugin-api
[[1;36mDEBUG[m] [b83b57e5-5560-4584-bba5-7cfcb11bd3f4][extension>org.eclipse.tycho:tycho-maven-plugin:4.0.10] File /usr/share/maven/lib/maven-plugin-api-3.x.jar is not a bundle
[[1;36mDEBUG[m] [b83b57e5-5560-4584-bba5-7cfcb11bd3f4][extension>org.eclipse.tycho:tycho-maven-plugin:4.0.10] Skip commons-io:commons-io (org.apache.commons.commons-io) as it is not exported by the extension realm.
[[1;36mDEBUG[m] [b83b57e5-5560-4584-bba5-7cfcb11bd3f4][extension>org.eclipse.tycho:tycho-maven-plugin:4.0.10] Skip org.codehaus.plexus:plexus-sec-dispatcher as it is not exported by the extension realm.
[[1;36mDEBUG[m] [b83b57e5-5560-4584-bba5-7cfcb11bd3f4][extension>org.eclipse.tycho:tycho-maven-plugin:4.0.10] Checking exported artifact org.apache.maven:maven-compat
[[1;36mDEBUG[m] [b83b57e5-5560-4584-bba5-7cfcb11bd3f4][extension>org.eclipse.tycho:tycho-maven-plugin:4.0.10] File /usr/share/maven/lib/maven-compat-3.x.jar is not a bundle
[[1;36mDEBUG[m] [b83b57e5-5560-4584-bba5-7cfcb11bd3f4][extension>org.eclipse.tycho:tycho-maven-plugin:4.0.10] Skip org.eclipse.sisu:org.eclipse.sisu.inject as it is not exported by the extension realm.
[[1;36mDEBUG[m] [b83b57e5-5560-4584-bba5-7cfcb11bd3f4][extension>org.eclipse.tycho:tycho-maven-plugin:4.0.10] Skip org.codehaus.plexus:plexus-interpolation (org.codehaus.plexus.interpolation) as it is not exported by the extension realm.
[[1;36mDEBUG[m] [b83b57e5-5560-4584-bba5-7cfcb11bd3f4][extension>org.eclipse.tycho:tycho-maven-plugin:4.0.10] Skip commons-cli:commons-cli (org.apache.commons.cli) as it is not exported by the extension realm.
[[1;36mDEBUG[m] [b83b57e5-5560-4584-bba5-7cfcb11bd3f4][extension>org.eclipse.tycho:tycho-maven-plugin:4.0.10] Skip org.apache.maven:maven-embedder as it is not exported by the extension realm.
[[1;36mDEBUG[m] [b83b57e5-5560-4584-bba5-7cfcb11bd3f4][extension>org.eclipse.tycho:tycho-maven-plugin:4.0.10] Skip javax.inject.jar (javax.inject) as it is not exported by the extension realm.
[[1;36mDEBUG[m] [b83b57e5-5560-4584-bba5-7cfcb11bd3f4][extension>org.eclipse.tycho:tycho-maven-plugin:4.0.10] Skip org.apache.maven.resolver:maven-resolver-transport-file as it is not exported by the extension realm.
[[1;36mDEBUG[m] [b83b57e5-5560-4584-bba5-7cfcb11bd3f4][extension>org.eclipse.tycho:tycho-maven-plugin:4.0.10] Checking exported artifact org.apache.maven:maven-settings
[[1;36mDEBUG[m] [b83b57e5-5560-4584-bba5-7cfcb11bd3f4][extension>org.eclipse.tycho:tycho-maven-plugin:4.0.10] File /usr/share/maven/lib/maven-settings-3.x.jar is not a bundle
[[1;36mDEBUG[m] [b83b57e5-5560-4584-bba5-7cfcb11bd3f4][extension>org.eclipse.tycho:tycho-maven-plugin:4.0.10] Checking exported artifact org.apache.maven:maven-model
[[1;36mDEBUG[m] [b83b57e5-5560-4584-bba5-7cfcb11bd3f4][extension>org.eclipse.tycho:tycho-maven-plugin:4.0.10] File /usr/share/maven/lib/maven-model-3.x.jar is not a bundle
[[1;36mDEBUG[m] [b83b57e5-5560-4584-bba5-7cfcb11bd3f4][extension>org.eclipse.tycho:tycho-maven-plugin:4.0.10] Skip com.google.guava:guava (com.google.guava) as it is not exported by the extension realm.
[[1;36mDEBUG[m] [b83b57e5-5560-4584-bba5-7cfcb11bd3f4][extension>org.eclipse.tycho:tycho-maven-plugin:4.0.10] Skip org.apache.maven.wagon:wagon-http as it is not exported by the extension realm.
[[1;36mDEBUG[m] [b83b57e5-5560-4584-bba5-7cfcb11bd3f4][extension>org.eclipse.tycho:tycho-maven-plugin:4.0.10] Skip org.apache.maven.resolver:maven-resolver-named-locks as it is not exported by the extension realm.
[[1;36mDEBUG[m] [b83b57e5-5560-4584-bba5-7cfcb11bd3f4][extension>org.eclipse.tycho:tycho-maven-plugin:4.0.10] Skip org.codehaus.plexus:plexus-utils as it is not exported by the extension realm.
[[1;36mDEBUG[m] [b83b57e5-5560-4584-bba5-7cfcb11bd3f4][extension>org.eclipse.tycho:tycho-maven-plugin:4.0.10] Skip org.slf4j:jcl-over-slf4j (jcl.over.slf4j) as it is not exported by the extension realm.
[[1;36mDEBUG[m] [b83b57e5-5560-4584-bba5-7cfcb11bd3f4][extension>org.eclipse.tycho:tycho-maven-plugin:4.0.10] Cannot convert URL file:/usr/share/maven/lib/plexus-xml.jar to File
[[1;36mDEBUG[m] [b83b57e5-5560-4584-bba5-7cfcb11bd3f4][extension>org.eclipse.tycho:tycho-maven-plugin:4.0.10] Skip org.apache.httpcomponents:httpclient (org.apache.httpcomponents.httpclient) as it is not exported by the extension realm.
[[1;36mDEBUG[m] [b83b57e5-5560-4584-bba5-7cfcb11bd3f4][extension>org.eclipse.tycho:tycho-maven-plugin:4.0.10] Skip org.apache.maven.wagon:wagon-http-shared as it is not exported by the extension realm.
[[1;36mDEBUG[m] [b83b57e5-5560-4584-bba5-7cfcb11bd3f4][extension>org.eclipse.tycho:tycho-maven-plugin:4.0.10] Checking exported artifact org.apache.maven.resolver:maven-resolver-connector-basic
[[1;36mDEBUG[m] [b83b57e5-5560-4584-bba5-7cfcb11bd3f4][extension>org.eclipse.tycho:tycho-maven-plugin:4.0.10] File /usr/share/maven/lib/maven-resolver-connector-basic.jar is not a bundle
[[1;36mDEBUG[m] [b83b57e5-5560-4584-bba5-7cfcb11bd3f4][extension>org.eclipse.tycho:tycho-maven-plugin:4.0.10] Checking exported artifact org.apache.maven:maven-resolver-provider
[[1;36mDEBUG[m] [b83b57e5-5560-4584-bba5-7cfcb11bd3f4][extension>org.eclipse.tycho:tycho-maven-plugin:4.0.10] File /usr/share/maven/lib/maven-resolver-provider-3.x.jar is not a bundle
[[1;36mDEBUG[m] [b83b57e5-5560-4584-bba5-7cfcb11bd3f4][extension>org.eclipse.tycho:tycho-maven-plugin:4.0.10] Skip javax.enterprise:cdi-api (javax.enterprise.cdi-api) as it is not exported by the extension realm.
[[1;36mDEBUG[m] [b83b57e5-5560-4584-bba5-7cfcb11bd3f4][extension>org.eclipse.tycho:tycho-maven-plugin:4.0.10] Checking exported artifact org.apache.maven:maven-model-builder
[[1;36mDEBUG[m] [b83b57e5-5560-4584-bba5-7cfcb11bd3f4][extension>org.eclipse.tycho:tycho-maven-plugin:4.0.10] File /usr/share/maven/lib/maven-model-builder-3.x.jar is not a bundle
[[1;36mDEBUG[m] [b83b57e5-5560-4584-bba5-7cfcb11bd3f4][extension>org.eclipse.tycho:tycho-maven-plugin:4.0.10] Checking exported artifact org.apache.maven:maven-artifact
[[1;36mDEBUG[m] [b83b57e5-5560-4584-bba5-7cfcb11bd3f4][extension>org.eclipse.tycho:tycho-maven-plugin:4.0.10] File /usr/share/maven/lib/maven-artifact-3.x.jar is not a bundle
[[1;36mDEBUG[m] [b83b57e5-5560-4584-bba5-7cfcb11bd3f4][extension>org.eclipse.tycho:tycho-maven-plugin:4.0.10] Skip org.apache.commons:commons-lang3 (org.apache.commons.lang3) as it is not exported by the extension realm.
[[1;36mDEBUG[m] [b83b57e5-5560-4584-bba5-7cfcb11bd3f4][extension>org.eclipse.tycho:tycho-maven-plugin:4.0.10] Checking exported artifact org.fusesource.jansi:jansi
[[1;36mDEBUG[m] [b83b57e5-5560-4584-bba5-7cfcb11bd3f4][extension>org.eclipse.tycho:tycho-maven-plugin:4.0.10] Discovered bundle org.fusesource.jansi (2.4.1) @ /usr/share/maven/lib/jansi.jar
[[1;36mDEBUG[m] [b83b57e5-5560-4584-bba5-7cfcb11bd3f4][extension>org.eclipse.tycho:tycho-maven-plugin:4.0.10] Skip aopalliance.jar as it is not exported by the extension realm.
[[1;36mDEBUG[m] [b83b57e5-5560-4584-bba5-7cfcb11bd3f4][extension>org.eclipse.tycho:tycho-maven-plugin:4.0.10] Skip org.apache.geronimo.specs:geronimo-annotation_1.3_spec (org.apache.geronimo.specs.geronimo-annotation_1.3_spec) as it is not exported by the extension realm.
[[1;36mDEBUG[m] [b83b57e5-5560-4584-bba5-7cfcb11bd3f4][extension>org.eclipse.tycho:tycho-maven-plugin:4.0.10] Checking exported artifact org.apache.maven.resolver:maven-resolver-util
[[1;36mDEBUG[m] [b83b57e5-5560-4584-bba5-7cfcb11bd3f4][extension>org.eclipse.tycho:tycho-maven-plugin:4.0.10] File /usr/share/maven/lib/maven-resolver-util.jar is not a bundle
[[1;36mDEBUG[m] [b83b57e5-5560-4584-bba5-7cfcb11bd3f4][extension>org.eclipse.tycho:tycho-maven-plugin:4.0.10] Skip org.apache.maven.resolver:maven-resolver-transport-wagon as it is not exported by the extension realm.
[[1;36mDEBUG[m] [b83b57e5-5560-4584-bba5-7cfcb11bd3f4][extension>org.eclipse.tycho:tycho-maven-plugin:4.0.10] Checking exported artifact org.eclipse.sisu:org.eclipse.sisu.plexus
[[1;36mDEBUG[m] [b83b57e5-5560-4584-bba5-7cfcb11bd3f4][extension>org.eclipse.tycho:tycho-maven-plugin:4.0.10] File /usr/share/maven/lib/sisu-plexus.jar is not a bundle
[[1;36mDEBUG[m] [b83b57e5-5560-4584-bba5-7cfcb11bd3f4][extension>org.eclipse.tycho:tycho-maven-plugin:4.0.10] Skip org.apache.maven:maven-slf4j-provider as it is not exported by the extension realm.
[[1;36mDEBUG[m] [b83b57e5-5560-4584-bba5-7cfcb11bd3f4][extension>org.eclipse.tycho:tycho-maven-plugin:4.0.10] Skip org.apache.maven.shared:maven-shared-utils as it is not exported by the extension realm.
[[1;36mDEBUG[m] [b83b57e5-5560-4584-bba5-7cfcb11bd3f4][extension>org.eclipse.tycho:tycho-maven-plugin:4.0.10] Searching bundle for class class org.eclipse.core.internal.runtime.Activator and location file:/home/endrix/.m2/repository/org/eclipse/platform/org.eclipse.equinox.common/3.19.100/org.eclipse.equinox.common-3.19.100.jar
[[1;36mDEBUG[m] [b83b57e5-5560-4584-bba5-7cfcb11bd3f4][extension>org.eclipse.tycho:tycho-maven-plugin:4.0.10] Return bundle org.eclipse.equinox.common for location file:/home/endrix/.m2/repository/org/eclipse/platform/org.eclipse.equinox.common/3.19.100/org.eclipse.equinox.common-3.19.100.jar
[[1;36mDEBUG[m] [b83b57e5-5560-4584-bba5-7cfcb11bd3f4][extension>org.eclipse.tycho:tycho-maven-plugin:4.0.10] Searching bundle for class class org.eclipse.core.internal.runtime.Activator and location file:/home/endrix/.m2/repository/org/eclipse/platform/org.eclipse.equinox.common/3.19.100/org.eclipse.equinox.common-3.19.100.jar
[[1;36mDEBUG[m] [b83b57e5-5560-4584-bba5-7cfcb11bd3f4][extension>org.eclipse.tycho:tycho-maven-plugin:4.0.10] Return bundle org.eclipse.equinox.common for location file:/home/endrix/.m2/repository/org/eclipse/platform/org.eclipse.equinox.common/3.19.100/org.eclipse.equinox.common-3.19.100.jar
[[1;36mDEBUG[m] [b83b57e5-5560-4584-bba5-7cfcb11bd3f4][extension>org.eclipse.tycho:tycho-maven-plugin:4.0.10] Searching bundle for class class org.eclipse.core.internal.runtime.Activator and location file:/home/endrix/.m2/repository/org/eclipse/platform/org.eclipse.equinox.common/3.19.100/org.eclipse.equinox.common-3.19.100.jar
[[1;36mDEBUG[m] [b83b57e5-5560-4584-bba5-7cfcb11bd3f4][extension>org.eclipse.tycho:tycho-maven-plugin:4.0.10] Return bundle org.eclipse.equinox.common for location file:/home/endrix/.m2/repository/org/eclipse/platform/org.eclipse.equinox.common/3.19.100/org.eclipse.equinox.common-3.19.100.jar
[[1;36mDEBUG[m] [b83b57e5-5560-4584-bba5-7cfcb11bd3f4][extension>org.eclipse.tycho:tycho-maven-plugin:4.0.10] Searching bundle for class class org.eclipse.core.internal.runtime.Activator and location file:/home/endrix/.m2/repository/org/eclipse/platform/org.eclipse.equinox.common/3.19.100/org.eclipse.equinox.common-3.19.100.jar
[[1;36mDEBUG[m] [b83b57e5-5560-4584-bba5-7cfcb11bd3f4][extension>org.eclipse.tycho:tycho-maven-plugin:4.0.10] Return bundle org.eclipse.equinox.common for location file:/home/endrix/.m2/repository/org/eclipse/platform/org.eclipse.equinox.common/3.19.100/org.eclipse.equinox.common-3.19.100.jar
[[1;36mDEBUG[m] [b83b57e5-5560-4584-bba5-7cfcb11bd3f4][extension>org.eclipse.tycho:tycho-maven-plugin:4.0.10] Searching bundle for class class org.eclipse.core.internal.runtime.Activator and location file:/home/endrix/.m2/repository/org/eclipse/platform/org.eclipse.equinox.common/3.19.100/org.eclipse.equinox.common-3.19.100.jar
[[1;36mDEBUG[m] [b83b57e5-5560-4584-bba5-7cfcb11bd3f4][extension>org.eclipse.tycho:tycho-maven-plugin:4.0.10] Return bundle org.eclipse.equinox.common for location file:/home/endrix/.m2/repository/org/eclipse/platform/org.eclipse.equinox.common/3.19.100/org.eclipse.equinox.common-3.19.100.jar
[[1;36mDEBUG[m] [b83b57e5-5560-4584-bba5-7cfcb11bd3f4][extension>org.eclipse.tycho:tycho-maven-plugin:4.0.10] Searching bundle for class class org.eclipse.core.internal.runtime.Activator and location file:/home/endrix/.m2/repository/org/eclipse/platform/org.eclipse.equinox.common/3.19.100/org.eclipse.equinox.common-3.19.100.jar
[[1;36mDEBUG[m] [b83b57e5-5560-4584-bba5-7cfcb11bd3f4][extension>org.eclipse.tycho:tycho-maven-plugin:4.0.10] Return bundle org.eclipse.equinox.common for location file:/home/endrix/.m2/repository/org/eclipse/platform/org.eclipse.equinox.common/3.19.100/org.eclipse.equinox.common-3.19.100.jar
[[1;36mDEBUG[m] [b83b57e5-5560-4584-bba5-7cfcb11bd3f4][extension>org.eclipse.tycho:tycho-maven-plugin:4.0.10] Searching bundle for class class org.eclipse.core.internal.runtime.Activator and location file:/home/endrix/.m2/repository/org/eclipse/platform/org.eclipse.equinox.common/3.19.100/org.eclipse.equinox.common-3.19.100.jar
[[1;36mDEBUG[m] [b83b57e5-5560-4584-bba5-7cfcb11bd3f4][extension>org.eclipse.tycho:tycho-maven-plugin:4.0.10] Return bundle org.eclipse.equinox.common for location file:/home/endrix/.m2/repository/org/eclipse/platform/org.eclipse.equinox.common/3.19.100/org.eclipse.equinox.common-3.19.100.jar
[[1;36mDEBUG[m] [b83b57e5-5560-4584-bba5-7cfcb11bd3f4][extension>org.eclipse.tycho:tycho-maven-plugin:4.0.10] Calling org.eclipse.tycho.osgi.configuration.FileLockServiceConfigurator@5563a63f
[[1;36mDEBUG[m] [b83b57e5-5560-4584-bba5-7cfcb11bd3f4][extension>org.eclipse.tycho:tycho-maven-plugin:4.0.10] Calling org.eclipse.tycho.osgi.configuration.LocalRepositoryP2IndicesConfigurator@2298af09
[[1;36mDEBUG[m] [b83b57e5-5560-4584-bba5-7cfcb11bd3f4][extension>org.eclipse.tycho:tycho-maven-plugin:4.0.10] Calling org.eclipse.tycho.osgi.configuration.RepositorySettingsConfigurator@7c3c6564
[[1;36mDEBUG[m] [b83b57e5-5560-4584-bba5-7cfcb11bd3f4][extension>org.eclipse.tycho:tycho-maven-plugin:4.0.10] Calling org.eclipse.tycho.p2maven.MavenURLStreamHandlerService@388a6656
[[1;36mDEBUG[m] [b83b57e5-5560-4584-bba5-7cfcb11bd3f4][extension>org.eclipse.tycho:tycho-maven-plugin:4.0.10] Calling org.eclipse.tycho.osgi.configuration.MavenContextConfigurator@712a5de4
[[1;36mDEBUG[m] [b83b57e5-5560-4584-bba5-7cfcb11bd3f4][extension>org.eclipse.tycho:tycho-maven-plugin:4.0.10] Calling org.eclipse.tycho.p2maven.helper.P2ServicesLifecycleListener@4825aad0
[[1;36mDEBUG[m] [b83b57e5-5560-4584-bba5-7cfcb11bd3f4][extension>org.eclipse.tycho:tycho-maven-plugin:4.0.10] Calling org.eclipse.tycho.osgi.configuration.BuildPropertiesParserConfigurator@5fb4870b
[[1;34mINFO[m] [b83b57e5-5560-4584-bba5-7cfcb11bd3f4][extension>org.eclipse.tycho:tycho-maven-plugin:4.0.10] ============ Framework Bundles ==================
[[1;34mINFO[m] [b83b57e5-5560-4584-bba5-7cfcb11bd3f4][extension>org.eclipse.tycho:tycho-maven-plugin:4.0.10] RESOLVED  | bcpg (1.78.1) at /home/endrix/.m2/repository/org/bouncycastle/bcpg-jdk18on/1.78.1/bcpg-jdk18on-1.78.1.jar
[[1;34mINFO[m] [b83b57e5-5560-4584-bba5-7cfcb11bd3f4][extension>org.eclipse.tycho:tycho-maven-plugin:4.0.10] RESOLVED  | bcprov (1.78.1) at /home/endrix/.m2/repository/org/bouncycastle/bcprov-jdk18on/1.78.1/bcprov-jdk18on-1.78.1.jar
[[1;34mINFO[m] [b83b57e5-5560-4584-bba5-7cfcb11bd3f4][extension>org.eclipse.tycho:tycho-maven-plugin:4.0.10] RESOLVED  | bcutil (1.78.1) at /home/endrix/.m2/repository/org/bouncycastle/bcutil-jdk18on/1.78.1/bcutil-jdk18on-1.78.1.jar
[[1;34mINFO[m] [b83b57e5-5560-4584-bba5-7cfcb11bd3f4][extension>org.eclipse.tycho:tycho-maven-plugin:4.0.10] RESOLVED  | org.eclipse.osgi.compatibility.state (1.2.1000.v20240213-1057) at /home/endrix/.m2/repository/org/eclipse/platform/org.eclipse.osgi.compatibility.state/1.2.1000/org.eclipse.osgi.compatibility.state-1.2.1000.jar
[[1;34mINFO[m] [b83b57e5-5560-4584-bba5-7cfcb11bd3f4][extension>org.eclipse.tycho:tycho-maven-plugin:4.0.10] RESOLVED  | org.fusesource.jansi (2.4.1) at /usr/share/maven/lib/jansi.jar
[[1;34mINFO[m] [b83b57e5-5560-4584-bba5-7cfcb11bd3f4][extension>org.eclipse.tycho:tycho-maven-plugin:4.0.10] RESOLVED  | org.osgi.namespace.extender (1.0.1.201505202024) at /home/endrix/.m2/repository/org/osgi/org.osgi.namespace.extender/1.0.1/org.osgi.namespace.extender-1.0.1.jar
[[1;34mINFO[m] [b83b57e5-5560-4584-bba5-7cfcb11bd3f4][extension>org.eclipse.tycho:tycho-maven-plugin:4.0.10] RESOLVED  | org.osgi.service.component (1.5.1.202212101352) at /home/endrix/.m2/repository/org/osgi/org.osgi.service.component/1.5.1/org.osgi.service.component-1.5.1.jar
[[1;34mINFO[m] [b83b57e5-5560-4584-bba5-7cfcb11bd3f4][extension>org.eclipse.tycho:tycho-maven-plugin:4.0.10] RESOLVED  | org.osgi.service.prefs (1.1.2.202109301733) at /home/endrix/.m2/repository/org/osgi/org.osgi.service.prefs/1.1.2/org.osgi.service.prefs-1.1.2.jar
[[1;34mINFO[m] [b83b57e5-5560-4584-bba5-7cfcb11bd3f4][extension>org.eclipse.tycho:tycho-maven-plugin:4.0.10] RESOLVED  | org.osgi.util.function (1.2.0.202109301733) at /home/endrix/.m2/repository/org/osgi/org.osgi.util.function/1.2.0/org.osgi.util.function-1.2.0.jar
[[1;34mINFO[m] [b83b57e5-5560-4584-bba5-7cfcb11bd3f4][extension>org.eclipse.tycho:tycho-maven-plugin:4.0.10] RESOLVED  | org.osgi.util.promise (1.3.0.202212101352) at /home/endrix/.m2/repository/org/osgi/org.osgi.util.promise/1.3.0/org.osgi.util.promise-1.3.0.jar
[[1;34mINFO[m] [b83b57e5-5560-4584-bba5-7cfcb11bd3f4][extension>org.eclipse.tycho:tycho-maven-plugin:4.0.10] RESOLVED  | org.sat4j.core (2.3.6.v20201214) at /home/endrix/.m2/repository/org/ow2/sat4j/org.ow2.sat4j.core/2.3.6/org.ow2.sat4j.core-2.3.6.jar
[[1;34mINFO[m] [b83b57e5-5560-4584-bba5-7cfcb11bd3f4][extension>org.eclipse.tycho:tycho-maven-plugin:4.0.10] RESOLVED  | org.sat4j.pb (2.3.6.v20201214) at /home/endrix/.m2/repository/org/ow2/sat4j/org.ow2.sat4j.pb/2.3.6/org.ow2.sat4j.pb-2.3.6.jar
[[1;34mINFO[m] [b83b57e5-5560-4584-bba5-7cfcb11bd3f4][extension>org.eclipse.tycho:tycho-maven-plugin:4.0.10] RESOLVED  | org.tukaani.xz (1.9.0) at /home/endrix/.m2/repository/org/tukaani/xz/1.9/xz-1.9.jar
[[1;34mINFO[m] [b83b57e5-5560-4584-bba5-7cfcb11bd3f4][extension>org.eclipse.tycho:tycho-maven-plugin:4.0.10] RESOLVED  | sisu.connect.realm.extension.org.eclipse.tycho.tycho-maven-plugin.4.0.10 (1.0.0.368603167) at sisu.connect.realm.extension.org.eclipse.tycho.tycho-maven-plugin.4.0.10
[[1;34mINFO[m] [b83b57e5-5560-4584-bba5-7cfcb11bd3f4][extension>org.eclipse.tycho:tycho-maven-plugin:4.0.10] RESOLVED  | sisu.connect.realm.maven.api (1.0.0.417875774) at sisu.connect.realm.maven.api
[[1;34mINFO[m] [b83b57e5-5560-4584-bba5-7cfcb11bd3f4][extension>org.eclipse.tycho:tycho-maven-plugin:4.0.10] RESOLVED  | sisu.connect.realm.plexus.core (1.0.0.1159190947) at sisu.connect.realm.plexus.core
[[1;34mINFO[m] [b83b57e5-5560-4584-bba5-7cfcb11bd3f4][extension>org.eclipse.tycho:tycho-maven-plugin:4.0.10] RESOLVED  | slf4j.api (1.7.32) at /usr/share/maven/lib/slf4j-api.jar
[[1;34mINFO[m] [b83b57e5-5560-4584-bba5-7cfcb11bd3f4][extension>org.eclipse.tycho:tycho-maven-plugin:4.0.10] STARTING  | org.eclipse.core.jobs (3.15.300.v20240418-0734) at /home/endrix/.m2/repository/org/eclipse/platform/org.eclipse.core.jobs/3.15.300/org.eclipse.core.jobs-3.15.300.jar
[[1;34mINFO[m] [b83b57e5-5560-4584-bba5-7cfcb11bd3f4][extension>org.eclipse.tycho:tycho-maven-plugin:4.0.10] STARTING  | org.eclipse.equinox.app (1.7.200.v20240722-2103) at /home/endrix/.m2/repository/org/eclipse/platform/org.eclipse.equinox.app/1.7.200/org.eclipse.equinox.app-1.7.200.jar
[[1;34mINFO[m] [b83b57e5-5560-4584-bba5-7cfcb11bd3f4][extension>org.eclipse.tycho:tycho-maven-plugin:4.0.10] STARTING  | org.eclipse.equinox.concurrent (1.3.100.v20240514-0729) at /home/endrix/.m2/repository/org/eclipse/platform/org.eclipse.equinox.concurrent/1.3.100/org.eclipse.equinox.concurrent-1.3.100.jar
[[1;34mINFO[m] [b83b57e5-5560-4584-bba5-7cfcb11bd3f4][extension>org.eclipse.tycho:tycho-maven-plugin:4.0.10] STARTING  | org.eclipse.equinox.frameworkadmin (2.3.200.v20240321-1450) at /home/endrix/.m2/repository/org/eclipse/platform/org.eclipse.equinox.frameworkadmin/2.3.200/org.eclipse.equinox.frameworkadmin-2.3.200.jar
[[1;34mINFO[m] [b83b57e5-5560-4584-bba5-7cfcb11bd3f4][extension>org.eclipse.tycho:tycho-maven-plugin:4.0.10] STARTING  | org.eclipse.equinox.frameworkadmin.equinox (1.3.200.v20240321-1450) at /home/endrix/.m2/repository/org/eclipse/platform/org.eclipse.equinox.frameworkadmin.equinox/1.3.200/org.eclipse.equinox.frameworkadmin.equinox-1.3.200.jar
[[1;34mINFO[m] [b83b57e5-5560-4584-bba5-7cfcb11bd3f4][extension>org.eclipse.tycho:tycho-maven-plugin:4.0.10] STARTING  | org.eclipse.equinox.security (1.4.300.v20240419-2334) at /home/endrix/.m2/repository/org/eclipse/platform/org.eclipse.equinox.security/1.4.300/org.eclipse.equinox.security-1.4.300.jar
[[1;34mINFO[m] [b83b57e5-5560-4584-bba5-7cfcb11bd3f4][extension>org.eclipse.tycho:tycho-maven-plugin:4.0.10] STARTING  | org.eclipse.equinox.simpleconfigurator (1.5.300.v20240424-1301) at /home/endrix/.m2/repository/org/eclipse/platform/org.eclipse.equinox.simpleconfigurator/1.5.300/org.eclipse.equinox.simpleconfigurator-1.5.300.jar
[[1;34mINFO[m] [b83b57e5-5560-4584-bba5-7cfcb11bd3f4][extension>org.eclipse.tycho:tycho-maven-plugin:4.0.10] STARTING  | org.eclipse.equinox.simpleconfigurator.manipulator (2.3.300.v20240702-1335) at /home/endrix/.m2/repository/org/eclipse/platform/org.eclipse.equinox.simpleconfigurator.manipulator/2.3.300/org.eclipse.equinox.simpleconfigurator.manipulator-2.3.300.jar
[[1;34mINFO[m] [b83b57e5-5560-4584-bba5-7cfcb11bd3f4][extension>org.eclipse.tycho:tycho-maven-plugin:4.0.10] ACTIVE    | org.apache.felix.scr (2.2.12) at /home/endrix/.m2/repository/org/apache/felix/org.apache.felix.scr/2.2.12/org.apache.felix.scr-2.2.12.jar
[[1;34mINFO[m] [b83b57e5-5560-4584-bba5-7cfcb11bd3f4][extension>org.eclipse.tycho:tycho-maven-plugin:4.0.10] ACTIVE    | org.eclipse.equinox.common (3.19.100.v20240524-2011) at /home/endrix/.m2/repository/org/eclipse/platform/org.eclipse.equinox.common/3.19.100/org.eclipse.equinox.common-3.19.100.jar
[[1;34mINFO[m] [b83b57e5-5560-4584-bba5-7cfcb11bd3f4][extension>org.eclipse.tycho:tycho-maven-plugin:4.0.10] ACTIVE    | org.eclipse.equinox.p2.artifact.repository (1.5.400.v20240416-0654) at /home/endrix/.m2/repository/org/eclipse/platform/org.eclipse.equinox.p2.artifact.repository/1.5.400/org.eclipse.equinox.p2.artifact.repository-1.5.400.jar
[[1;34mINFO[m] [b83b57e5-5560-4584-bba5-7cfcb11bd3f4][extension>org.eclipse.tycho:tycho-maven-plugin:4.0.10] ACTIVE    | org.eclipse.equinox.p2.core (2.12.100.v20240702-1335) at /home/endrix/.m2/repository/org/eclipse/platform/org.eclipse.equinox.p2.core/2.12.100/org.eclipse.equinox.p2.core-2.12.100.jar
[[1;34mINFO[m] [b83b57e5-5560-4584-bba5-7cfcb11bd3f4][extension>org.eclipse.tycho:tycho-maven-plugin:4.0.10] ACTIVE    | org.eclipse.equinox.p2.director (2.6.400.v20240321-1450) at /home/endrix/.m2/repository/org/eclipse/platform/org.eclipse.equinox.p2.director/2.6.400/org.eclipse.equinox.p2.director-2.6.400.jar
[[1;34mINFO[m] [b83b57e5-5560-4584-bba5-7cfcb11bd3f4][extension>org.eclipse.tycho:tycho-maven-plugin:4.0.10] ACTIVE    | org.eclipse.equinox.p2.director.app (1.3.400.v20240425-1316) at /home/endrix/.m2/repository/org/eclipse/platform/org.eclipse.equinox.p2.director.app/1.3.400/org.eclipse.equinox.p2.director.app-1.3.400.jar
[[1;34mINFO[m] [b83b57e5-5560-4584-bba5-7cfcb11bd3f4][extension>org.eclipse.tycho:tycho-maven-plugin:4.0.10] ACTIVE    | org.eclipse.equinox.p2.engine (2.10.200.v20240425-1316) at /home/endrix/.m2/repository/org/eclipse/platform/org.eclipse.equinox.p2.engine/2.10.200/org.eclipse.equinox.p2.engine-2.10.200.jar
[[1;34mINFO[m] [b83b57e5-5560-4584-bba5-7cfcb11bd3f4][extension>org.eclipse.tycho:tycho-maven-plugin:4.0.10] ACTIVE    | org.eclipse.equinox.p2.garbagecollector (1.3.300.v20240321-1450) at /home/endrix/.m2/repository/org/eclipse/platform/org.eclipse.equinox.p2.garbagecollector/1.3.300/org.eclipse.equinox.p2.garbagecollector-1.3.300.jar
[[1;34mINFO[m] [b83b57e5-5560-4584-bba5-7cfcb11bd3f4][extension>org.eclipse.tycho:tycho-maven-plugin:4.0.10] ACTIVE    | org.eclipse.equinox.p2.jarprocessor (1.3.400.v20240321-1450) at /home/endrix/.m2/repository/org/eclipse/platform/org.eclipse.equinox.p2.jarprocessor/1.3.400/org.eclipse.equinox.p2.jarprocessor-1.3.400.jar
[[1;34mINFO[m] [b83b57e5-5560-4584-bba5-7cfcb11bd3f4][extension>org.eclipse.tycho:tycho-maven-plugin:4.0.10] ACTIVE    | org.eclipse.equinox.p2.metadata (2.9.100.v20240416-0654) at /home/endrix/.m2/repository/org/eclipse/platform/org.eclipse.equinox.p2.metadata/2.9.100/org.eclipse.equinox.p2.metadata-2.9.100.jar
[[1;34mINFO[m] [b83b57e5-5560-4584-bba5-7cfcb11bd3f4][extension>org.eclipse.tycho:tycho-maven-plugin:4.0.10] ACTIVE    | org.eclipse.equinox.p2.metadata.repository (1.5.400.v20240515-1919) at /home/endrix/.m2/repository/org/eclipse/platform/org.eclipse.equinox.p2.metadata.repository/1.5.400/org.eclipse.equinox.p2.metadata.repository-1.5.400.jar
[[1;34mINFO[m] [b83b57e5-5560-4584-bba5-7cfcb11bd3f4][extension>org.eclipse.tycho:tycho-maven-plugin:4.0.10] ACTIVE    | org.eclipse.equinox.p2.publisher (1.9.200.v20240429-0755) at /home/endrix/.m2/repository/org/eclipse/platform/org.eclipse.equinox.p2.publisher/1.9.200/org.eclipse.equinox.p2.publisher-1.9.200.jar
[[1;34mINFO[m] [b83b57e5-5560-4584-bba5-7cfcb11bd3f4][extension>org.eclipse.tycho:tycho-maven-plugin:4.0.10] ACTIVE    | org.eclipse.equinox.p2.publisher.eclipse (1.6.200.v20240812-2151) at /home/endrix/.m2/repository/org/eclipse/platform/org.eclipse.equinox.p2.publisher.eclipse/1.6.200/org.eclipse.equinox.p2.publisher.eclipse-1.6.200.jar
[[1;34mINFO[m] [b83b57e5-5560-4584-bba5-7cfcb11bd3f4][extension>org.eclipse.tycho:tycho-maven-plugin:4.0.10] ACTIVE    | org.eclipse.equinox.p2.repository (2.9.100.v20240511-1722) at /home/endrix/.m2/repository/org/eclipse/platform/org.eclipse.equinox.p2.repository/2.9.100/org.eclipse.equinox.p2.repository-2.9.100.jar
[[1;34mINFO[m] [b83b57e5-5560-4584-bba5-7cfcb11bd3f4][extension>org.eclipse.tycho:tycho-maven-plugin:4.0.10] ACTIVE    | org.eclipse.equinox.p2.repository.tools (2.4.400.v20240416-0654) at /home/endrix/.m2/repository/org/eclipse/platform/org.eclipse.equinox.p2.repository.tools/2.4.400/org.eclipse.equinox.p2.repository.tools-2.4.400.jar
[[1;34mINFO[m] [b83b57e5-5560-4584-bba5-7cfcb11bd3f4][extension>org.eclipse.tycho:tycho-maven-plugin:4.0.10] ACTIVE    | org.eclipse.equinox.p2.touchpoint.eclipse (2.4.300.v20240511-1722) at /home/endrix/.m2/repository/org/eclipse/platform/org.eclipse.equinox.p2.touchpoint.eclipse/2.4.300/org.eclipse.equinox.p2.touchpoint.eclipse-2.4.300.jar
[[1;34mINFO[m] [b83b57e5-5560-4584-bba5-7cfcb11bd3f4][extension>org.eclipse.tycho:tycho-maven-plugin:4.0.10] ACTIVE    | org.eclipse.equinox.p2.touchpoint.natives (1.5.300.v20240423-0755) at /home/endrix/.m2/repository/org/eclipse/platform/org.eclipse.equinox.p2.touchpoint.natives/1.5.300/org.eclipse.equinox.p2.touchpoint.natives-1.5.300.jar
[[1;34mINFO[m] [b83b57e5-5560-4584-bba5-7cfcb11bd3f4][extension>org.eclipse.tycho:tycho-maven-plugin:4.0.10] ACTIVE    | org.eclipse.equinox.p2.updatesite (1.3.400.v20240321-1450) at /home/endrix/.m2/repository/org/eclipse/platform/org.eclipse.equinox.p2.updatesite/1.3.400/org.eclipse.equinox.p2.updatesite-1.3.400.jar
[[1;34mINFO[m] [b83b57e5-5560-4584-bba5-7cfcb11bd3f4][extension>org.eclipse.tycho:tycho-maven-plugin:4.0.10] ACTIVE    | org.eclipse.equinox.preferences (3.11.100.v20240327-0645) at /home/endrix/.m2/repository/org/eclipse/platform/org.eclipse.equinox.preferences/3.11.100/org.eclipse.equinox.preferences-3.11.100.jar
[[1;34mINFO[m] [b83b57e5-5560-4584-bba5-7cfcb11bd3f4][extension>org.eclipse.tycho:tycho-maven-plugin:4.0.10] ACTIVE    | org.eclipse.equinox.registry (3.12.100.v20240524-2011) at /home/endrix/.m2/repository/org/eclipse/platform/org.eclipse.equinox.registry/3.12.100/org.eclipse.equinox.registry-3.12.100.jar
[[1;34mINFO[m] [b83b57e5-5560-4584-bba5-7cfcb11bd3f4][extension>org.eclipse.tycho:tycho-maven-plugin:4.0.10] ACTIVE    | org.eclipse.osgi (3.21.0.v20240717-2103) at System Bundle
[[1;34mINFO[m] [b83b57e5-5560-4584-bba5-7cfcb11bd3f4][extension>org.eclipse.tycho:tycho-maven-plugin:4.0.10] ACTIVE    | org.eclipse.tycho.p2 (4.0.10) at /home/endrix/.m2/repository/org/eclipse/tycho/tycho-p2/4.0.10/tycho-p2-4.0.10.jar
[[1;36mDEBUG[m] [b83b57e5-5560-4584-bba5-7cfcb11bd3f4][extension>org.eclipse.tycho:tycho-maven-plugin:4.0.10] Searching bundle for class interface org.osgi.service.component.runtime.ServiceComponentRuntime and location file:/home/endrix/.m2/repository/org/osgi/org.osgi.service.component/1.5.1/org.osgi.service.component-1.5.1.jar
[[1;36mDEBUG[m] [b83b57e5-5560-4584-bba5-7cfcb11bd3f4][extension>org.eclipse.tycho:tycho-maven-plugin:4.0.10] Return bundle org.osgi.service.component for location file:/home/endrix/.m2/repository/org/osgi/org.osgi.service.component/1.5.1/org.osgi.service.component-1.5.1.jar
[[1;34mINFO[m] [b83b57e5-5560-4584-bba5-7cfcb11bd3f4][extension>org.eclipse.tycho:tycho-maven-plugin:4.0.10] ============ Framework Components ==================
[[1;34mINFO[m] [b83b57e5-5560-4584-bba5-7cfcb11bd3f4][extension>org.eclipse.tycho:tycho-maven-plugin:4.0.10] SATISFIED   | org.eclipse.equinox.p2.artifact.repository
[[1;34mINFO[m] [b83b57e5-5560-4584-bba5-7cfcb11bd3f4][extension>org.eclipse.tycho:tycho-maven-plugin:4.0.10] SATISFIED   | org.eclipse.equinox.p2.core.eventbus
[[1;34mINFO[m] [b83b57e5-5560-4584-bba5-7cfcb11bd3f4][extension>org.eclipse.tycho:tycho-maven-plugin:4.0.10] SATISFIED   | org.eclipse.equinox.p2.di.agentProvider
[[1;34mINFO[m] [b83b57e5-5560-4584-bba5-7cfcb11bd3f4][extension>org.eclipse.tycho:tycho-maven-plugin:4.0.10] SATISFIED   | org.eclipse.equinox.p2.director
[[1;34mINFO[m] [b83b57e5-5560-4584-bba5-7cfcb11bd3f4][extension>org.eclipse.tycho:tycho-maven-plugin:4.0.10] SATISFIED   | org.eclipse.equinox.p2.engine
[[1;34mINFO[m] [b83b57e5-5560-4584-bba5-7cfcb11bd3f4][extension>org.eclipse.tycho:tycho-maven-plugin:4.0.10] SATISFIED   | org.eclipse.equinox.p2.engine.registry
[[1;34mINFO[m] [b83b57e5-5560-4584-bba5-7cfcb11bd3f4][extension>org.eclipse.tycho:tycho-maven-plugin:4.0.10] SATISFIED   | org.eclipse.equinox.p2.garbagecollector
[[1;34mINFO[m] [b83b57e5-5560-4584-bba5-7cfcb11bd3f4][extension>org.eclipse.tycho:tycho-maven-plugin:4.0.10] SATISFIED   | org.eclipse.equinox.p2.metadata.repository
[[1;34mINFO[m] [b83b57e5-5560-4584-bba5-7cfcb11bd3f4][extension>org.eclipse.tycho:tycho-maven-plugin:4.0.10] SATISFIED   | org.eclipse.equinox.p2.planner
[[1;34mINFO[m] [b83b57e5-5560-4584-bba5-7cfcb11bd3f4][extension>org.eclipse.tycho:tycho-maven-plugin:4.0.10] SATISFIED   | org.eclipse.equinox.p2.repository
[[1;34mINFO[m] [b83b57e5-5560-4584-bba5-7cfcb11bd3f4][extension>org.eclipse.tycho:tycho-maven-plugin:4.0.10] SATISFIED   | org.eclipse.equinox.p2.repository.spi.pgpPublicKeyService
[[1;34mINFO[m] [b83b57e5-5560-4584-bba5-7cfcb11bd3f4][extension>org.eclipse.tycho:tycho-maven-plugin:4.0.10] SATISFIED   | org.eclipse.equinox.simpleconfigurator.manipulator
[[1;34mINFO[m] [b83b57e5-5560-4584-bba5-7cfcb11bd3f4][extension>org.eclipse.tycho:tycho-maven-plugin:4.0.10] ACTIVE      | org.eclipse.equinox.frameworkadmin.equinox
[[1;34mINFO[m] [b83b57e5-5560-4584-bba5-7cfcb11bd3f4][extension>org.eclipse.tycho:tycho-maven-plugin:4.0.10] ============ Extension Registry ==================
[[1;34mINFO[m] [b83b57e5-5560-4584-bba5-7cfcb11bd3f4][extension>org.eclipse.tycho:tycho-maven-plugin:4.0.10] org.eclipse.equinox.p2.artifact.repository.artifactComparators [contributed by org.eclipse.equinox.p2.artifact.repository[5]]
[[1;34mINFO[m] [b83b57e5-5560-4584-bba5-7cfcb11bd3f4][extension>org.eclipse.tycho:tycho-maven-plugin:4.0.10] 	null [from org.eclipse.equinox.p2.repository.tools]
[[1;34mINFO[m] [b83b57e5-5560-4584-bba5-7cfcb11bd3f4][extension>org.eclipse.tycho:tycho-maven-plugin:4.0.10] 		artifactComparator class=org.eclipse.equinox.p2.internal.repository.comparator.MD5ArtifactComparator id=org.eclipse.equinox.artifact.md5.comparator
[[1;34mINFO[m] [b83b57e5-5560-4584-bba5-7cfcb11bd3f4][extension>org.eclipse.tycho:tycho-maven-plugin:4.0.10] 	null [from org.eclipse.equinox.p2.repository.tools]
[[1;34mINFO[m] [b83b57e5-5560-4584-bba5-7cfcb11bd3f4][extension>org.eclipse.tycho:tycho-maven-plugin:4.0.10] 		artifactComparator class=org.eclipse.equinox.p2.internal.repository.comparator.ArtifactChecksumComparator id=org.eclipse.equinox.artifact.comparator.checksum
[[1;34mINFO[m] [b83b57e5-5560-4584-bba5-7cfcb11bd3f4][extension>org.eclipse.tycho:tycho-maven-plugin:4.0.10] 	null [from org.eclipse.equinox.p2.repository.tools]
[[1;34mINFO[m] [b83b57e5-5560-4584-bba5-7cfcb11bd3f4][extension>org.eclipse.tycho:tycho-maven-plugin:4.0.10] 		artifactComparator class=org.eclipse.equinox.p2.internal.repository.comparator.JarComparator id=org.eclipse.equinox.p2.repository.tools.jar.comparator
[[1;34mINFO[m] [b83b57e5-5560-4584-bba5-7cfcb11bd3f4][extension>org.eclipse.tycho:tycho-maven-plugin:4.0.10] org.eclipse.equinox.p2.engine.touchpoints [contributed by org.eclipse.equinox.p2.engine[9]]
[[1;34mINFO[m] [b83b57e5-5560-4584-bba5-7cfcb11bd3f4][extension>org.eclipse.tycho:tycho-maven-plugin:4.0.10] 	org.eclipse.equinox.p2.touchpoint.natives.native [from org.eclipse.equinox.p2.touchpoint.natives]
[[1;34mINFO[m] [b83b57e5-5560-4584-bba5-7cfcb11bd3f4][extension>org.eclipse.tycho:tycho-maven-plugin:4.0.10] 		touchpoint type=org.eclipse.equinox.p2.native class=org.eclipse.equinox.internal.p2.touchpoint.natives.NativeTouchpoint version=1.0.0
[[1;34mINFO[m] [b83b57e5-5560-4584-bba5-7cfcb11bd3f4][extension>org.eclipse.tycho:tycho-maven-plugin:4.0.10] 	org.eclipse.equinox.p2.touchpoint.eclipse.eclipse [from org.eclipse.equinox.p2.touchpoint.eclipse]
[[1;34mINFO[m] [b83b57e5-5560-4584-bba5-7cfcb11bd3f4][extension>org.eclipse.tycho:tycho-maven-plugin:4.0.10] 		touchpoint type=org.eclipse.equinox.p2.osgi class=org.eclipse.equinox.internal.p2.touchpoint.eclipse.EclipseTouchpoint version=1.0.0
[[1;34mINFO[m] [b83b57e5-5560-4584-bba5-7cfcb11bd3f4][extension>org.eclipse.tycho:tycho-maven-plugin:4.0.10] org.eclipse.equinox.security.loginConfigurationProvider [contributed by org.eclipse.equinox.security[13]]
[[1;34mINFO[m] [b83b57e5-5560-4584-bba5-7cfcb11bd3f4][extension>org.eclipse.tycho:tycho-maven-plugin:4.0.10] org.eclipse.equinox.preferences.preferences [contributed by org.eclipse.equinox.preferences[17]]
[[1;34mINFO[m] [b83b57e5-5560-4584-bba5-7cfcb11bd3f4][extension>org.eclipse.tycho:tycho-maven-plugin:4.0.10] 	org.eclipse.equinox.p2.engine.preferences [from org.eclipse.equinox.p2.engine]
[[1;34mINFO[m] [b83b57e5-5560-4584-bba5-7cfcb11bd3f4][extension>org.eclipse.tycho:tycho-maven-plugin:4.0.10] 		scope name=profile class=org.eclipse.equinox.internal.p2.engine.ProfilePreferences
[[1;34mINFO[m] [b83b57e5-5560-4584-bba5-7cfcb11bd3f4][extension>org.eclipse.tycho:tycho-maven-plugin:4.0.10] org.eclipse.equinox.security.callbackHandlerMapping [contributed by org.eclipse.equinox.security[13]]
[[1;34mINFO[m] [b83b57e5-5560-4584-bba5-7cfcb11bd3f4][extension>org.eclipse.tycho:tycho-maven-plugin:4.0.10] org.eclipse.equinox.p2.garbagecollector.marksetproviders [contributed by org.eclipse.equinox.p2.garbagecollector[23]]
[[1;34mINFO[m] [b83b57e5-5560-4584-bba5-7cfcb11bd3f4][extension>org.eclipse.tycho:tycho-maven-plugin:4.0.10] 	org.eclipse.equinox.p2.touchpoint.eclipse.EclipseTouchpoint [from org.eclipse.equinox.p2.touchpoint.eclipse]
[[1;34mINFO[m] [b83b57e5-5560-4584-bba5-7cfcb11bd3f4][extension>org.eclipse.tycho:tycho-maven-plugin:4.0.10] 		run class=org.eclipse.equinox.internal.p2.touchpoint.eclipse.EclipseMarkSetProvider
[[1;34mINFO[m] [b83b57e5-5560-4584-bba5-7cfcb11bd3f4][extension>org.eclipse.tycho:tycho-maven-plugin:4.0.10] org.eclipse.equinox.p2.artifact.repository.artifactRepositories [contributed by org.eclipse.equinox.p2.artifact.repository[5]]
[[1;34mINFO[m] [b83b57e5-5560-4584-bba5-7cfcb11bd3f4][extension>org.eclipse.tycho:tycho-maven-plugin:4.0.10] 	org.eclipse.equinox.p2.artifact.repository.XZedRepository [from org.eclipse.equinox.p2.artifact.repository]
[[1;34mINFO[m] [b83b57e5-5560-4584-bba5-7cfcb11bd3f4][extension>org.eclipse.tycho:tycho-maven-plugin:4.0.10] 		filter suffix=artifacts.xml.xz
[[1;34mINFO[m] [b83b57e5-5560-4584-bba5-7cfcb11bd3f4][extension>org.eclipse.tycho:tycho-maven-plugin:4.0.10] 		factory class=org.eclipse.equinox.internal.p2.artifact.repository.simple.XZedSimpleArtifactRepositoryFactory
[[1;34mINFO[m] [b83b57e5-5560-4584-bba5-7cfcb11bd3f4][extension>org.eclipse.tycho:tycho-maven-plugin:4.0.10] 	org.eclipse.equinox.p2.artifact.repository.simpleRepository [from org.eclipse.equinox.p2.artifact.repository]
[[1;34mINFO[m] [b83b57e5-5560-4584-bba5-7cfcb11bd3f4][extension>org.eclipse.tycho:tycho-maven-plugin:4.0.10] 		filter suffix=artifacts.xml
[[1;34mINFO[m] [b83b57e5-5560-4584-bba5-7cfcb11bd3f4][extension>org.eclipse.tycho:tycho-maven-plugin:4.0.10] 		factory class=org.eclipse.equinox.internal.p2.artifact.repository.simple.SimpleArtifactRepositoryFactory
[[1;34mINFO[m] [b83b57e5-5560-4584-bba5-7cfcb11bd3f4][extension>org.eclipse.tycho:tycho-maven-plugin:4.0.10] 	org.eclipse.equinox.p2.artifact.repository.compositeRepository [from org.eclipse.equinox.p2.artifact.repository]
[[1;34mINFO[m] [b83b57e5-5560-4584-bba5-7cfcb11bd3f4][extension>org.eclipse.tycho:tycho-maven-plugin:4.0.10] 		filter suffix=compositeArtifacts.xml
[[1;34mINFO[m] [b83b57e5-5560-4584-bba5-7cfcb11bd3f4][extension>org.eclipse.tycho:tycho-maven-plugin:4.0.10] 		factory class=org.eclipse.equinox.internal.p2.artifact.repository.CompositeArtifactRepositoryFactory
[[1;34mINFO[m] [b83b57e5-5560-4584-bba5-7cfcb11bd3f4][extension>org.eclipse.tycho:tycho-maven-plugin:4.0.10] 	org.eclipse.equinox.p2.updatesite.artifactRepository [from org.eclipse.equinox.p2.updatesite]
[[1;34mINFO[m] [b83b57e5-5560-4584-bba5-7cfcb11bd3f4][extension>org.eclipse.tycho:tycho-maven-plugin:4.0.10] 		factory class=org.eclipse.equinox.internal.p2.updatesite.artifact.UpdateSiteArtifactRepositoryFactory
[[1;34mINFO[m] [b83b57e5-5560-4584-bba5-7cfcb11bd3f4][extension>org.eclipse.tycho:tycho-maven-plugin:4.0.10] 		filter suffix=site.xml
[[1;34mINFO[m] [b83b57e5-5560-4584-bba5-7cfcb11bd3f4][extension>org.eclipse.tycho:tycho-maven-plugin:4.0.10] 	org.eclipse.tycho.p2.maven.repository.LocalArtifactRepository [from org.eclipse.tycho.p2]
[[1;34mINFO[m] [b83b57e5-5560-4584-bba5-7cfcb11bd3f4][extension>org.eclipse.tycho:tycho-maven-plugin:4.0.10] 		factory class=org.eclipse.tycho.p2.repository.LocalArtifactRepositoryFactory
[[1;34mINFO[m] [b83b57e5-5560-4584-bba5-7cfcb11bd3f4][extension>org.eclipse.tycho:tycho-maven-plugin:4.0.10] 		filter suffix=.meta/p2-artifacts.properties
[[1;34mINFO[m] [b83b57e5-5560-4584-bba5-7cfcb11bd3f4][extension>org.eclipse.tycho:tycho-maven-plugin:4.0.10] 	org.eclipse.tycho.repository.module.ModuleArtifactRepository [from org.eclipse.tycho.p2]
[[1;34mINFO[m] [b83b57e5-5560-4584-bba5-7cfcb11bd3f4][extension>org.eclipse.tycho:tycho-maven-plugin:4.0.10] 		factory class=org.eclipse.tycho.p2.repository.module.ModuleArtifactRepositoryFactory
[[1;34mINFO[m] [b83b57e5-5560-4584-bba5-7cfcb11bd3f4][extension>org.eclipse.tycho:tycho-maven-plugin:4.0.10] 		filter suffix=p2artifacts.xml
[[1;34mINFO[m] [b83b57e5-5560-4584-bba5-7cfcb11bd3f4][extension>org.eclipse.tycho:tycho-maven-plugin:4.0.10] 	org.eclipse.tycho.repository.registry.ArtifactRepositoryBlackboard [from org.eclipse.tycho.p2]
[[1;34mINFO[m] [b83b57e5-5560-4584-bba5-7cfcb11bd3f4][extension>org.eclipse.tycho:tycho-maven-plugin:4.0.10] 		factory class=org.eclipse.tycho.p2.repository.ArtifactRepositoryBlackboard
[[1;34mINFO[m] [b83b57e5-5560-4584-bba5-7cfcb11bd3f4][extension>org.eclipse.tycho:tycho-maven-plugin:4.0.10] 		filter suffix=@memory
[[1;34mINFO[m] [b83b57e5-5560-4584-bba5-7cfcb11bd3f4][extension>org.eclipse.tycho:tycho-maven-plugin:4.0.10] org.eclipse.equinox.p2.artifact.repository.artifactChecksums [contributed by org.eclipse.equinox.p2.artifact.repository[5]]
[[1;34mINFO[m] [b83b57e5-5560-4584-bba5-7cfcb11bd3f4][extension>org.eclipse.tycho:tycho-maven-plugin:4.0.10] 	null [from org.eclipse.equinox.p2.artifact.repository]
[[1;34mINFO[m] [b83b57e5-5560-4584-bba5-7cfcb11bd3f4][extension>org.eclipse.tycho:tycho-maven-plugin:4.0.10] 		artifactChecksum algorithm=MD5 id=md5 priority=-2000 publish=false warnInsecure=true
[[1;34mINFO[m] [b83b57e5-5560-4584-bba5-7cfcb11bd3f4][extension>org.eclipse.tycho:tycho-maven-plugin:4.0.10] 	null [from org.eclipse.equinox.p2.artifact.repository]
[[1;34mINFO[m] [b83b57e5-5560-4584-bba5-7cfcb11bd3f4][extension>org.eclipse.tycho:tycho-maven-plugin:4.0.10] 		artifactChecksum algorithm=SHA-1 id=sha-1 priority=-1000 publish=false warnInsecure=true
[[1;34mINFO[m] [b83b57e5-5560-4584-bba5-7cfcb11bd3f4][extension>org.eclipse.tycho:tycho-maven-plugin:4.0.10] 	null [from org.eclipse.equinox.p2.artifact.repository]
[[1;34mINFO[m] [b83b57e5-5560-4584-bba5-7cfcb11bd3f4][extension>org.eclipse.tycho:tycho-maven-plugin:4.0.10] 		artifactChecksum algorithm=SHA-256 id=sha-256 priority=1000
[[1;34mINFO[m] [b83b57e5-5560-4584-bba5-7cfcb11bd3f4][extension>org.eclipse.tycho:tycho-maven-plugin:4.0.10] 	null [from org.eclipse.equinox.p2.artifact.repository]
[[1;34mINFO[m] [b83b57e5-5560-4584-bba5-7cfcb11bd3f4][extension>org.eclipse.tycho:tycho-maven-plugin:4.0.10] 		artifactChecksum algorithm=SHA-512 id=sha-512 priority=2000
[[1;34mINFO[m] [b83b57e5-5560-4584-bba5-7cfcb11bd3f4][extension>org.eclipse.tycho:tycho-maven-plugin:4.0.10] 	null [from org.eclipse.tycho.p2]
[[1;34mINFO[m] [b83b57e5-5560-4584-bba5-7cfcb11bd3f4][extension>org.eclipse.tycho:tycho-maven-plugin:4.0.10] 		artifactChecksum algorithm=SHA-1 id=sha-1
[[1;34mINFO[m] [b83b57e5-5560-4584-bba5-7cfcb11bd3f4][extension>org.eclipse.tycho:tycho-maven-plugin:4.0.10] org.eclipse.equinox.p2.engine.pgp [contributed by org.eclipse.equinox.p2.engine[9]]
[[1;34mINFO[m] [b83b57e5-5560-4584-bba5-7cfcb11bd3f4][extension>org.eclipse.tycho:tycho-maven-plugin:4.0.10] org.eclipse.equinox.p2.engine.actions [contributed by org.eclipse.equinox.p2.engine[9]]
[[1;34mINFO[m] [b83b57e5-5560-4584-bba5-7cfcb11bd3f4][extension>org.eclipse.tycho:tycho-maven-plugin:4.0.10] 	null [from org.eclipse.equinox.p2.touchpoint.natives]
[[1;34mINFO[m] [b83b57e5-5560-4584-bba5-7cfcb11bd3f4][extension>org.eclipse.tycho:tycho-maven-plugin:4.0.10] 		action class=org.eclipse.equinox.internal.p2.touchpoint.natives.actions.ChmodAction name=chmod touchpointType=org.eclipse.equinox.p2.native touchpointVersion=1.0.0 version=1.0.0
[[1;34mINFO[m] [b83b57e5-5560-4584-bba5-7cfcb11bd3f4][extension>org.eclipse.tycho:tycho-maven-plugin:4.0.10] 	null [from org.eclipse.equinox.p2.touchpoint.natives]
[[1;34mINFO[m] [b83b57e5-5560-4584-bba5-7cfcb11bd3f4][extension>org.eclipse.tycho:tycho-maven-plugin:4.0.10] 		action class=org.eclipse.equinox.internal.p2.touchpoint.natives.actions.CleanupzipAction name=cleanupzip touchpointType=org.eclipse.equinox.p2.native touchpointVersion=1.0.0 version=1.0.0
[[1;34mINFO[m] [b83b57e5-5560-4584-bba5-7cfcb11bd3f4][extension>org.eclipse.tycho:tycho-maven-plugin:4.0.10] 	null [from org.eclipse.equinox.p2.touchpoint.natives]
[[1;34mINFO[m] [b83b57e5-5560-4584-bba5-7cfcb11bd3f4][extension>org.eclipse.tycho:tycho-maven-plugin:4.0.10] 		action class=org.eclipse.equinox.internal.p2.touchpoint.natives.actions.CollectAction name=collect touchpointType=org.eclipse.equinox.p2.native touchpointVersion=1.0.0 version=1.0.0
[[1;34mINFO[m] [b83b57e5-5560-4584-bba5-7cfcb11bd3f4][extension>org.eclipse.tycho:tycho-maven-plugin:4.0.10] 	null [from org.eclipse.equinox.p2.touchpoint.natives]
[[1;34mINFO[m] [b83b57e5-5560-4584-bba5-7cfcb11bd3f4][extension>org.eclipse.tycho:tycho-maven-plugin:4.0.10] 		action class=org.eclipse.equinox.internal.p2.touchpoint.natives.actions.LinkAction name=ln touchpointType=org.eclipse.equinox.p2.native touchpointVersion=1.0.0 version=1.0.0
[[1;34mINFO[m] [b83b57e5-5560-4584-bba5-7cfcb11bd3f4][extension>org.eclipse.tycho:tycho-maven-plugin:4.0.10] 	null [from org.eclipse.equinox.p2.touchpoint.natives]
[[1;34mINFO[m] [b83b57e5-5560-4584-bba5-7cfcb11bd3f4][extension>org.eclipse.tycho:tycho-maven-plugin:4.0.10] 		action class=org.eclipse.equinox.internal.p2.touchpoint.natives.actions.MkdirAction name=mkdir touchpointType=org.eclipse.equinox.p2.native touchpointVersion=1.0.0 version=1.0.0
[[1;34mINFO[m] [b83b57e5-5560-4584-bba5-7cfcb11bd3f4][extension>org.eclipse.tycho:tycho-maven-plugin:4.0.10] 	null [from org.eclipse.equinox.p2.touchpoint.natives]
[[1;34mINFO[m] [b83b57e5-5560-4584-bba5-7cfcb11bd3f4][extension>org.eclipse.tycho:tycho-maven-plugin:4.0.10] 		action class=org.eclipse.equinox.internal.p2.touchpoint.natives.actions.RmdirAction name=rmdir touchpointType=org.eclipse.equinox.p2.native touchpointVersion=1.0.0 version=1.0.0
[[1;34mINFO[m] [b83b57e5-5560-4584-bba5-7cfcb11bd3f4][extension>org.eclipse.tycho:tycho-maven-plugin:4.0.10] 	null [from org.eclipse.equinox.p2.touchpoint.natives]
[[1;34mINFO[m] [b83b57e5-5560-4584-bba5-7cfcb11bd3f4][extension>org.eclipse.tycho:tycho-maven-plugin:4.0.10] 		action class=org.eclipse.equinox.internal.p2.touchpoint.natives.actions.UnzipAction name=unzip touchpointType=org.eclipse.equinox.p2.native touchpointVersion=1.0.0 version=1.0.0
[[1;34mINFO[m] [b83b57e5-5560-4584-bba5-7cfcb11bd3f4][extension>org.eclipse.tycho:tycho-maven-plugin:4.0.10] 	null [from org.eclipse.equinox.p2.touchpoint.natives]
[[1;34mINFO[m] [b83b57e5-5560-4584-bba5-7cfcb11bd3f4][extension>org.eclipse.tycho:tycho-maven-plugin:4.0.10] 		action class=org.eclipse.equinox.internal.p2.touchpoint.natives.actions.CopyAction description=copy(source,target[,overwrite]) name=copy touchpointType=org.eclipse.equinox.p2.native touchpointVersion=1.0.0 version=1.0.0
[[1;34mINFO[m] [b83b57e5-5560-4584-bba5-7cfcb11bd3f4][extension>org.eclipse.tycho:tycho-maven-plugin:4.0.10] 	null [from org.eclipse.equinox.p2.touchpoint.natives]
[[1;34mINFO[m] [b83b57e5-5560-4584-bba5-7cfcb11bd3f4][extension>org.eclipse.tycho:tycho-maven-plugin:4.0.10] 		action class=org.eclipse.equinox.internal.p2.touchpoint.natives.actions.CleanupcopyAction description=cleanupcopy(source,target) name=cleanupcopy touchpointType=org.eclipse.equinox.p2.native touchpointVersion=1.0.0 version=1.0.0
[[1;34mINFO[m] [b83b57e5-5560-4584-bba5-7cfcb11bd3f4][extension>org.eclipse.tycho:tycho-maven-plugin:4.0.10] 	null [from org.eclipse.equinox.p2.touchpoint.natives]
[[1;34mINFO[m] [b83b57e5-5560-4584-bba5-7cfcb11bd3f4][extension>org.eclipse.tycho:tycho-maven-plugin:4.0.10] 		action class=org.eclipse.equinox.internal.p2.touchpoint.natives.actions.RemoveAction description=remove(path) name=remove touchpointType=org.eclipse.equinox.p2.native touchpointVersion=1.0.0 version=1.0.0
[[1;34mINFO[m] [b83b57e5-5560-4584-bba5-7cfcb11bd3f4][extension>org.eclipse.tycho:tycho-maven-plugin:4.0.10] 	null [from org.eclipse.equinox.p2.touchpoint.natives]
[[1;34mINFO[m] [b83b57e5-5560-4584-bba5-7cfcb11bd3f4][extension>org.eclipse.tycho:tycho-maven-plugin:4.0.10] 		action class=org.eclipse.equinox.internal.p2.touchpoint.natives.actions.CheckAndPromptNativePackage description=checkAndPromptNativePackage(ditro, package,version) name=checkAndPromptNativePackage touchpointType=org.eclipse.equinox.p2.native touchpointVersion=1.0.0 version=1.0.0
[[1;34mINFO[m] [b83b57e5-5560-4584-bba5-7cfcb11bd3f4][extension>org.eclipse.tycho:tycho-maven-plugin:4.0.10] 	null [from org.eclipse.equinox.p2.touchpoint.natives]
[[1;34mINFO[m] [b83b57e5-5560-4584-bba5-7cfcb11bd3f4][extension>org.eclipse.tycho:tycho-maven-plugin:4.0.10] 		action class=org.eclipse.equinox.internal.p2.touchpoint.natives.actions.CheckAndPromptNativePackageWindowsRegistry description=checkAndPromptNativePackageWindowsRegistry(package,version,key,attributeName,attributeValue) name=checkAndPromptNativePackageWindowsRegistry touchpointType=org.eclipse.equinox.p2.native touchpointVersion=1.0.0 version=1.0.0
[[1;34mINFO[m] [b83b57e5-5560-4584-bba5-7cfcb11bd3f4][extension>org.eclipse.tycho:tycho-maven-plugin:4.0.10] 	null [from org.eclipse.equinox.p2.touchpoint.natives]
[[1;34mINFO[m] [b83b57e5-5560-4584-bba5-7cfcb11bd3f4][extension>org.eclipse.tycho:tycho-maven-plugin:4.0.10] 		action class=org.eclipse.equinox.internal.p2.touchpoint.natives.actions.BlockMacUpdate description=blockMacUpdate() name=blockMacUpdate touchpointType=org.eclipse.equinox.p2.native touchpointVersion=1.0.0 version=1.0.0
[[1;34mINFO[m] [b83b57e5-5560-4584-bba5-7cfcb11bd3f4][extension>org.eclipse.tycho:tycho-maven-plugin:4.0.10] 	null [from org.eclipse.equinox.p2.touchpoint.eclipse]
[[1;34mINFO[m] [b83b57e5-5560-4584-bba5-7cfcb11bd3f4][extension>org.eclipse.tycho:tycho-maven-plugin:4.0.10] 		action class=org.eclipse.equinox.internal.p2.touchpoint.eclipse.actions.AddJVMArgumentAction name=addJvmArg touchpointType=org.eclipse.equinox.p2.osgi touchpointVersion=1.0.0 version=1.0.0
[[1;34mINFO[m] [b83b57e5-5560-4584-bba5-7cfcb11bd3f4][extension>org.eclipse.tycho:tycho-maven-plugin:4.0.10] 	null [from org.eclipse.equinox.p2.touchpoint.eclipse]
[[1;34mINFO[m] [b83b57e5-5560-4584-bba5-7cfcb11bd3f4][extension>org.eclipse.tycho:tycho-maven-plugin:4.0.10] 		action class=org.eclipse.equinox.internal.p2.touchpoint.eclipse.actions.AddProgramArgumentAction name=addProgramArg touchpointType=org.eclipse.equinox.p2.osgi touchpointVersion=1.0.0 version=1.0.0
[[1;34mINFO[m] [b83b57e5-5560-4584-bba5-7cfcb11bd3f4][extension>org.eclipse.tycho:tycho-maven-plugin:4.0.10] 	null [from org.eclipse.equinox.p2.touchpoint.eclipse]
[[1;34mINFO[m] [b83b57e5-5560-4584-bba5-7cfcb11bd3f4][extension>org.eclipse.tycho:tycho-maven-plugin:4.0.10] 		action class=org.eclipse.equinox.internal.p2.touchpoint.eclipse.actions.AddProgramPropertyAction name=addProgramProperty touchpointType=org.eclipse.equinox.p2.osgi touchpointVersion=1.0.0 version=1.0.0
[[1;34mINFO[m] [b83b57e5-5560-4584-bba5-7cfcb11bd3f4][extension>org.eclipse.tycho:tycho-maven-plugin:4.0.10] 	null [from org.eclipse.equinox.p2.touchpoint.eclipse]
[[1;34mINFO[m] [b83b57e5-5560-4584-bba5-7cfcb11bd3f4][extension>org.eclipse.tycho:tycho-maven-plugin:4.0.10] 		action class=org.eclipse.equinox.internal.p2.touchpoint.eclipse.actions.AddRepositoryAction name=addRepository touchpointType=org.eclipse.equinox.p2.osgi touchpointVersion=1.0.0 version=1.0.0
[[1;34mINFO[m] [b83b57e5-5560-4584-bba5-7cfcb11bd3f4][extension>org.eclipse.tycho:tycho-maven-plugin:4.0.10] 	null [from org.eclipse.equinox.p2.touchpoint.eclipse]
[[1;34mINFO[m] [b83b57e5-5560-4584-bba5-7cfcb11bd3f4][extension>org.eclipse.tycho:tycho-maven-plugin:4.0.10] 		action class=org.eclipse.equinox.internal.p2.touchpoint.eclipse.actions.AddSourceBundleAction name=addSourceBundle touchpointType=org.eclipse.equinox.p2.osgi touchpointVersion=1.0.0 version=1.0.0
[[1;34mINFO[m] [b83b57e5-5560-4584-bba5-7cfcb11bd3f4][extension>org.eclipse.tycho:tycho-maven-plugin:4.0.10] 	null [from org.eclipse.equinox.p2.touchpoint.eclipse]
[[1;34mINFO[m] [b83b57e5-5560-4584-bba5-7cfcb11bd3f4][extension>org.eclipse.tycho:tycho-maven-plugin:4.0.10] 		action class=org.eclipse.equinox.internal.p2.touchpoint.eclipse.actions.CheckTrustAction name=checkTrust touchpointType=org.eclipse.equinox.p2.osgi touchpointVersion=1.0.0 version=1.0.0
[[1;34mINFO[m] [b83b57e5-5560-4584-bba5-7cfcb11bd3f4][extension>org.eclipse.tycho:tycho-maven-plugin:4.0.10] 	null [from org.eclipse.equinox.p2.touchpoint.eclipse]
[[1;34mINFO[m] [b83b57e5-5560-4584-bba5-7cfcb11bd3f4][extension>org.eclipse.tycho:tycho-maven-plugin:4.0.10] 		action class=org.eclipse.equinox.internal.p2.touchpoint.eclipse.actions.ChmodAction name=chmod touchpointType=org.eclipse.equinox.p2.osgi touchpointVersion=1.0.0 version=1.0.0
[[1;34mINFO[m] [b83b57e5-5560-4584-bba5-7cfcb11bd3f4][extension>org.eclipse.tycho:tycho-maven-plugin:4.0.10] 	null [from org.eclipse.equinox.p2.touchpoint.eclipse]
[[1;34mINFO[m] [b83b57e5-5560-4584-bba5-7cfcb11bd3f4][extension>org.eclipse.tycho:tycho-maven-plugin:4.0.10] 		action class=org.eclipse.equinox.internal.p2.touchpoint.eclipse.actions.LinkAction name=ln touchpointType=org.eclipse.equinox.p2.osgi touchpointVersion=1.0.0 version=1.0.0
[[1;34mINFO[m] [b83b57e5-5560-4584-bba5-7cfcb11bd3f4][extension>org.eclipse.tycho:tycho-maven-plugin:4.0.10] 	null [from org.eclipse.equinox.p2.touchpoint.eclipse]
[[1;34mINFO[m] [b83b57e5-5560-4584-bba5-7cfcb11bd3f4][extension>org.eclipse.tycho:tycho-maven-plugin:4.0.10] 		action class=org.eclipse.equinox.internal.p2.touchpoint.eclipse.actions.CollectAction name=collect touchpointType=org.eclipse.equinox.p2.osgi touchpointVersion=1.0.0 version=1.0.0
[[1;34mINFO[m] [b83b57e5-5560-4584-bba5-7cfcb11bd3f4][extension>org.eclipse.tycho:tycho-maven-plugin:4.0.10] 	null [from org.eclipse.equinox.p2.touchpoint.eclipse]
[[1;34mINFO[m] [b83b57e5-5560-4584-bba5-7cfcb11bd3f4][extension>org.eclipse.tycho:tycho-maven-plugin:4.0.10] 		action class=org.eclipse.equinox.internal.p2.touchpoint.eclipse.actions.InstallBundleAction name=installBundle touchpointType=org.eclipse.equinox.p2.osgi touchpointVersion=1.0.0 version=1.0.0
[[1;34mINFO[m] [b83b57e5-5560-4584-bba5-7cfcb11bd3f4][extension>org.eclipse.tycho:tycho-maven-plugin:4.0.10] 	null [from org.eclipse.equinox.p2.touchpoint.eclipse]
[[1;34mINFO[m] [b83b57e5-5560-4584-bba5-7cfcb11bd3f4][extension>org.eclipse.tycho:tycho-maven-plugin:4.0.10] 		action class=org.eclipse.equinox.internal.p2.touchpoint.eclipse.actions.InstallFeatureAction name=installFeature touchpointType=org.eclipse.equinox.p2.osgi touchpointVersion=1.0.0 version=1.0.0
[[1;34mINFO[m] [b83b57e5-5560-4584-bba5-7cfcb11bd3f4][extension>org.eclipse.tycho:tycho-maven-plugin:4.0.10] 	null [from org.eclipse.equinox.p2.touchpoint.eclipse]
[[1;34mINFO[m] [b83b57e5-5560-4584-bba5-7cfcb11bd3f4][extension>org.eclipse.tycho:tycho-maven-plugin:4.0.10] 		action class=org.eclipse.equinox.internal.p2.touchpoint.eclipse.actions.MarkStartedAction name=markStarted touchpointType=org.eclipse.equinox.p2.osgi touchpointVersion=1.0.0 version=1.0.0
[[1;34mINFO[m] [b83b57e5-5560-4584-bba5-7cfcb11bd3f4][extension>org.eclipse.tycho:tycho-maven-plugin:4.0.10] 	null [from org.eclipse.equinox.p2.touchpoint.eclipse]
[[1;34mINFO[m] [b83b57e5-5560-4584-bba5-7cfcb11bd3f4][extension>org.eclipse.tycho:tycho-maven-plugin:4.0.10] 		action class=org.eclipse.equinox.internal.p2.touchpoint.eclipse.actions.RemoveJVMArgumentAction name=removeJvmArg touchpointType=org.eclipse.equinox.p2.osgi touchpointVersion=1.0.0 version=1.0.0
[[1;34mINFO[m] [b83b57e5-5560-4584-bba5-7cfcb11bd3f4][extension>org.eclipse.tycho:tycho-maven-plugin:4.0.10] 	null [from org.eclipse.equinox.p2.touchpoint.eclipse]
[[1;34mINFO[m] [b83b57e5-5560-4584-bba5-7cfcb11bd3f4][extension>org.eclipse.tycho:tycho-maven-plugin:4.0.10] 		action class=org.eclipse.equinox.internal.p2.touchpoint.eclipse.actions.RemoveProgramArgumentAction name=removeProgramArg touchpointType=org.eclipse.equinox.p2.osgi touchpointVersion=1.0.0 version=1.0.0
[[1;34mINFO[m] [b83b57e5-5560-4584-bba5-7cfcb11bd3f4][extension>org.eclipse.tycho:tycho-maven-plugin:4.0.10] 	null [from org.eclipse.equinox.p2.touchpoint.eclipse]
[[1;34mINFO[m] [b83b57e5-5560-4584-bba5-7cfcb11bd3f4][extension>org.eclipse.tycho:tycho-maven-plugin:4.0.10] 		action class=org.eclipse.equinox.internal.p2.touchpoint.eclipse.actions.RemoveProgramPropertyAction name=removeProgramProperty touchpointType=org.eclipse.equinox.p2.osgi touchpointVersion=1.0.0 version=1.0.0
[[1;34mINFO[m] [b83b57e5-5560-4584-bba5-7cfcb11bd3f4][extension>org.eclipse.tycho:tycho-maven-plugin:4.0.10] 	null [from org.eclipse.equinox.p2.touchpoint.eclipse]
[[1;34mINFO[m] [b83b57e5-5560-4584-bba5-7cfcb11bd3f4][extension>org.eclipse.tycho:tycho-maven-plugin:4.0.10] 		action class=org.eclipse.equinox.internal.p2.touchpoint.eclipse.actions.RemoveRepositoryAction name=removeRepository touchpointType=org.eclipse.equinox.p2.osgi touchpointVersion=1.0.0 version=1.0.0
[[1;34mINFO[m] [b83b57e5-5560-4584-bba5-7cfcb11bd3f4][extension>org.eclipse.tycho:tycho-maven-plugin:4.0.10] 	null [from org.eclipse.equinox.p2.touchpoint.eclipse]
[[1;34mINFO[m] [b83b57e5-5560-4584-bba5-7cfcb11bd3f4][extension>org.eclipse.tycho:tycho-maven-plugin:4.0.10] 		action class=org.eclipse.equinox.internal.p2.touchpoint.eclipse.actions.RemoveSourceBundleAction name=removeSourceBundle touchpointType=org.eclipse.equinox.p2.osgi touchpointVersion=1.0.0 version=1.0.0
[[1;34mINFO[m] [b83b57e5-5560-4584-bba5-7cfcb11bd3f4][extension>org.eclipse.tycho:tycho-maven-plugin:4.0.10] 	null [from org.eclipse.equinox.p2.touchpoint.eclipse]
[[1;34mINFO[m] [b83b57e5-5560-4584-bba5-7cfcb11bd3f4][extension>org.eclipse.tycho:tycho-maven-plugin:4.0.10] 		action class=org.eclipse.equinox.internal.p2.touchpoint.eclipse.actions.SetJvmAction name=setJvm touchpointType=org.eclipse.equinox.p2.osgi touchpointVersion=1.0.0 version=1.0.0
[[1;34mINFO[m] [b83b57e5-5560-4584-bba5-7cfcb11bd3f4][extension>org.eclipse.tycho:tycho-maven-plugin:4.0.10] 	null [from org.eclipse.equinox.p2.touchpoint.eclipse]
[[1;34mINFO[m] [b83b57e5-5560-4584-bba5-7cfcb11bd3f4][extension>org.eclipse.tycho:tycho-maven-plugin:4.0.10] 		action class=org.eclipse.equinox.internal.p2.touchpoint.eclipse.actions.SetProgramPropertyAction name=setFrameworkDependentProperty touchpointType=org.eclipse.equinox.p2.osgi touchpointVersion=1.0.0 version=1.0.0
[[1;34mINFO[m] [b83b57e5-5560-4584-bba5-7cfcb11bd3f4][extension>org.eclipse.tycho:tycho-maven-plugin:4.0.10] 	null [from org.eclipse.equinox.p2.touchpoint.eclipse]
[[1;34mINFO[m] [b83b57e5-5560-4584-bba5-7cfcb11bd3f4][extension>org.eclipse.tycho:tycho-maven-plugin:4.0.10] 		action class=org.eclipse.equinox.internal.p2.touchpoint.eclipse.actions.SetProgramPropertyAction name=setFrameworkIndependentProperty touchpointType=org.eclipse.equinox.p2.osgi touchpointVersion=1.0.0 version=1.0.0
[[1;34mINFO[m] [b83b57e5-5560-4584-bba5-7cfcb11bd3f4][extension>org.eclipse.tycho:tycho-maven-plugin:4.0.10] 	null [from org.eclipse.equinox.p2.touchpoint.eclipse]
[[1;34mINFO[m] [b83b57e5-5560-4584-bba5-7cfcb11bd3f4][extension>org.eclipse.tycho:tycho-maven-plugin:4.0.10] 		action class=org.eclipse.equinox.internal.p2.touchpoint.eclipse.actions.SetLauncherNameAction name=setLauncherName touchpointType=org.eclipse.equinox.p2.osgi touchpointVersion=1.0.0 version=1.0.0
[[1;34mINFO[m] [b83b57e5-5560-4584-bba5-7cfcb11bd3f4][extension>org.eclipse.tycho:tycho-maven-plugin:4.0.10] 	null [from org.eclipse.equinox.p2.touchpoint.eclipse]
[[1;34mINFO[m] [b83b57e5-5560-4584-bba5-7cfcb11bd3f4][extension>org.eclipse.tycho:tycho-maven-plugin:4.0.10] 		action class=org.eclipse.equinox.internal.p2.touchpoint.eclipse.actions.SetProgramPropertyAction name=setProgramProperty touchpointType=org.eclipse.equinox.p2.osgi touchpointVersion=1.0.0 version=1.0.0
[[1;34mINFO[m] [b83b57e5-5560-4584-bba5-7cfcb11bd3f4][extension>org.eclipse.tycho:tycho-maven-plugin:4.0.10] 	null [from org.eclipse.equinox.p2.touchpoint.eclipse]
[[1;34mINFO[m] [b83b57e5-5560-4584-bba5-7cfcb11bd3f4][extension>org.eclipse.tycho:tycho-maven-plugin:4.0.10] 		action class=org.eclipse.equinox.internal.p2.touchpoint.eclipse.actions.SetStartLevelAction name=setStartLevel touchpointType=org.eclipse.equinox.p2.osgi touchpointVersion=1.0.0 version=1.0.0
[[1;34mINFO[m] [b83b57e5-5560-4584-bba5-7cfcb11bd3f4][extension>org.eclipse.tycho:tycho-maven-plugin:4.0.10] 	null [from org.eclipse.equinox.p2.touchpoint.eclipse]
[[1;34mINFO[m] [b83b57e5-5560-4584-bba5-7cfcb11bd3f4][extension>org.eclipse.tycho:tycho-maven-plugin:4.0.10] 		action class=org.eclipse.equinox.internal.p2.touchpoint.eclipse.actions.UninstallBundleAction name=uninstallBundle touchpointType=org.eclipse.equinox.p2.osgi touchpointVersion=1.0.0 version=1.0.0
[[1;34mINFO[m] [b83b57e5-5560-4584-bba5-7cfcb11bd3f4][extension>org.eclipse.tycho:tycho-maven-plugin:4.0.10] 	null [from org.eclipse.equinox.p2.touchpoint.eclipse]
[[1;34mINFO[m] [b83b57e5-5560-4584-bba5-7cfcb11bd3f4][extension>org.eclipse.tycho:tycho-maven-plugin:4.0.10] 		action class=org.eclipse.equinox.internal.p2.touchpoint.eclipse.actions.UninstallFeatureAction name=uninstallFeature touchpointType=org.eclipse.equinox.p2.osgi touchpointVersion=1.0.0 version=1.0.0
[[1;34mINFO[m] [b83b57e5-5560-4584-bba5-7cfcb11bd3f4][extension>org.eclipse.tycho:tycho-maven-plugin:4.0.10] org.eclipse.core.runtime.adapters [contributed by org.eclipse.equinox.registry[40]]
[[1;34mINFO[m] [b83b57e5-5560-4584-bba5-7cfcb11bd3f4][extension>org.eclipse.tycho:tycho-maven-plugin:4.0.10] org.eclipse.equinox.p2.metadata.repository.metadataRepositories [contributed by org.eclipse.equinox.p2.metadata.repository[18]]
[[1;34mINFO[m] [b83b57e5-5560-4584-bba5-7cfcb11bd3f4][extension>org.eclipse.tycho:tycho-maven-plugin:4.0.10] 	org.eclipse.equinox.p2.engine.metadataRepository [from org.eclipse.equinox.p2.engine]
[[1;34mINFO[m] [b83b57e5-5560-4584-bba5-7cfcb11bd3f4][extension>org.eclipse.tycho:tycho-maven-plugin:4.0.10] 		factory class=org.eclipse.equinox.internal.p2.engine.ProfileMetadataRepositoryFactory
[[1;34mINFO[m] [b83b57e5-5560-4584-bba5-7cfcb11bd3f4][extension>org.eclipse.tycho:tycho-maven-plugin:4.0.10] 		filter suffix=profile
[[1;34mINFO[m] [b83b57e5-5560-4584-bba5-7cfcb11bd3f4][extension>org.eclipse.tycho:tycho-maven-plugin:4.0.10] 	org.eclipse.equinox.p2.metadata.repository.simpleRepository [from org.eclipse.equinox.p2.metadata.repository]
[[1;34mINFO[m] [b83b57e5-5560-4584-bba5-7cfcb11bd3f4][extension>org.eclipse.tycho:tycho-maven-plugin:4.0.10] 		filter suffix=content.xml
[[1;34mINFO[m] [b83b57e5-5560-4584-bba5-7cfcb11bd3f4][extension>org.eclipse.tycho:tycho-maven-plugin:4.0.10] 		factory class=org.eclipse.equinox.internal.p2.metadata.repository.SimpleMetadataRepositoryFactory
[[1;34mINFO[m] [b83b57e5-5560-4584-bba5-7cfcb11bd3f4][extension>org.eclipse.tycho:tycho-maven-plugin:4.0.10] 	org.eclipse.equinox.p2.metadata.repository.XZedRepository [from org.eclipse.equinox.p2.metadata.repository]
[[1;34mINFO[m] [b83b57e5-5560-4584-bba5-7cfcb11bd3f4][extension>org.eclipse.tycho:tycho-maven-plugin:4.0.10] 		filter suffix=content.xml.xz
[[1;34mINFO[m] [b83b57e5-5560-4584-bba5-7cfcb11bd3f4][extension>org.eclipse.tycho:tycho-maven-plugin:4.0.10] 		factory class=org.eclipse.equinox.internal.p2.metadata.repository.XZedSimpleMetadataRepositoryFactory
[[1;34mINFO[m] [b83b57e5-5560-4584-bba5-7cfcb11bd3f4][extension>org.eclipse.tycho:tycho-maven-plugin:4.0.10] 	org.eclipse.equinox.p2.metadata.repository.compositeRepository [from org.eclipse.equinox.p2.metadata.repository]
[[1;34mINFO[m] [b83b57e5-5560-4584-bba5-7cfcb11bd3f4][extension>org.eclipse.tycho:tycho-maven-plugin:4.0.10] 		filter suffix=compositeContent.xml
[[1;34mINFO[m] [b83b57e5-5560-4584-bba5-7cfcb11bd3f4][extension>org.eclipse.tycho:tycho-maven-plugin:4.0.10] 		factory class=org.eclipse.equinox.internal.p2.metadata.repository.CompositeMetadataRepositoryFactory
[[1;34mINFO[m] [b83b57e5-5560-4584-bba5-7cfcb11bd3f4][extension>org.eclipse.tycho:tycho-maven-plugin:4.0.10] 	org.eclipse.equinox.p2.updatesite.metadataRepository [from org.eclipse.equinox.p2.updatesite]
[[1;34mINFO[m] [b83b57e5-5560-4584-bba5-7cfcb11bd3f4][extension>org.eclipse.tycho:tycho-maven-plugin:4.0.10] 		factory class=org.eclipse.equinox.internal.p2.updatesite.metadata.UpdateSiteMetadataRepositoryFactory
[[1;34mINFO[m] [b83b57e5-5560-4584-bba5-7cfcb11bd3f4][extension>org.eclipse.tycho:tycho-maven-plugin:4.0.10] 		filter suffix=site.xml
[[1;34mINFO[m] [b83b57e5-5560-4584-bba5-7cfcb11bd3f4][extension>org.eclipse.tycho:tycho-maven-plugin:4.0.10] 	org.eclipse.tycho.repository.module.ModuleMetadataRepository [from org.eclipse.tycho.p2]
[[1;34mINFO[m] [b83b57e5-5560-4584-bba5-7cfcb11bd3f4][extension>org.eclipse.tycho:tycho-maven-plugin:4.0.10] 		factory class=org.eclipse.tycho.p2.repository.module.ModuleMetadataRepositoryFactory
[[1;34mINFO[m] [b83b57e5-5560-4584-bba5-7cfcb11bd3f4][extension>org.eclipse.tycho:tycho-maven-plugin:4.0.10] 		filter suffix=p2content.xml
[[1;34mINFO[m] [b83b57e5-5560-4584-bba5-7cfcb11bd3f4][extension>org.eclipse.tycho:tycho-maven-plugin:4.0.10] org.eclipse.equinox.security.callbackHandler [contributed by org.eclipse.equinox.security[13]]
[[1;34mINFO[m] [b83b57e5-5560-4584-bba5-7cfcb11bd3f4][extension>org.eclipse.tycho:tycho-maven-plugin:4.0.10] org.eclipse.equinox.security.secureStorage [contributed by org.eclipse.equinox.security[13]]
[[1;34mINFO[m] [b83b57e5-5560-4584-bba5-7cfcb11bd3f4][extension>org.eclipse.tycho:tycho-maven-plugin:4.0.10] org.eclipse.core.runtime.applications [contributed by org.eclipse.equinox.app[28]]
[[1;34mINFO[m] [b83b57e5-5560-4584-bba5-7cfcb11bd3f4][extension>org.eclipse.tycho:tycho-maven-plugin:4.0.10] 	org.eclipse.equinox.p2.publisher.InstallPublisher [from org.eclipse.equinox.p2.publisher.eclipse]
[[1;34mINFO[m] [b83b57e5-5560-4584-bba5-7cfcb11bd3f4][extension>org.eclipse.tycho:tycho-maven-plugin:4.0.10] 		application cardinality=1 thread=any visible=true
[[1;34mINFO[m] [b83b57e5-5560-4584-bba5-7cfcb11bd3f4][extension>org.eclipse.tycho:tycho-maven-plugin:4.0.10] 			run class=org.eclipse.equinox.p2.publisher.eclipse.InstallPublisherApplication
[[1;34mINFO[m] [b83b57e5-5560-4584-bba5-7cfcb11bd3f4][extension>org.eclipse.tycho:tycho-maven-plugin:4.0.10] 	org.eclipse.equinox.p2.publisher.EclipseGenerator [from org.eclipse.equinox.p2.publisher.eclipse]
[[1;34mINFO[m] [b83b57e5-5560-4584-bba5-7cfcb11bd3f4][extension>org.eclipse.tycho:tycho-maven-plugin:4.0.10] 		application cardinality=1 thread=main visible=true
[[1;34mINFO[m] [b83b57e5-5560-4584-bba5-7cfcb11bd3f4][extension>org.eclipse.tycho:tycho-maven-plugin:4.0.10] 			run class=org.eclipse.equinox.internal.p2.publisher.compatibility.GeneratorApplication
[[1;34mINFO[m] [b83b57e5-5560-4584-bba5-7cfcb11bd3f4][extension>org.eclipse.tycho:tycho-maven-plugin:4.0.10] 	org.eclipse.equinox.p2.publisher.ProductPublisher [from org.eclipse.equinox.p2.publisher.eclipse]
[[1;34mINFO[m] [b83b57e5-5560-4584-bba5-7cfcb11bd3f4][extension>org.eclipse.tycho:tycho-maven-plugin:4.0.10] 		application cardinality=1 thread=any visible=true
[[1;34mINFO[m] [b83b57e5-5560-4584-bba5-7cfcb11bd3f4][extension>org.eclipse.tycho:tycho-maven-plugin:4.0.10] 			run class=org.eclipse.equinox.p2.publisher.eclipse.ProductPublisherApplication
[[1;34mINFO[m] [b83b57e5-5560-4584-bba5-7cfcb11bd3f4][extension>org.eclipse.tycho:tycho-maven-plugin:4.0.10] 	org.eclipse.equinox.p2.publisher.FeaturesAndBundlesPublisher [from org.eclipse.equinox.p2.publisher.eclipse]
[[1;34mINFO[m] [b83b57e5-5560-4584-bba5-7cfcb11bd3f4][extension>org.eclipse.tycho:tycho-maven-plugin:4.0.10] 		application cardinality=1 thread=any visible=true
[[1;34mINFO[m] [b83b57e5-5560-4584-bba5-7cfcb11bd3f4][extension>org.eclipse.tycho:tycho-maven-plugin:4.0.10] 			run class=org.eclipse.equinox.p2.publisher.eclipse.FeaturesAndBundlesPublisherApplication
[[1;34mINFO[m] [b83b57e5-5560-4584-bba5-7cfcb11bd3f4][extension>org.eclipse.tycho:tycho-maven-plugin:4.0.10] 	org.eclipse.equinox.p2.updatesite.UpdateSitePublisher [from org.eclipse.equinox.p2.updatesite]
[[1;34mINFO[m] [b83b57e5-5560-4584-bba5-7cfcb11bd3f4][extension>org.eclipse.tycho:tycho-maven-plugin:4.0.10] 		application cardinality=1 thread=any visible=true
[[1;34mINFO[m] [b83b57e5-5560-4584-bba5-7cfcb11bd3f4][extension>org.eclipse.tycho:tycho-maven-plugin:4.0.10] 			run class=org.eclipse.equinox.internal.p2.updatesite.UpdateSitePublisherApplication
[[1;34mINFO[m] [b83b57e5-5560-4584-bba5-7cfcb11bd3f4][extension>org.eclipse.tycho:tycho-maven-plugin:4.0.10] 	org.eclipse.equinox.p2.publisher.UpdateSitePublisher [from org.eclipse.equinox.p2.updatesite]
[[1;34mINFO[m] [b83b57e5-5560-4584-bba5-7cfcb11bd3f4][extension>org.eclipse.tycho:tycho-maven-plugin:4.0.10] 		application cardinality=1 thread=any visible=true
[[1;34mINFO[m] [b83b57e5-5560-4584-bba5-7cfcb11bd3f4][extension>org.eclipse.tycho:tycho-maven-plugin:4.0.10] 			run class=org.eclipse.equinox.internal.p2.updatesite.UpdateSitePublisherApplication
[[1;34mINFO[m] [b83b57e5-5560-4584-bba5-7cfcb11bd3f4][extension>org.eclipse.tycho:tycho-maven-plugin:4.0.10] 	org.eclipse.equinox.p2.publisher.CategoryPublisher [from org.eclipse.equinox.p2.updatesite]
[[1;34mINFO[m] [b83b57e5-5560-4584-bba5-7cfcb11bd3f4][extension>org.eclipse.tycho:tycho-maven-plugin:4.0.10] 		application cardinality=1 thread=any visible=true
[[1;34mINFO[m] [b83b57e5-5560-4584-bba5-7cfcb11bd3f4][extension>org.eclipse.tycho:tycho-maven-plugin:4.0.10] 			run class=org.eclipse.equinox.internal.p2.updatesite.CategoryPublisherApplication
[[1;34mINFO[m] [b83b57e5-5560-4584-bba5-7cfcb11bd3f4][extension>org.eclipse.tycho:tycho-maven-plugin:4.0.10] 	org.eclipse.equinox.p2.touchpoint.natives.nativePackageExtractor [from org.eclipse.equinox.p2.touchpoint.natives]
[[1;34mINFO[m] [b83b57e5-5560-4584-bba5-7cfcb11bd3f4][extension>org.eclipse.tycho:tycho-maven-plugin:4.0.10] 		application cardinality=singleton-global thread=main visible=true
[[1;34mINFO[m] [b83b57e5-5560-4584-bba5-7cfcb11bd3f4][extension>org.eclipse.tycho:tycho-maven-plugin:4.0.10] 			run class=org.eclipse.equinox.internal.p2.touchpoint.natives.NativePackageExtractionApplication
[[1;34mINFO[m] [b83b57e5-5560-4584-bba5-7cfcb11bd3f4][extension>org.eclipse.tycho:tycho-maven-plugin:4.0.10] 	org.eclipse.equinox.p2.garbagecollector.application [from org.eclipse.equinox.p2.garbagecollector]
[[1;34mINFO[m] [b83b57e5-5560-4584-bba5-7cfcb11bd3f4][extension>org.eclipse.tycho:tycho-maven-plugin:4.0.10] 		application
[[1;34mINFO[m] [b83b57e5-5560-4584-bba5-7cfcb11bd3f4][extension>org.eclipse.tycho:tycho-maven-plugin:4.0.10] 			run class=org.eclipse.equinox.internal.p2.garbagecollector.Application
[[1;34mINFO[m] [b83b57e5-5560-4584-bba5-7cfcb11bd3f4][extension>org.eclipse.tycho:tycho-maven-plugin:4.0.10] 	org.eclipse.equinox.p2.director [from org.eclipse.equinox.p2.director.app]
[[1;34mINFO[m] [b83b57e5-5560-4584-bba5-7cfcb11bd3f4][extension>org.eclipse.tycho:tycho-maven-plugin:4.0.10] 		application cardinality=singleton-global thread=main visible=true
[[1;34mINFO[m] [b83b57e5-5560-4584-bba5-7cfcb11bd3f4][extension>org.eclipse.tycho:tycho-maven-plugin:4.0.10] 			run class=org.eclipse.equinox.internal.p2.director.app.DirectorApplication
[[1;34mINFO[m] [b83b57e5-5560-4584-bba5-7cfcb11bd3f4][extension>org.eclipse.tycho:tycho-maven-plugin:4.0.10] 	org.eclipse.equinox.p2.repository.repo2runnable [from org.eclipse.equinox.p2.repository.tools]
[[1;34mINFO[m] [b83b57e5-5560-4584-bba5-7cfcb11bd3f4][extension>org.eclipse.tycho:tycho-maven-plugin:4.0.10] 		application
[[1;34mINFO[m] [b83b57e5-5560-4584-bba5-7cfcb11bd3f4][extension>org.eclipse.tycho:tycho-maven-plugin:4.0.10] 			run class=org.eclipse.equinox.p2.internal.repository.tools.Repo2Runnable
[[1;34mINFO[m] [b83b57e5-5560-4584-bba5-7cfcb11bd3f4][extension>org.eclipse.tycho:tycho-maven-plugin:4.0.10] 	org.eclipse.equinox.p2.repository.metadataverifier [from org.eclipse.equinox.p2.repository.tools]
[[1;34mINFO[m] [b83b57e5-5560-4584-bba5-7cfcb11bd3f4][extension>org.eclipse.tycho:tycho-maven-plugin:4.0.10] 		application cardinality=singleton-global visible=true
[[1;34mINFO[m] [b83b57e5-5560-4584-bba5-7cfcb11bd3f4][extension>org.eclipse.tycho:tycho-maven-plugin:4.0.10] 			run class=org.eclipse.equinox.p2.internal.repository.tools.RepositoryAnalyzerApplication
[[1;34mINFO[m] [b83b57e5-5560-4584-bba5-7cfcb11bd3f4][extension>org.eclipse.tycho:tycho-maven-plugin:4.0.10] 	org.eclipse.equinox.p2.artifact.repository.mirrorApplication [from org.eclipse.equinox.p2.repository.tools]
[[1;34mINFO[m] [b83b57e5-5560-4584-bba5-7cfcb11bd3f4][extension>org.eclipse.tycho:tycho-maven-plugin:4.0.10] 		application cardinality=1 thread=main visible=true
[[1;34mINFO[m] [b83b57e5-5560-4584-bba5-7cfcb11bd3f4][extension>org.eclipse.tycho:tycho-maven-plugin:4.0.10] 			run class=org.eclipse.equinox.p2.internal.repository.tools.MirrorApplication
[[1;34mINFO[m] [b83b57e5-5560-4584-bba5-7cfcb11bd3f4][extension>org.eclipse.tycho:tycho-maven-plugin:4.0.10] 				parameter name=metadataOrArtifacts value=artifacts
[[1;34mINFO[m] [b83b57e5-5560-4584-bba5-7cfcb11bd3f4][extension>org.eclipse.tycho:tycho-maven-plugin:4.0.10] 	org.eclipse.equinox.p2.metadata.repository.mirrorApplication [from org.eclipse.equinox.p2.repository.tools]
[[1;34mINFO[m] [b83b57e5-5560-4584-bba5-7cfcb11bd3f4][extension>org.eclipse.tycho:tycho-maven-plugin:4.0.10] 		application cardinality=1 thread=main visible=true
[[1;34mINFO[m] [b83b57e5-5560-4584-bba5-7cfcb11bd3f4][extension>org.eclipse.tycho:tycho-maven-plugin:4.0.10] 			run class=org.eclipse.equinox.p2.internal.repository.tools.MirrorApplication
[[1;34mINFO[m] [b83b57e5-5560-4584-bba5-7cfcb11bd3f4][extension>org.eclipse.tycho:tycho-maven-plugin:4.0.10] 				parameter name=metadataOrArtifacts value=metadata
[[1;34mINFO[m] [b83b57e5-5560-4584-bba5-7cfcb11bd3f4][extension>org.eclipse.tycho:tycho-maven-plugin:4.0.10] 	org.eclipse.equinox.app.error [from org.eclipse.equinox.app]
[[1;34mINFO[m] [b83b57e5-5560-4584-bba5-7cfcb11bd3f4][extension>org.eclipse.tycho:tycho-maven-plugin:4.0.10] 		application visible=false
[[1;34mINFO[m] [b83b57e5-5560-4584-bba5-7cfcb11bd3f4][extension>org.eclipse.tycho:tycho-maven-plugin:4.0.10] 			run class=org.eclipse.equinox.internal.app.ErrorApplication
[[1;34mINFO[m] [b83b57e5-5560-4584-bba5-7cfcb11bd3f4][extension>org.eclipse.tycho:tycho-maven-plugin:4.0.10] org.eclipse.equinox.security.loginModule [contributed by org.eclipse.equinox.security[13]]
[[1;34mINFO[m] [b83b57e5-5560-4584-bba5-7cfcb11bd3f4][extension>org.eclipse.tycho:tycho-maven-plugin:4.0.10] org.eclipse.equinox.p2.repository.tools.verifier [contributed by org.eclipse.equinox.p2.repository.tools[25]]
[[1;34mINFO[m] [b83b57e5-5560-4584-bba5-7cfcb11bd3f4][extension>org.eclipse.tycho:tycho-maven-plugin:4.0.10] 	null [from org.eclipse.equinox.p2.repository.tools]
[[1;34mINFO[m] [b83b57e5-5560-4584-bba5-7cfcb11bd3f4][extension>org.eclipse.tycho:tycho-maven-plugin:4.0.10] 		IUAnalysis class=org.eclipse.equinox.p2.internal.repository.tools.analyzer.IUCounting name=IU Counting Tool
[[1;34mINFO[m] [b83b57e5-5560-4584-bba5-7cfcb11bd3f4][extension>org.eclipse.tycho:tycho-maven-plugin:4.0.10] 		IUAnalysis class=org.eclipse.equinox.p2.internal.repository.tools.analyzer.CopyrightAnalyzer name=Copyright Analyzer
[[1;34mINFO[m] [b83b57e5-5560-4584-bba5-7cfcb11bd3f4][extension>org.eclipse.tycho:tycho-maven-plugin:4.0.10] 		IUAnalysis class=org.eclipse.equinox.p2.internal.repository.tools.analyzer.LicenseAnalyzer name=License Analyzer
[[1;34mINFO[m] [b83b57e5-5560-4584-bba5-7cfcb11bd3f4][extension>org.eclipse.tycho:tycho-maven-plugin:4.0.10] 		IUAnalysis class=org.eclipse.equinox.p2.internal.repository.tools.analyzer.HostCheckAnalyzer name=Fragment Host Analyzer
[[1;34mINFO[m] [b83b57e5-5560-4584-bba5-7cfcb11bd3f4][extension>org.eclipse.tycho:tycho-maven-plugin:4.0.10] 		IUAnalysis class=org.eclipse.equinox.p2.internal.repository.tools.analyzer.UniqueIUAnalyzer name=Unique IU Analyzer
[[1;34mINFO[m] [b83b57e5-5560-4584-bba5-7cfcb11bd3f4][extension>org.eclipse.tycho:tycho-maven-plugin:4.0.10] 		IUAnalysis class=org.eclipse.equinox.p2.internal.repository.tools.analyzer.UnzipFeatureJarAnalyzer name=Unzip Feature Jar Analyzer
[[1;34mINFO[m] [b83b57e5-5560-4584-bba5-7cfcb11bd3f4][extension>org.eclipse.tycho:tycho-maven-plugin:4.0.10] 		IUAnalysis class=org.eclipse.equinox.p2.internal.repository.tools.analyzer.VersionAnalyzer name=Version Analyzer
[[1;34mINFO[m] [b83b57e5-5560-4584-bba5-7cfcb11bd3f4][extension>org.eclipse.tycho:tycho-maven-plugin:4.0.10] org.eclipse.core.runtime.products [contributed by org.eclipse.equinox.app[28]]
[[1;34mINFO[m] [b83b57e5-5560-4584-bba5-7cfcb11bd3f4][extension>org.eclipse.tycho:tycho-maven-plugin:4.0.10] 	org.eclipse.equinox.p2.director.product [from org.eclipse.equinox.p2.director.app]
[[1;34mINFO[m] [b83b57e5-5560-4584-bba5-7cfcb11bd3f4][extension>org.eclipse.tycho:tycho-maven-plugin:4.0.10] 		product application=org.eclipse.equinox.p2.director name=Equinox P2 Director
[[1;34mINFO[m] [b83b57e5-5560-4584-bba5-7cfcb11bd3f4][extension>org.eclipse.tycho:tycho-maven-plugin:4.0.10] org.eclipse.equinox.p2.artifact.repository.processingSteps [contributed by org.eclipse.equinox.p2.artifact.repository[5]]
[[1;34mINFO[m] [b83b57e5-5560-4584-bba5-7cfcb11bd3f4][extension>org.eclipse.tycho:tycho-maven-plugin:4.0.10] 	org.eclipse.equinox.p2.processing.SignatureVerifier [from org.eclipse.equinox.p2.artifact.repository]
[[1;34mINFO[m] [b83b57e5-5560-4584-bba5-7cfcb11bd3f4][extension>org.eclipse.tycho:tycho-maven-plugin:4.0.10] 		step class=org.eclipse.equinox.internal.p2.artifact.repository.SignatureVerifier
[[1;34mINFO[m] [b83b57e5-5560-4584-bba5-7cfcb11bd3f4][extension>org.eclipse.tycho:tycho-maven-plugin:4.0.10] 	org.eclipse.equinox.p2.processing.ChecksumVerifier [from org.eclipse.equinox.p2.artifact.repository]
[[1;34mINFO[m] [b83b57e5-5560-4584-bba5-7cfcb11bd3f4][extension>org.eclipse.tycho:tycho-maven-plugin:4.0.10] 		step class=org.eclipse.equinox.internal.p2.artifact.processors.checksum.ChecksumVerifier
[[1;34mINFO[m] [b83b57e5-5560-4584-bba5-7cfcb11bd3f4][extension>org.eclipse.tycho:tycho-maven-plugin:4.0.10] 	org.eclipse.equinox.p2.processing.PGPSignatureCheck [from org.eclipse.equinox.p2.artifact.repository]
[[1;34mINFO[m] [b83b57e5-5560-4584-bba5-7cfcb11bd3f4][extension>org.eclipse.tycho:tycho-maven-plugin:4.0.10] 		step class=org.eclipse.equinox.internal.p2.artifact.processors.pgp.PGPSignatureVerifier
[[1;34mINFO[m] [b83b57e5-5560-4584-bba5-7cfcb11bd3f4][extension>org.eclipse.tycho:tycho-maven-plugin:4.0.10] org.eclipse.equinox.security.internalUI [contributed by org.eclipse.equinox.security[13]]
[[1;34mINFO[m] [b83b57e5-5560-4584-bba5-7cfcb11bd3f4][extension>org.eclipse.tycho:tycho-maven-plugin:4.0.10] ============ Registered Services ==================
[[1;34mINFO[m] [b83b57e5-5560-4584-bba5-7cfcb11bd3f4][extension>org.eclipse.tycho:tycho-maven-plugin:4.0.10] [org.osgi.service.log.LogReaderService, org.eclipse.equinox.log.ExtendedLogReaderService] registered by org.eclipse.osgi | {service.id=1, service.bundleid=0, service.scope=bundle}
[[1;34mINFO[m] [b83b57e5-5560-4584-bba5-7cfcb11bd3f4][extension>org.eclipse.tycho:tycho-maven-plugin:4.0.10] [org.osgi.service.log.LogService, org.osgi.service.log.LoggerFactory, org.eclipse.equinox.log.ExtendedLogService] registered by org.eclipse.osgi | {service.id=2, service.bundleid=0, service.scope=bundle}
[[1;34mINFO[m] [b83b57e5-5560-4584-bba5-7cfcb11bd3f4][extension>org.eclipse.tycho:tycho-maven-plugin:4.0.10] org.osgi.service.log.admin.LoggerAdmin registered by org.eclipse.osgi | {service.id=3, service.bundleid=0, service.scope=singleton, osgi.log.service.id=2}
[[1;34mINFO[m] [b83b57e5-5560-4584-bba5-7cfcb11bd3f4][extension>org.eclipse.tycho:tycho-maven-plugin:4.0.10] org.eclipse.osgi.framework.log.FrameworkLog registered by org.eclipse.osgi | {service.id=4, service.bundleid=0, service.scope=bundle, service.ranking=2147483647, service.pid=0.org.eclipse.osgi.internal.log.EquinoxLogFactory}
[[1;34mINFO[m] [b83b57e5-5560-4584-bba5-7cfcb11bd3f4][extension>org.eclipse.tycho:tycho-maven-plugin:4.0.10] org.eclipse.osgi.framework.log.FrameworkLog registered by org.eclipse.osgi | {service.id=5, service.bundleid=0, service.scope=singleton, service.ranking=-2147483648, performance=true, service.pid=46org.eclipse.osgi.internal.log.EquinoxLogFactory$1}
[[1;34mINFO[m] [b83b57e5-5560-4584-bba5-7cfcb11bd3f4][extension>org.eclipse.tycho:tycho-maven-plugin:4.0.10] org.osgi.service.condition.Condition registered by org.eclipse.osgi | {service.id=6, service.bundleid=0, service.scope=singleton, service.pid=0.org.osgi.service.condition.ConditionImpl, osgi.condition.id=true}
[[1;34mINFO[m] [b83b57e5-5560-4584-bba5-7cfcb11bd3f4][extension>org.eclipse.tycho:tycho-maven-plugin:4.0.10] org.eclipse.osgi.service.datalocation.Location registered by org.eclipse.osgi | {service.id=7, service.bundleid=0, service.scope=singleton, defaultUrl=file:/home/endrix/user/, type=osgi.user.area}
[[1;34mINFO[m] [b83b57e5-5560-4584-bba5-7cfcb11bd3f4][extension>org.eclipse.tycho:tycho-maven-plugin:4.0.10] org.eclipse.osgi.service.datalocation.Location registered by org.eclipse.osgi | {service.id=8, service.bundleid=0, service.scope=singleton, url=file:/tmp/plexus.osgi.1191251677703670595/instance/, type=osgi.instance.area}
[[1;34mINFO[m] [b83b57e5-5560-4584-bba5-7cfcb11bd3f4][extension>org.eclipse.tycho:tycho-maven-plugin:4.0.10] org.eclipse.osgi.service.datalocation.Location registered by org.eclipse.osgi | {service.id=9, service.bundleid=0, service.scope=singleton, url=file:/tmp/plexus.osgi.1191251677703670595/storage/, type=osgi.configuration.area}
[[1;34mINFO[m] [b83b57e5-5560-4584-bba5-7cfcb11bd3f4][extension>org.eclipse.tycho:tycho-maven-plugin:4.0.10] org.eclipse.osgi.service.datalocation.Location registered by org.eclipse.osgi | {service.id=10, service.bundleid=0, service.scope=singleton, url=file:/home/endrix/.m2/repository/org/eclipse/platform/org.eclipse.osgi/3.21.0/, type=osgi.install.area}
[[1;34mINFO[m] [b83b57e5-5560-4584-bba5-7cfcb11bd3f4][extension>org.eclipse.tycho:tycho-maven-plugin:4.0.10] org.eclipse.osgi.service.datalocation.Location registered by org.eclipse.osgi | {service.id=11, service.bundleid=0, service.scope=singleton, url=file:/home/endrix/.m2/repository/org/eclipse/platform/org.eclipse.osgi/3.21.0/, type=eclipse.home.location}
[[1;34mINFO[m] [b83b57e5-5560-4584-bba5-7cfcb11bd3f4][extension>org.eclipse.tycho:tycho-maven-plugin:4.0.10] org.eclipse.osgi.service.environment.EnvironmentInfo registered by org.eclipse.osgi | {service.id=12, service.bundleid=0, service.scope=singleton, service.ranking=2147483647, service.pid=0.org.eclipse.osgi.internal.framework.EquinoxConfiguration}
[[1;34mINFO[m] [b83b57e5-5560-4584-bba5-7cfcb11bd3f4][extension>org.eclipse.tycho:tycho-maven-plugin:4.0.10] org.osgi.service.packageadmin.PackageAdmin registered by org.eclipse.osgi | {service.id=13, service.bundleid=0, service.scope=singleton, service.ranking=2147483647, service.pid=0.org.eclipse.osgi.internal.framework.legacy.PackageAdminImpl}
[[1;34mINFO[m] [b83b57e5-5560-4584-bba5-7cfcb11bd3f4][extension>org.eclipse.tycho:tycho-maven-plugin:4.0.10] org.osgi.service.startlevel.StartLevel registered by org.eclipse.osgi | {service.id=14, service.bundleid=0, service.scope=singleton, service.ranking=2147483647, service.pid=0.org.eclipse.osgi.internal.framework.legacy.StartLevelImpl}
[[1;34mINFO[m] [b83b57e5-5560-4584-bba5-7cfcb11bd3f4][extension>org.eclipse.tycho:tycho-maven-plugin:4.0.10] org.osgi.service.permissionadmin.PermissionAdmin registered by org.eclipse.osgi | {service.id=15, service.bundleid=0, service.scope=singleton, service.ranking=2147483647, service.pid=0.org.eclipse.osgi.internal.permadmin.SecurityAdmin}
[[1;34mINFO[m] [b83b57e5-5560-4584-bba5-7cfcb11bd3f4][extension>org.eclipse.tycho:tycho-maven-plugin:4.0.10] org.osgi.service.condpermadmin.ConditionalPermissionAdmin registered by org.eclipse.osgi | {service.id=16, service.bundleid=0, service.scope=singleton, service.ranking=2147483647, service.pid=0.org.eclipse.osgi.internal.permadmin.SecurityAdmin}
[[1;34mINFO[m] [b83b57e5-5560-4584-bba5-7cfcb11bd3f4][extension>org.eclipse.tycho:tycho-maven-plugin:4.0.10] org.osgi.service.resolver.Resolver registered by org.eclipse.osgi | {service.id=17, service.bundleid=0, service.scope=singleton, service.ranking=-2147483648, service.pid=0.org.apache.felix.resolver.ResolverImpl}
[[1;34mINFO[m] [b83b57e5-5560-4584-bba5-7cfcb11bd3f4][extension>org.eclipse.tycho:tycho-maven-plugin:4.0.10] org.eclipse.osgi.service.debug.DebugOptions registered by org.eclipse.osgi | {service.id=18, service.bundleid=0, service.scope=singleton, service.ranking=2147483647, service.pid=0.org.eclipse.osgi.internal.debug.FrameworkDebugOptions}
[[1;34mINFO[m] [b83b57e5-5560-4584-bba5-7cfcb11bd3f4][extension>org.eclipse.tycho:tycho-maven-plugin:4.0.10] java.lang.ClassLoader registered by org.eclipse.osgi | {service.id=19, service.bundleid=0, service.scope=singleton, service.ranking=2147483647, equinox.classloader.type=contextClassLoader, service.pid=0.org.eclipse.osgi.internal.framework.ContextFinder}
[[1;34mINFO[m] [b83b57e5-5560-4584-bba5-7cfcb11bd3f4][extension>org.eclipse.tycho:tycho-maven-plugin:4.0.10] org.eclipse.osgi.service.urlconversion.URLConverter registered by org.eclipse.osgi | {service.id=20, service.bundleid=0, service.scope=singleton, protocol=[bundleentry,bundleresource], service.ranking=2147483647, service.pid=0.org.eclipse.osgi.storage.url.BundleURLConverter}
[[1;34mINFO[m] [b83b57e5-5560-4584-bba5-7cfcb11bd3f4][extension>org.eclipse.tycho:tycho-maven-plugin:4.0.10] org.eclipse.osgi.service.localization.BundleLocalization registered by org.eclipse.osgi | {service.id=21, service.bundleid=0, service.scope=singleton, service.ranking=2147483647, service.pid=0.org.eclipse.osgi.storage.BundleLocalizationImpl}
[[1;34mINFO[m] [b83b57e5-5560-4584-bba5-7cfcb11bd3f4][extension>org.eclipse.tycho:tycho-maven-plugin:4.0.10] javax.xml.parsers.SAXParserFactory registered by org.eclipse.osgi | {service.id=22, service.bundleid=0, service.scope=bundle, service.pid=0.org.eclipse.osgi.internal.framework.XMLParsingServiceFactory}
[[1;34mINFO[m] [b83b57e5-5560-4584-bba5-7cfcb11bd3f4][extension>org.eclipse.tycho:tycho-maven-plugin:4.0.10] javax.xml.parsers.DocumentBuilderFactory registered by org.eclipse.osgi | {service.id=23, service.bundleid=0, service.scope=bundle, service.pid=0.org.eclipse.osgi.internal.framework.XMLParsingServiceFactory}
[[1;34mINFO[m] [b83b57e5-5560-4584-bba5-7cfcb11bd3f4][extension>org.eclipse.tycho:tycho-maven-plugin:4.0.10] org.eclipse.osgi.service.security.TrustEngine registered by org.eclipse.osgi | {service.id=24, osgi.signedcontent.trust.engine=org.eclipse.osgi, service.bundleid=0, service.scope=singleton, service.ranking=-2147483648}
[[1;34mINFO[m] [b83b57e5-5560-4584-bba5-7cfcb11bd3f4][extension>org.eclipse.tycho:tycho-maven-plugin:4.0.10] org.eclipse.osgi.signedcontent.SignedContentFactory registered by org.eclipse.osgi | {service.id=25, service.bundleid=0, service.scope=singleton}
[[1;34mINFO[m] [b83b57e5-5560-4584-bba5-7cfcb11bd3f4][extension>org.eclipse.tycho:tycho-maven-plugin:4.0.10] org.eclipse.osgi.service.debug.DebugOptionsListener registered by org.eclipse.osgi | {listener.symbolic.name=org.eclipse.osgi, service.id=26, service.bundleid=0, service.scope=singleton, service.ranking=2147483647, service.pid=0.org.eclipse.osgi.internal.debug.Debug}
[[1;34mINFO[m] [b83b57e5-5560-4584-bba5-7cfcb11bd3f4][extension>org.eclipse.tycho:tycho-maven-plugin:4.0.10] org.eclipse.osgi.service.debug.DebugOptionsListener registered by org.eclipse.osgi | {listener.symbolic.name=org.eclipse.osgi, service.id=27, service.bundleid=0, service.scope=singleton, service.ranking=2147483647, service.pid=0.org.eclipse.osgi.container.ModuleContainer}
[[1;34mINFO[m] [b83b57e5-5560-4584-bba5-7cfcb11bd3f4][extension>org.eclipse.tycho:tycho-maven-plugin:4.0.10] org.eclipse.osgi.service.resolver.PlatformAdmin registered by org.eclipse.osgi | {service.id=28, service.bundleid=0, service.scope=singleton}
[[1;34mINFO[m] [b83b57e5-5560-4584-bba5-7cfcb11bd3f4][extension>org.eclipse.tycho:tycho-maven-plugin:4.0.10] org.eclipse.tycho.FileLockService registered by org.eclipse.osgi | {service.id=58, service.bundleid=0, service.scope=singleton}
[[1;34mINFO[m] [b83b57e5-5560-4584-bba5-7cfcb11bd3f4][extension>org.eclipse.tycho:tycho-maven-plugin:4.0.10] org.eclipse.tycho.p2.repository.LocalRepositoryP2Indices registered by org.eclipse.osgi | {service.id=59, service.bundleid=0, service.scope=singleton}
[[1;34mINFO[m] [b83b57e5-5560-4584-bba5-7cfcb11bd3f4][extension>org.eclipse.tycho:tycho-maven-plugin:4.0.10] org.eclipse.tycho.MavenRepositorySettings registered by org.eclipse.osgi | {service.id=60, service.bundleid=0, service.scope=singleton}
[[1;34mINFO[m] [b83b57e5-5560-4584-bba5-7cfcb11bd3f4][extension>org.eclipse.tycho:tycho-maven-plugin:4.0.10] org.osgi.service.url.URLStreamHandlerService registered by org.eclipse.osgi | {service.id=61, url.handler.protocol=[mvn], service.bundleid=0, service.scope=singleton}
[[1;34mINFO[m] [b83b57e5-5560-4584-bba5-7cfcb11bd3f4][extension>org.eclipse.tycho:tycho-maven-plugin:4.0.10] org.eclipse.tycho.core.shared.MavenContext registered by org.eclipse.osgi | {service.id=62, service.bundleid=0, service.scope=singleton}
[[1;34mINFO[m] [b83b57e5-5560-4584-bba5-7cfcb11bd3f4][extension>org.eclipse.tycho:tycho-maven-plugin:4.0.10] org.eclipse.equinox.p2.core.spi.IAgentServiceFactory registered by org.eclipse.osgi | {service.id=63, service.bundleid=0, service.scope=singleton, p2.agent.servicename=org.eclipse.equinox.internal.provisional.p2.core.eventbus.IProvisioningEventBus, service.ranking=100}
[[1;34mINFO[m] [b83b57e5-5560-4584-bba5-7cfcb11bd3f4][extension>org.eclipse.tycho:tycho-maven-plugin:4.0.10] org.eclipse.equinox.p2.core.spi.IAgentServiceFactory registered by org.eclipse.osgi | {service.id=64, service.bundleid=0, service.scope=singleton, p2.agent.servicename=org.eclipse.tycho.IRepositoryIdManager, service.ranking=100}
[[1;34mINFO[m] [b83b57e5-5560-4584-bba5-7cfcb11bd3f4][extension>org.eclipse.tycho:tycho-maven-plugin:4.0.10] org.eclipse.equinox.p2.core.spi.IAgentServiceFactory registered by org.eclipse.osgi | {service.id=65, service.bundleid=0, service.scope=singleton, p2.agent.servicename=org.eclipse.equinox.internal.p2.repository.Transport, service.ranking=100}
[[1;34mINFO[m] [b83b57e5-5560-4584-bba5-7cfcb11bd3f4][extension>org.eclipse.tycho:tycho-maven-plugin:4.0.10] org.eclipse.equinox.p2.core.spi.IAgentServiceFactory registered by org.eclipse.osgi | {service.id=66, service.bundleid=0, service.scope=singleton, p2.agent.servicename=org.eclipse.equinox.p2.repository.metadata.IMetadataRepositoryManager, service.ranking=100}
[[1;34mINFO[m] [b83b57e5-5560-4584-bba5-7cfcb11bd3f4][extension>org.eclipse.tycho:tycho-maven-plugin:4.0.10] org.eclipse.equinox.p2.core.spi.IAgentServiceFactory registered by org.eclipse.osgi | {service.id=67, service.bundleid=0, service.scope=singleton, p2.agent.servicename=org.eclipse.equinox.internal.p2.repository.CacheManager, service.ranking=100}
[[1;34mINFO[m] [b83b57e5-5560-4584-bba5-7cfcb11bd3f4][extension>org.eclipse.tycho:tycho-maven-plugin:4.0.10] org.eclipse.equinox.p2.core.spi.IAgentServiceFactory registered by org.eclipse.osgi | {service.id=68, service.bundleid=0, service.scope=singleton, p2.agent.servicename=org.eclipse.equinox.p2.repository.artifact.IArtifactRepositoryManager, service.ranking=100}
[[1;34mINFO[m] [b83b57e5-5560-4584-bba5-7cfcb11bd3f4][extension>org.eclipse.tycho:tycho-maven-plugin:4.0.10] org.eclipse.tycho.BuildPropertiesParser registered by org.eclipse.osgi | {service.id=69, service.bundleid=0, service.scope=singleton}
[[1;34mINFO[m] [b83b57e5-5560-4584-bba5-7cfcb11bd3f4][extension>org.eclipse.tycho:tycho-maven-plugin:4.0.10] org.eclipse.equinox.p2.core.IAgentLocation registered by org.eclipse.equinox.p2.core | {service.id=29, service.bundleid=3, service.scope=singleton, type=eclipse.p2.data.area}
[[1;34mINFO[m] [b83b57e5-5560-4584-bba5-7cfcb11bd3f4][extension>org.eclipse.tycho:tycho-maven-plugin:4.0.10] org.eclipse.equinox.p2.core.IProvisioningAgent registered by org.eclipse.equinox.p2.core | {service.id=30, agent.current=true, service.bundleid=3, service.scope=singleton, service.ranking=100, locationURI=file:/tmp/plexus.osgi.1191251677703670595/storage/../p2}
[[1;34mINFO[m] [b83b57e5-5560-4584-bba5-7cfcb11bd3f4][extension>org.eclipse.tycho:tycho-maven-plugin:4.0.10] org.eclipse.equinox.p2.core.spi.IAgentServiceFactory registered by org.eclipse.equinox.p2.core | {service.id=35, service.bundleid=3, service.scope=bundle, osgi.ds.satisfying.condition.target=(osgi.condition.id=true), p2.agent.servicename=org.eclipse.equinox.internal.provisional.p2.core.eventbus.IProvisioningEventBus, component.name=org.eclipse.equinox.p2.core.eventbus, component.id=0}
[[1;34mINFO[m] [b83b57e5-5560-4584-bba5-7cfcb11bd3f4][extension>org.eclipse.tycho:tycho-maven-plugin:4.0.10] org.eclipse.equinox.p2.core.IProvisioningAgentProvider registered by org.eclipse.equinox.p2.core | {service.id=36, service.bundleid=3, service.scope=bundle, osgi.ds.satisfying.condition.target=(osgi.condition.id=true), component.name=org.eclipse.equinox.p2.di.agentProvider, component.id=1}
[[1;34mINFO[m] [b83b57e5-5560-4584-bba5-7cfcb11bd3f4][extension>org.eclipse.tycho:tycho-maven-plugin:4.0.10] org.eclipse.equinox.p2.core.spi.IAgentServiceFactory registered by org.eclipse.equinox.p2.artifact.repository | {service.id=37, service.bundleid=5, service.scope=bundle, osgi.ds.satisfying.condition.target=(osgi.condition.id=true), p2.agent.servicename=org.eclipse.equinox.p2.repository.artifact.IArtifactRepositoryManager, component.name=org.eclipse.equinox.p2.artifact.repository, component.id=2}
[[1;34mINFO[m] [b83b57e5-5560-4584-bba5-7cfcb11bd3f4][extension>org.eclipse.tycho:tycho-maven-plugin:4.0.10] org.eclipse.equinox.p2.core.spi.IAgentServiceFactory registered by org.eclipse.equinox.p2.director | {service.id=38, service.bundleid=6, service.scope=bundle, osgi.ds.satisfying.condition.target=(osgi.condition.id=true), p2.agent.servicename=org.eclipse.equinox.internal.provisional.p2.director.IDirector, component.name=org.eclipse.equinox.p2.director, component.id=3}
[[1;34mINFO[m] [b83b57e5-5560-4584-bba5-7cfcb11bd3f4][extension>org.eclipse.tycho:tycho-maven-plugin:4.0.10] org.eclipse.equinox.p2.core.spi.IAgentServiceFactory registered by org.eclipse.equinox.p2.director | {service.id=39, service.bundleid=6, service.scope=bundle, osgi.ds.satisfying.condition.target=(osgi.condition.id=true), p2.agent.servicename=org.eclipse.equinox.p2.planner.IPlanner, component.name=org.eclipse.equinox.p2.planner, component.id=4}
[[1;34mINFO[m] [b83b57e5-5560-4584-bba5-7cfcb11bd3f4][extension>org.eclipse.tycho:tycho-maven-plugin:4.0.10] org.eclipse.equinox.p2.core.spi.IAgentServiceFactory registered by org.eclipse.equinox.p2.engine | {service.id=40, service.bundleid=9, service.scope=bundle, osgi.ds.satisfying.condition.target=(osgi.condition.id=true), p2.agent.servicename=org.eclipse.equinox.p2.engine.IProfileRegistry, component.name=org.eclipse.equinox.p2.engine.registry, component.id=5}
[[1;34mINFO[m] [b83b57e5-5560-4584-bba5-7cfcb11bd3f4][extension>org.eclipse.tycho:tycho-maven-plugin:4.0.10] org.eclipse.equinox.p2.core.spi.IAgentServiceFactory registered by org.eclipse.equinox.p2.engine | {service.id=41, service.bundleid=9, service.scope=bundle, osgi.ds.satisfying.condition.target=(osgi.condition.id=true), p2.agent.servicename=org.eclipse.equinox.p2.engine.IEngine, component.name=org.eclipse.equinox.p2.engine, component.id=6}
[[1;34mINFO[m] [b83b57e5-5560-4584-bba5-7cfcb11bd3f4][extension>org.eclipse.tycho:tycho-maven-plugin:4.0.10] org.eclipse.equinox.p2.core.spi.IAgentServiceFactory registered by org.eclipse.equinox.p2.repository | {service.id=42, service.bundleid=12, service.scope=bundle, osgi.ds.satisfying.condition.target=(osgi.condition.id=true), p2.agent.servicename=org.eclipse.equinox.internal.p2.repository.CacheManager, component.name=org.eclipse.equinox.p2.repository, component.id=7}
[[1;34mINFO[m] [b83b57e5-5560-4584-bba5-7cfcb11bd3f4][extension>org.eclipse.tycho:tycho-maven-plugin:4.0.10] org.eclipse.equinox.p2.core.spi.IAgentServiceFactory registered by org.eclipse.equinox.p2.repository | {service.id=43, service.bundleid=12, service.scope=bundle, osgi.ds.satisfying.condition.target=(osgi.condition.id=true), p2.agent.servicename=org.eclipse.equinox.p2.repository.spi.PGPPublicKeyService, component.name=org.eclipse.equinox.p2.repository.spi.pgpPublicKeyService, component.id=8}
[[1;34mINFO[m] [b83b57e5-5560-4584-bba5-7cfcb11bd3f4][extension>org.eclipse.tycho:tycho-maven-plugin:4.0.10] org.eclipse.core.runtime.preferences.IPreferencesService registered by org.eclipse.equinox.preferences | {service.id=31, service.bundleid=17, service.scope=singleton}
[[1;34mINFO[m] [b83b57e5-5560-4584-bba5-7cfcb11bd3f4][extension>org.eclipse.tycho:tycho-maven-plugin:4.0.10] org.osgi.service.prefs.PreferencesService registered by org.eclipse.equinox.preferences | {service.id=32, service.bundleid=17, service.scope=bundle}
[[1;34mINFO[m] [b83b57e5-5560-4584-bba5-7cfcb11bd3f4][extension>org.eclipse.tycho:tycho-maven-plugin:4.0.10] org.eclipse.core.runtime.preferences.IScopeContext registered by org.eclipse.equinox.preferences | {service.id=33, service.bundleid=17, service.scope=bundle, type=bundle}
[[1;34mINFO[m] [b83b57e5-5560-4584-bba5-7cfcb11bd3f4][extension>org.eclipse.tycho:tycho-maven-plugin:4.0.10] org.eclipse.equinox.p2.core.spi.IAgentServiceFactory registered by org.eclipse.equinox.p2.metadata.repository | {service.id=44, service.bundleid=18, service.scope=bundle, osgi.ds.satisfying.condition.target=(osgi.condition.id=true), p2.agent.servicename=org.eclipse.equinox.p2.repository.metadata.IMetadataRepositoryManager, component.name=org.eclipse.equinox.p2.metadata.repository, component.id=9}
[[1;34mINFO[m] [b83b57e5-5560-4584-bba5-7cfcb11bd3f4][extension>org.eclipse.tycho:tycho-maven-plugin:4.0.10] org.eclipse.equinox.p2.core.spi.IAgentServiceFactory registered by org.eclipse.equinox.p2.garbagecollector | {service.id=45, service.bundleid=23, service.scope=bundle, osgi.ds.satisfying.condition.target=(osgi.condition.id=true), p2.agent.servicename=org.eclipse.equinox.internal.p2.garbagecollector.GarbageCollector, component.name=org.eclipse.equinox.p2.garbagecollector, component.id=10}
[[1;34mINFO[m] [b83b57e5-5560-4584-bba5-7cfcb11bd3f4][extension>org.eclipse.tycho:tycho-maven-plugin:4.0.10] org.eclipse.equinox.internal.provisional.frameworkadmin.FrameworkAdmin registered by org.eclipse.equinox.frameworkadmin.equinox | {org.eclipse.equinox.frameworkhandler.launcher.version=3.2, service.id=46, org.eclipse.equinox.frameworkhandler.framework.version=3.3, service.bundleid=29, service.scope=bundle, org.eclipse.equinox.frameworkhandler.framework.name=Equinox, osgi.ds.satisfying.condition.target=(osgi.condition.id=true), org.eclipse.equinox.frameworkhandler.launcher.name=Eclipse.exe, component.name=org.eclipse.equinox.frameworkadmin.equinox, component.id=11}
[[1;34mINFO[m] [b83b57e5-5560-4584-bba5-7cfcb11bd3f4][extension>org.eclipse.tycho:tycho-maven-plugin:4.0.10] [org.eclipse.equinox.internal.provisional.configuratormanipulator.ConfiguratorManipulator, org.eclipse.equinox.simpleconfigurator.manipulator.SimpleConfiguratorManipulator] registered by org.eclipse.equinox.simpleconfigurator.manipulator | {service.id=47, org.eclipse.equinox.configurator.BundleSymbolicName=org.eclipse.equinox.simpleconfigurator, service.bundleid=30, service.scope=bundle, osgi.ds.satisfying.condition.target=(osgi.condition.id=true), service.vendor=Eclipse.org, component.name=org.eclipse.equinox.simpleconfigurator.manipulator, component.id=12}
[[1;34mINFO[m] [b83b57e5-5560-4584-bba5-7cfcb11bd3f4][extension>org.eclipse.tycho:tycho-maven-plugin:4.0.10] org.osgi.service.component.runtime.ServiceComponentRuntime registered by org.apache.felix.scr | {service.changecount=0, service.id=34, service.bundleid=31, service.scope=singleton}
[[1;34mINFO[m] [b83b57e5-5560-4584-bba5-7cfcb11bd3f4][extension>org.eclipse.tycho:tycho-maven-plugin:4.0.10] org.apache.felix.scr.impl.ComponentCommands registered by org.apache.felix.scr | {osgi.command.scope=scr, service.description=SCR Gogo Shell Support, service.id=48, service.bundleid=31, service.scope=singleton, osgi.command.function=[config,disable,enable,info,list], service.vendor=The Apache Software Foundation}
[[1;34mINFO[m] [b83b57e5-5560-4584-bba5-7cfcb11bd3f4][extension>org.eclipse.tycho:tycho-maven-plugin:4.0.10] org.osgi.service.cm.ManagedService registered by org.apache.felix.scr | {service.description=SCR Configurator, service.id=49, service.bundleid=31, service.scope=bundle, service.vendor=The Apache Software Foundation, service.pid=org.apache.felix.scr.ScrService}
[[1;34mINFO[m] [b83b57e5-5560-4584-bba5-7cfcb11bd3f4][extension>org.eclipse.tycho:tycho-maven-plugin:4.0.10] org.osgi.service.metatype.MetaTypeProvider registered by org.apache.felix.scr | {service.description=SCR Configurator MetaTypeProvider, service.id=50, service.bundleid=31, service.scope=bundle, metatype.pid=org.apache.felix.scr.ScrService, service.vendor=The Apache Software Foundation}
[[1;34mINFO[m] [b83b57e5-5560-4584-bba5-7cfcb11bd3f4][extension>org.eclipse.tycho:tycho-maven-plugin:4.0.10] org.eclipse.osgi.service.urlconversion.URLConverter registered by org.eclipse.equinox.common | {service.id=51, service.bundleid=38, service.scope=singleton, protocol=platform}
[[1;34mINFO[m] [b83b57e5-5560-4584-bba5-7cfcb11bd3f4][extension>org.eclipse.tycho:tycho-maven-plugin:4.0.10] org.eclipse.core.runtime.IAdapterManager registered by org.eclipse.equinox.common | {service.id=52, service.bundleid=38, service.scope=singleton}
[[1;34mINFO[m] [b83b57e5-5560-4584-bba5-7cfcb11bd3f4][extension>org.eclipse.tycho:tycho-maven-plugin:4.0.10] org.osgi.service.url.URLStreamHandlerService registered by org.eclipse.equinox.common | {service.id=53, url.handler.protocol=[platform], service.bundleid=38, service.scope=singleton}
[[1;34mINFO[m] [b83b57e5-5560-4584-bba5-7cfcb11bd3f4][extension>org.eclipse.tycho:tycho-maven-plugin:4.0.10] org.osgi.service.url.URLStreamHandlerService registered by org.eclipse.equinox.common | {service.id=54, url.handler.protocol=[data], service.bundleid=38, service.scope=singleton}
[[1;34mINFO[m] [b83b57e5-5560-4584-bba5-7cfcb11bd3f4][extension>org.eclipse.tycho:tycho-maven-plugin:4.0.10] org.eclipse.osgi.service.debug.DebugOptionsListener registered by org.eclipse.equinox.common | {listener.symbolic.name=org.eclipse.equinox.common, service.id=55, service.bundleid=38, service.scope=singleton}
[[1;34mINFO[m] [b83b57e5-5560-4584-bba5-7cfcb11bd3f4][extension>org.eclipse.tycho:tycho-maven-plugin:4.0.10] org.eclipse.core.runtime.IExtensionRegistry registered by org.eclipse.equinox.registry | {service.id=56, service.bundleid=40, service.scope=singleton}
[[1;34mINFO[m] [b83b57e5-5560-4584-bba5-7cfcb11bd3f4][extension>org.eclipse.tycho:tycho-maven-plugin:4.0.10] org.eclipse.osgi.framework.console.CommandProvider registered by org.eclipse.equinox.registry | {service.id=57, service.bundleid=40, service.scope=singleton}
[[1;36mDEBUG[m] [b83b57e5-5560-4584-bba5-7cfcb11bd3f4][extension>org.eclipse.tycho:tycho-maven-plugin:4.0.10] Searching bundle for class interface org.eclipse.equinox.p2.core.IProvisioningAgent and location file:/home/endrix/.m2/repository/org/eclipse/platform/org.eclipse.equinox.p2.core/2.12.100/org.eclipse.equinox.p2.core-2.12.100.jar
[[1;36mDEBUG[m] [b83b57e5-5560-4584-bba5-7cfcb11bd3f4][extension>org.eclipse.tycho:tycho-maven-plugin:4.0.10] Return bundle org.eclipse.equinox.p2.core for location file:/home/endrix/.m2/repository/org/eclipse/platform/org.eclipse.equinox.p2.core/2.12.100/org.eclipse.equinox.p2.core-2.12.100.jar
[[1;36mDEBUG[m] [b83b57e5-5560-4584-bba5-7cfcb11bd3f4][extension>org.eclipse.tycho:tycho-maven-plugin:4.0.10] Searching bundle for class interface org.eclipse.equinox.p2.core.spi.IAgentServiceFactory and location file:/home/endrix/.m2/repository/org/eclipse/platform/org.eclipse.equinox.p2.core/2.12.100/org.eclipse.equinox.p2.core-2.12.100.jar
[[1;36mDEBUG[m] [b83b57e5-5560-4584-bba5-7cfcb11bd3f4][extension>org.eclipse.tycho:tycho-maven-plugin:4.0.10] Return bundle org.eclipse.equinox.p2.core for location file:/home/endrix/.m2/repository/org/eclipse/platform/org.eclipse.equinox.p2.core/2.12.100/org.eclipse.equinox.p2.core-2.12.100.jar
[[1;36mDEBUG[m] [b83b57e5-5560-4584-bba5-7cfcb11bd3f4][extension>org.eclipse.tycho:tycho-maven-plugin:4.0.10] Searching bundle for class interface org.eclipse.equinox.p2.core.spi.IAgentServiceFactory and location file:/home/endrix/.m2/repository/org/eclipse/platform/org.eclipse.equinox.p2.core/2.12.100/org.eclipse.equinox.p2.core-2.12.100.jar
[[1;36mDEBUG[m] [b83b57e5-5560-4584-bba5-7cfcb11bd3f4][extension>org.eclipse.tycho:tycho-maven-plugin:4.0.10] Return bundle org.eclipse.equinox.p2.core for location file:/home/endrix/.m2/repository/org/eclipse/platform/org.eclipse.equinox.p2.core/2.12.100/org.eclipse.equinox.p2.core-2.12.100.jar
[[1;36mDEBUG[m] Computing installable units for MavenProject: turnus:turnus.ui:1.0.0-SNAPSHOT @ /home/endrix/git/dataflow/streamblocks/turnus/turnus.ui/pom.xml, force update = false
[[1;36mDEBUG[m] Computing installable units for MavenProject: turnus:turnus.model:1.0.0-SNAPSHOT @ /home/endrix/git/dataflow/streamblocks/turnus/turnus.model/pom.xml, force update = false
[[1;36mDEBUG[m] Computing installable units for MavenProject: turnus:turnus.core:1.0.0-SNAPSHOT @ /home/endrix/git/dataflow/streamblocks/turnus/pom.xml, force update = false
[[1;36mDEBUG[m] Computing installable units for MavenProject: turnus:turnus.bundle:1.0.0-SNAPSHOT @ /home/endrix/git/dataflow/streamblocks/turnus/turnus.bundle/pom.xml, force update = false
[[1;36mDEBUG[m] Computing installable units for MavenProject: turnus:turnus.adevs:1.0.0-SNAPSHOT @ /home/endrix/git/dataflow/streamblocks/turnus/turnus.adevs/pom.xml, force update = false
[[1;36mDEBUG[m] Computing installable units for MavenProject: turnus:turnus.common:1.0.0-SNAPSHOT @ /home/endrix/git/dataflow/streamblocks/turnus/turnus.common/pom.xml, force update = false
[[1;36mDEBUG[m] Computing installable units for MavenProject: turnus:turnus.analysis.ui:1.0.0-SNAPSHOT @ /home/endrix/git/dataflow/streamblocks/turnus/turnus.analysis.ui/pom.xml, force update = false
[[1;36mDEBUG[m] Computing installable units for MavenProject: turnus:turnus.feature:1.0.0-SNAPSHOT @ /home/endrix/git/dataflow/streamblocks/turnus/turnus.feature/pom.xml, force update = false
[[1;36mDEBUG[m] Computing installable units for MavenProject: turnus:turnus.target:1.0.0-SNAPSHOT @ /home/endrix/git/dataflow/streamblocks/turnus/turnus.target/pom.xml, force update = false
[[1;36mDEBUG[m] Computing installable units for MavenProject: turnus:turnus.analysis:1.0.0-SNAPSHOT @ /home/endrix/git/dataflow/streamblocks/turnus/turnus.analysis/pom.xml, force update = false
[[1;36mDEBUG[m] Asking org.eclipse.tycho.source.SourceInstallableUnitProvider@65a07b16 for additional units for MavenProject: turnus:turnus.ui:1.0.0-SNAPSHOT @ /home/endrix/git/dataflow/streamblocks/turnus/turnus.ui/pom.xml
[[1;36mDEBUG[m] Asking org.eclipse.tycho.source.SourceInstallableUnitProvider@65a07b16 for additional units for MavenProject: turnus:turnus.target:1.0.0-SNAPSHOT @ /home/endrix/git/dataflow/streamblocks/turnus/turnus.target/pom.xml
[[1;36mDEBUG[m] Asking org.eclipse.tycho.source.SourceInstallableUnitProvider@65a07b16 for additional units for MavenProject: turnus:turnus.feature:1.0.0-SNAPSHOT @ /home/endrix/git/dataflow/streamblocks/turnus/turnus.feature/pom.xml
[[1;36mDEBUG[m] Asking org.eclipse.tycho.source.SourceInstallableUnitProvider@65a07b16 for additional units for MavenProject: turnus:turnus.bundle:1.0.0-SNAPSHOT @ /home/endrix/git/dataflow/streamblocks/turnus/turnus.bundle/pom.xml
[[1;36mDEBUG[m] Asking org.eclipse.tycho.source.SourceInstallableUnitProvider@65a07b16 for additional units for MavenProject: turnus:turnus.adevs:1.0.0-SNAPSHOT @ /home/endrix/git/dataflow/streamblocks/turnus/turnus.adevs/pom.xml
[[1;36mDEBUG[m] Asking org.eclipse.tycho.source.SourceInstallableUnitProvider@65a07b16 for additional units for MavenProject: turnus:turnus.analysis:1.0.0-SNAPSHOT @ /home/endrix/git/dataflow/streamblocks/turnus/turnus.analysis/pom.xml
[[1;36mDEBUG[m] Asking org.eclipse.tycho.source.SourceInstallableUnitProvider@65a07b16 for additional units for MavenProject: turnus:turnus.analysis.ui:1.0.0-SNAPSHOT @ /home/endrix/git/dataflow/streamblocks/turnus/turnus.analysis.ui/pom.xml
[[1;36mDEBUG[m] Asking org.eclipse.tycho.source.SourceInstallableUnitProvider@65a07b16 for additional units for MavenProject: turnus:turnus.model:1.0.0-SNAPSHOT @ /home/endrix/git/dataflow/streamblocks/turnus/turnus.model/pom.xml
[[1;36mDEBUG[m] Asking org.eclipse.tycho.source.SourceInstallableUnitProvider@65a07b16 for additional units for MavenProject: turnus:turnus.common:1.0.0-SNAPSHOT @ /home/endrix/git/dataflow/streamblocks/turnus/turnus.common/pom.xml
[[1;36mDEBUG[m] Provider org.eclipse.tycho.source.SourceInstallableUnitProvider@65a07b16 generated 1 ([turnus.ui.source 1.0.0.qualifier]) units for MavenProject: turnus:turnus.ui:1.0.0-SNAPSHOT @ /home/endrix/git/dataflow/streamblocks/turnus/turnus.ui/pom.xml
[[1;36mDEBUG[m] Provider org.eclipse.tycho.source.SourceInstallableUnitProvider@65a07b16 generated 1 ([turnus.analysis.source 1.0.0.qualifier]) units for MavenProject: turnus:turnus.analysis:1.0.0-SNAPSHOT @ /home/endrix/git/dataflow/streamblocks/turnus/turnus.analysis/pom.xml
[[1;36mDEBUG[m] Provider org.eclipse.tycho.source.SourceInstallableUnitProvider@65a07b16 generated 1 ([turnus.bundle.source 1.0.0.qualifier]) units for MavenProject: turnus:turnus.bundle:1.0.0-SNAPSHOT @ /home/endrix/git/dataflow/streamblocks/turnus/turnus.bundle/pom.xml
[[1;36mDEBUG[m] Asking org.eclipse.tycho.core.bnd.PdeInstallableUnitProvider@697f4085 for additional units for MavenProject: turnus:turnus.analysis:1.0.0-SNAPSHOT @ /home/endrix/git/dataflow/streamblocks/turnus/turnus.analysis/pom.xml
[[1;36mDEBUG[m] Provider org.eclipse.tycho.source.SourceInstallableUnitProvider@65a07b16 generated 1 ([turnus.model.source 1.0.0.qualifier]) units for MavenProject: turnus:turnus.model:1.0.0-SNAPSHOT @ /home/endrix/git/dataflow/streamblocks/turnus/turnus.model/pom.xml
[[1;36mDEBUG[m] Provider org.eclipse.tycho.source.SourceInstallableUnitProvider@65a07b16 generated 1 ([turnus.common.source 1.0.0.qualifier]) units for MavenProject: turnus:turnus.common:1.0.0-SNAPSHOT @ /home/endrix/git/dataflow/streamblocks/turnus/turnus.common/pom.xml
[[1;36mDEBUG[m] Provider org.eclipse.tycho.source.SourceInstallableUnitProvider@65a07b16 generated 0 ([]) units for MavenProject: turnus:turnus.target:1.0.0-SNAPSHOT @ /home/endrix/git/dataflow/streamblocks/turnus/turnus.target/pom.xml
[[1;36mDEBUG[m] Provider org.eclipse.tycho.source.SourceInstallableUnitProvider@65a07b16 generated 1 ([turnus.analysis.ui.source 1.0.0.qualifier]) units for MavenProject: turnus:turnus.analysis.ui:1.0.0-SNAPSHOT @ /home/endrix/git/dataflow/streamblocks/turnus/turnus.analysis.ui/pom.xml
[[1;36mDEBUG[m] Asking org.eclipse.tycho.core.bnd.PdeInstallableUnitProvider@697f4085 for additional units for MavenProject: turnus:turnus.ui:1.0.0-SNAPSHOT @ /home/endrix/git/dataflow/streamblocks/turnus/turnus.ui/pom.xml
[[1;36mDEBUG[m] Asking org.eclipse.tycho.core.bnd.PdeInstallableUnitProvider@697f4085 for additional units for MavenProject: turnus:turnus.analysis.ui:1.0.0-SNAPSHOT @ /home/endrix/git/dataflow/streamblocks/turnus/turnus.analysis.ui/pom.xml
[[1;36mDEBUG[m] Asking org.eclipse.tycho.core.bnd.PdeInstallableUnitProvider@697f4085 for additional units for MavenProject: turnus:turnus.target:1.0.0-SNAPSHOT @ /home/endrix/git/dataflow/streamblocks/turnus/turnus.target/pom.xml
[[1;36mDEBUG[m] Asking org.eclipse.tycho.core.bnd.PdeInstallableUnitProvider@697f4085 for additional units for MavenProject: turnus:turnus.common:1.0.0-SNAPSHOT @ /home/endrix/git/dataflow/streamblocks/turnus/turnus.common/pom.xml
[[1;36mDEBUG[m] Asking org.eclipse.tycho.core.bnd.PdeInstallableUnitProvider@697f4085 for additional units for MavenProject: turnus:turnus.model:1.0.0-SNAPSHOT @ /home/endrix/git/dataflow/streamblocks/turnus/turnus.model/pom.xml
[[1;36mDEBUG[m] Provider org.eclipse.tycho.core.bnd.PdeInstallableUnitProvider@697f4085 generated 0 ([]) units for MavenProject: turnus:turnus.analysis:1.0.0-SNAPSHOT @ /home/endrix/git/dataflow/streamblocks/turnus/turnus.analysis/pom.xml
[[1;36mDEBUG[m] Provider org.eclipse.tycho.core.bnd.PdeInstallableUnitProvider@697f4085 generated 0 ([]) units for MavenProject: turnus:turnus.model:1.0.0-SNAPSHOT @ /home/endrix/git/dataflow/streamblocks/turnus/turnus.model/pom.xml
[[1;36mDEBUG[m] Asking org.eclipse.tycho.core.bnd.PdeInstallableUnitProvider@697f4085 for additional units for MavenProject: turnus:turnus.bundle:1.0.0-SNAPSHOT @ /home/endrix/git/dataflow/streamblocks/turnus/turnus.bundle/pom.xml
[[1;36mDEBUG[m] Asking org.eclipse.tycho.core.resolver.TestPluginPackagingInstallableUnitProvider@38cd7531 for additional units for MavenProject: turnus:turnus.model:1.0.0-SNAPSHOT @ /home/endrix/git/dataflow/streamblocks/turnus/turnus.model/pom.xml
[[1;36mDEBUG[m] Provider org.eclipse.tycho.core.bnd.PdeInstallableUnitProvider@697f4085 generated 0 ([]) units for MavenProject: turnus:turnus.bundle:1.0.0-SNAPSHOT @ /home/endrix/git/dataflow/streamblocks/turnus/turnus.bundle/pom.xml
[[1;36mDEBUG[m] Asking org.eclipse.tycho.core.resolver.TestPluginPackagingInstallableUnitProvider@38cd7531 for additional units for MavenProject: turnus:turnus.analysis:1.0.0-SNAPSHOT @ /home/endrix/git/dataflow/streamblocks/turnus/turnus.analysis/pom.xml
[[1;36mDEBUG[m] Provider org.eclipse.tycho.core.resolver.TestPluginPackagingInstallableUnitProvider@38cd7531 generated 0 ([]) units for MavenProject: turnus:turnus.model:1.0.0-SNAPSHOT @ /home/endrix/git/dataflow/streamblocks/turnus/turnus.model/pom.xml
[[1;36mDEBUG[m] Provider org.eclipse.tycho.core.bnd.PdeInstallableUnitProvider@697f4085 generated 0 ([]) units for MavenProject: turnus:turnus.target:1.0.0-SNAPSHOT @ /home/endrix/git/dataflow/streamblocks/turnus/turnus.target/pom.xml
[[1;36mDEBUG[m] Provider org.eclipse.tycho.core.bnd.PdeInstallableUnitProvider@697f4085 generated 0 ([]) units for MavenProject: turnus:turnus.common:1.0.0-SNAPSHOT @ /home/endrix/git/dataflow/streamblocks/turnus/turnus.common/pom.xml
[[1;36mDEBUG[m] Provider org.eclipse.tycho.core.bnd.PdeInstallableUnitProvider@697f4085 generated 0 ([]) units for MavenProject: turnus:turnus.analysis.ui:1.0.0-SNAPSHOT @ /home/endrix/git/dataflow/streamblocks/turnus/turnus.analysis.ui/pom.xml
[[1;36mDEBUG[m] Provider org.eclipse.tycho.source.SourceInstallableUnitProvider@65a07b16 generated 1 ([turnus.adevs.source 1.0.0.qualifier]) units for MavenProject: turnus:turnus.adevs:1.0.0-SNAPSHOT @ /home/endrix/git/dataflow/streamblocks/turnus/turnus.adevs/pom.xml
[[1;36mDEBUG[m] Provider org.eclipse.tycho.core.bnd.PdeInstallableUnitProvider@697f4085 generated 0 ([]) units for MavenProject: turnus:turnus.ui:1.0.0-SNAPSHOT @ /home/endrix/git/dataflow/streamblocks/turnus/turnus.ui/pom.xml
[[1;36mDEBUG[m] Asking org.eclipse.tycho.core.resolver.TestPluginPackagingInstallableUnitProvider@38cd7531 for additional units for MavenProject: turnus:turnus.analysis.ui:1.0.0-SNAPSHOT @ /home/endrix/git/dataflow/streamblocks/turnus/turnus.analysis.ui/pom.xml
[[1;36mDEBUG[m] Asking org.eclipse.tycho.core.resolver.TestPluginPackagingInstallableUnitProvider@38cd7531 for additional units for MavenProject: turnus:turnus.common:1.0.0-SNAPSHOT @ /home/endrix/git/dataflow/streamblocks/turnus/turnus.common/pom.xml
[[1;36mDEBUG[m] Asking org.eclipse.tycho.core.resolver.TestPluginPackagingInstallableUnitProvider@38cd7531 for additional units for MavenProject: turnus:turnus.target:1.0.0-SNAPSHOT @ /home/endrix/git/dataflow/streamblocks/turnus/turnus.target/pom.xml
[[1;36mDEBUG[m] Asking org.eclipse.tycho.target.TargetPlatformConfigurationInstallableUnitProvider@5204fb89 for additional units for MavenProject: turnus:turnus.model:1.0.0-SNAPSHOT @ /home/endrix/git/dataflow/streamblocks/turnus/turnus.model/pom.xml
[[1;36mDEBUG[m] Provider org.eclipse.tycho.core.resolver.TestPluginPackagingInstallableUnitProvider@38cd7531 generated 0 ([]) units for MavenProject: turnus:turnus.analysis:1.0.0-SNAPSHOT @ /home/endrix/git/dataflow/streamblocks/turnus/turnus.analysis/pom.xml
[[1;36mDEBUG[m] Asking org.eclipse.tycho.core.resolver.TestPluginPackagingInstallableUnitProvider@38cd7531 for additional units for MavenProject: turnus:turnus.bundle:1.0.0-SNAPSHOT @ /home/endrix/git/dataflow/streamblocks/turnus/turnus.bundle/pom.xml
[[1;36mDEBUG[m] Asking org.eclipse.tycho.target.TargetPlatformConfigurationInstallableUnitProvider@5204fb89 for additional units for MavenProject: turnus:turnus.analysis:1.0.0-SNAPSHOT @ /home/endrix/git/dataflow/streamblocks/turnus/turnus.analysis/pom.xml
[[1;36mDEBUG[m] Provider org.eclipse.tycho.core.resolver.TestPluginPackagingInstallableUnitProvider@38cd7531 generated 0 ([]) units for MavenProject: turnus:turnus.target:1.0.0-SNAPSHOT @ /home/endrix/git/dataflow/streamblocks/turnus/turnus.target/pom.xml
[[1;36mDEBUG[m] Provider org.eclipse.tycho.core.resolver.TestPluginPackagingInstallableUnitProvider@38cd7531 generated 0 ([]) units for MavenProject: turnus:turnus.common:1.0.0-SNAPSHOT @ /home/endrix/git/dataflow/streamblocks/turnus/turnus.common/pom.xml
[[1;36mDEBUG[m] Provider org.eclipse.tycho.core.resolver.TestPluginPackagingInstallableUnitProvider@38cd7531 generated 0 ([]) units for MavenProject: turnus:turnus.analysis.ui:1.0.0-SNAPSHOT @ /home/endrix/git/dataflow/streamblocks/turnus/turnus.analysis.ui/pom.xml
[[1;36mDEBUG[m] Asking org.eclipse.tycho.core.bnd.PdeInstallableUnitProvider@697f4085 for additional units for MavenProject: turnus:turnus.adevs:1.0.0-SNAPSHOT @ /home/endrix/git/dataflow/streamblocks/turnus/turnus.adevs/pom.xml
[[1;36mDEBUG[m] Asking org.eclipse.tycho.core.resolver.TestPluginPackagingInstallableUnitProvider@38cd7531 for additional units for MavenProject: turnus:turnus.ui:1.0.0-SNAPSHOT @ /home/endrix/git/dataflow/streamblocks/turnus/turnus.ui/pom.xml
[[1;36mDEBUG[m] Asking org.eclipse.tycho.target.TargetPlatformConfigurationInstallableUnitProvider@5204fb89 for additional units for MavenProject: turnus:turnus.analysis.ui:1.0.0-SNAPSHOT @ /home/endrix/git/dataflow/streamblocks/turnus/turnus.analysis.ui/pom.xml
[[1;36mDEBUG[m] Provider org.eclipse.tycho.core.bnd.PdeInstallableUnitProvider@697f4085 generated 0 ([]) units for MavenProject: turnus:turnus.adevs:1.0.0-SNAPSHOT @ /home/endrix/git/dataflow/streamblocks/turnus/turnus.adevs/pom.xml
[[1;36mDEBUG[m] Asking org.eclipse.tycho.target.TargetPlatformConfigurationInstallableUnitProvider@5204fb89 for additional units for MavenProject: turnus:turnus.common:1.0.0-SNAPSHOT @ /home/endrix/git/dataflow/streamblocks/turnus/turnus.common/pom.xml
[[1;36mDEBUG[m] Asking org.eclipse.tycho.target.TargetPlatformConfigurationInstallableUnitProvider@5204fb89 for additional units for MavenProject: turnus:turnus.target:1.0.0-SNAPSHOT @ /home/endrix/git/dataflow/streamblocks/turnus/turnus.target/pom.xml
[[1;36mDEBUG[m] Provider org.eclipse.tycho.core.resolver.TestPluginPackagingInstallableUnitProvider@38cd7531 generated 0 ([]) units for MavenProject: turnus:turnus.bundle:1.0.0-SNAPSHOT @ /home/endrix/git/dataflow/streamblocks/turnus/turnus.bundle/pom.xml
[[1;36mDEBUG[m] Asking org.eclipse.tycho.target.TargetPlatformConfigurationInstallableUnitProvider@5204fb89 for additional units for MavenProject: turnus:turnus.bundle:1.0.0-SNAPSHOT @ /home/endrix/git/dataflow/streamblocks/turnus/turnus.bundle/pom.xml
[[1;36mDEBUG[m] Asking org.eclipse.tycho.core.resolver.TestPluginPackagingInstallableUnitProvider@38cd7531 for additional units for MavenProject: turnus:turnus.adevs:1.0.0-SNAPSHOT @ /home/endrix/git/dataflow/streamblocks/turnus/turnus.adevs/pom.xml
[[1;36mDEBUG[m] Provider org.eclipse.tycho.core.resolver.TestPluginPackagingInstallableUnitProvider@38cd7531 generated 0 ([]) units for MavenProject: turnus:turnus.adevs:1.0.0-SNAPSHOT @ /home/endrix/git/dataflow/streamblocks/turnus/turnus.adevs/pom.xml
[[1;36mDEBUG[m] Asking org.eclipse.tycho.target.TargetPlatformConfigurationInstallableUnitProvider@5204fb89 for additional units for MavenProject: turnus:turnus.adevs:1.0.0-SNAPSHOT @ /home/endrix/git/dataflow/streamblocks/turnus/turnus.adevs/pom.xml
[[1;36mDEBUG[m] Provider org.eclipse.tycho.core.resolver.TestPluginPackagingInstallableUnitProvider@38cd7531 generated 0 ([]) units for MavenProject: turnus:turnus.ui:1.0.0-SNAPSHOT @ /home/endrix/git/dataflow/streamblocks/turnus/turnus.ui/pom.xml
[[1;36mDEBUG[m] Asking org.eclipse.tycho.core.resolver.AdditionalBundleRequirementsInstallableUnitProvider@7e1f88e2 for additional units for MavenProject: turnus:turnus.ui:1.0.0-SNAPSHOT @ /home/endrix/git/dataflow/streamblocks/turnus/turnus.ui/pom.xml
[[1;36mDEBUG[m] target-platform-configuration for MavenProject: turnus:turnus.analysis:1.0.0-SNAPSHOT @ /home/endrix/git/dataflow/streamblocks/turnus/turnus.analysis/pom.xml:
<?xml version="1.0" encoding="UTF-8"?>
<configuration>
  <pomDependencies>wrapAsBundle</pomDependencies>
  <target>
    <artifact>
      <groupId>turnus</groupId>
      <artifactId>turnus.target</artifactId>
      <version>1.0.0-SNAPSHOT</version>
    </artifact>
  </target>
  <executionEnvironment>JavaSE-17</executionEnvironment>
  <environments>
    <environment>
      <os>macosx</os>
      <ws>cocoa</ws>
      <arch>x86_64</arch>
    </environment>
    <environment>
      <os>macosx</os>
      <ws>cocoa</ws>
      <arch>aarch64</arch>
    </environment>
    <environment>
      <os>win32</os>
      <ws>win32</ws>
      <arch>x86_64</arch>
    </environment>
    <environment>
      <os>linux</os>
      <ws>gtk</ws>
      <arch>x86_64</arch>
    </environment>
  </environments>
  <dependency-resolution>
    <extraRequirements>
      <requirement>
        <type>eclipse-plugin</type>
        <id>org.eclipse.xtext.logging</id>
        <versionRange>1.2.24</versionRange>
      </requirement>
      <requirement>
        <type>eclipse-feature</type>
        <id>org.eclipse.rcp</id>
        <versionRange>0.0.0</versionRange>
      </requirement>
    </extraRequirements>
  </dependency-resolution>
</configuration>
[[1;36mDEBUG[m] target-platform-configuration for MavenProject: turnus:turnus.model:1.0.0-SNAPSHOT @ /home/endrix/git/dataflow/streamblocks/turnus/turnus.model/pom.xml:
<?xml version="1.0" encoding="UTF-8"?>
<configuration>
  <pomDependencies>wrapAsBundle</pomDependencies>
  <target>
    <artifact>
      <groupId>turnus</groupId>
      <artifactId>turnus.target</artifactId>
      <version>1.0.0-SNAPSHOT</version>
    </artifact>
  </target>
  <executionEnvironment>JavaSE-17</executionEnvironment>
  <environments>
    <environment>
      <os>macosx</os>
      <ws>cocoa</ws>
      <arch>x86_64</arch>
    </environment>
    <environment>
      <os>macosx</os>
      <ws>cocoa</ws>
      <arch>aarch64</arch>
    </environment>
    <environment>
      <os>win32</os>
      <ws>win32</ws>
      <arch>x86_64</arch>
    </environment>
    <environment>
      <os>linux</os>
      <ws>gtk</ws>
      <arch>x86_64</arch>
    </environment>
  </environments>
  <dependency-resolution>
    <extraRequirements>
      <requirement>
        <type>eclipse-plugin</type>
        <id>org.eclipse.xtext.logging</id>
        <versionRange>1.2.24</versionRange>
      </requirement>
      <requirement>
        <type>eclipse-feature</type>
        <id>org.eclipse.rcp</id>
        <versionRange>0.0.0</versionRange>
      </requirement>
    </extraRequirements>
  </dependency-resolution>
</configuration>
[[1;36mDEBUG[m] Provider org.eclipse.tycho.core.resolver.AdditionalBundleRequirementsInstallableUnitProvider@7e1f88e2 generated 0 ([]) units for MavenProject: turnus:turnus.ui:1.0.0-SNAPSHOT @ /home/endrix/git/dataflow/streamblocks/turnus/turnus.ui/pom.xml
[[1;36mDEBUG[m] Asking org.eclipse.tycho.target.TargetPlatformConfigurationInstallableUnitProvider@5204fb89 for additional units for MavenProject: turnus:turnus.ui:1.0.0-SNAPSHOT @ /home/endrix/git/dataflow/streamblocks/turnus/turnus.ui/pom.xml
[[1;36mDEBUG[m] target-platform-configuration for MavenProject: turnus:turnus.analysis.ui:1.0.0-SNAPSHOT @ /home/endrix/git/dataflow/streamblocks/turnus/turnus.analysis.ui/pom.xml:
<?xml version="1.0" encoding="UTF-8"?>
<configuration>
  <pomDependencies>wrapAsBundle</pomDependencies>
  <target>
    <artifact>
      <groupId>turnus</groupId>
      <artifactId>turnus.target</artifactId>
      <version>1.0.0-SNAPSHOT</version>
    </artifact>
  </target>
  <executionEnvironment>JavaSE-17</executionEnvironment>
  <environments>
    <environment>
      <os>macosx</os>
      <ws>cocoa</ws>
      <arch>x86_64</arch>
    </environment>
    <environment>
      <os>macosx</os>
      <ws>cocoa</ws>
      <arch>aarch64</arch>
    </environment>
    <environment>
      <os>win32</os>
      <ws>win32</ws>
      <arch>x86_64</arch>
    </environment>
    <environment>
      <os>linux</os>
      <ws>gtk</ws>
      <arch>x86_64</arch>
    </environment>
  </environments>
  <dependency-resolution>
    <extraRequirements>
      <requirement>
        <type>eclipse-plugin</type>
        <id>org.eclipse.xtext.logging</id>
        <versionRange>1.2.24</versionRange>
      </requirement>
      <requirement>
        <type>eclipse-feature</type>
        <id>org.eclipse.rcp</id>
        <versionRange>0.0.0</versionRange>
      </requirement>
    </extraRequirements>
  </dependency-resolution>
</configuration>
[[1;36mDEBUG[m] target-platform-configuration for MavenProject: turnus:turnus.common:1.0.0-SNAPSHOT @ /home/endrix/git/dataflow/streamblocks/turnus/turnus.common/pom.xml:
<?xml version="1.0" encoding="UTF-8"?>
<configuration>
  <pomDependencies>wrapAsBundle</pomDependencies>
  <target>
    <artifact>
      <groupId>turnus</groupId>
      <artifactId>turnus.target</artifactId>
      <version>1.0.0-SNAPSHOT</version>
    </artifact>
  </target>
  <executionEnvironment>JavaSE-17</executionEnvironment>
  <environments>
    <environment>
      <os>macosx</os>
      <ws>cocoa</ws>
      <arch>x86_64</arch>
    </environment>
    <environment>
      <os>macosx</os>
      <ws>cocoa</ws>
      <arch>aarch64</arch>
    </environment>
    <environment>
      <os>win32</os>
      <ws>win32</ws>
      <arch>x86_64</arch>
    </environment>
    <environment>
      <os>linux</os>
      <ws>gtk</ws>
      <arch>x86_64</arch>
    </environment>
  </environments>
  <dependency-resolution>
    <extraRequirements>
      <requirement>
        <type>eclipse-plugin</type>
        <id>org.eclipse.xtext.logging</id>
        <versionRange>1.2.24</versionRange>
      </requirement>
      <requirement>
        <type>eclipse-feature</type>
        <id>org.eclipse.rcp</id>
        <versionRange>0.0.0</versionRange>
      </requirement>
    </extraRequirements>
  </dependency-resolution>
</configuration>
[[1;36mDEBUG[m] target-platform-configuration for MavenProject: turnus:turnus.bundle:1.0.0-SNAPSHOT @ /home/endrix/git/dataflow/streamblocks/turnus/turnus.bundle/pom.xml:
<?xml version="1.0" encoding="UTF-8"?>
<configuration>
  <pomDependencies>wrapAsBundle</pomDependencies>
  <target>
    <artifact>
      <groupId>turnus</groupId>
      <artifactId>turnus.target</artifactId>
      <version>1.0.0-SNAPSHOT</version>
    </artifact>
  </target>
  <executionEnvironment>JavaSE-17</executionEnvironment>
  <environments>
    <environment>
      <os>macosx</os>
      <ws>cocoa</ws>
      <arch>x86_64</arch>
    </environment>
    <environment>
      <os>macosx</os>
      <ws>cocoa</ws>
      <arch>aarch64</arch>
    </environment>
    <environment>
      <os>win32</os>
      <ws>win32</ws>
      <arch>x86_64</arch>
    </environment>
    <environment>
      <os>linux</os>
      <ws>gtk</ws>
      <arch>x86_64</arch>
    </environment>
  </environments>
  <dependency-resolution>
    <extraRequirements>
      <requirement>
        <type>eclipse-plugin</type>
        <id>org.eclipse.xtext.logging</id>
        <versionRange>1.2.24</versionRange>
      </requirement>
      <requirement>
        <type>eclipse-feature</type>
        <id>org.eclipse.rcp</id>
        <versionRange>0.0.0</versionRange>
      </requirement>
    </extraRequirements>
  </dependency-resolution>
</configuration>
[[1;36mDEBUG[m] target-platform-configuration for MavenProject: turnus:turnus.target:1.0.0-SNAPSHOT @ /home/endrix/git/dataflow/streamblocks/turnus/turnus.target/pom.xml:
<?xml version="1.0" encoding="UTF-8"?>
<configuration>
  <pomDependencies>wrapAsBundle</pomDependencies>
  <target>
    <artifact>
      <groupId>turnus</groupId>
      <artifactId>turnus.target</artifactId>
      <version>1.0.0-SNAPSHOT</version>
    </artifact>
  </target>
  <executionEnvironment>JavaSE-17</executionEnvironment>
  <environments>
    <environment>
      <os>macosx</os>
      <ws>cocoa</ws>
      <arch>x86_64</arch>
    </environment>
    <environment>
      <os>macosx</os>
      <ws>cocoa</ws>
      <arch>aarch64</arch>
    </environment>
    <environment>
      <os>win32</os>
      <ws>win32</ws>
      <arch>x86_64</arch>
    </environment>
    <environment>
      <os>linux</os>
      <ws>gtk</ws>
      <arch>x86_64</arch>
    </environment>
  </environments>
  <dependency-resolution>
    <extraRequirements>
      <requirement>
        <type>eclipse-plugin</type>
        <id>org.eclipse.xtext.logging</id>
        <versionRange>1.2.24</versionRange>
      </requirement>
      <requirement>
        <type>eclipse-feature</type>
        <id>org.eclipse.rcp</id>
        <versionRange>0.0.0</versionRange>
      </requirement>
    </extraRequirements>
  </dependency-resolution>
</configuration>
[[1;36mDEBUG[m] target-platform-configuration for MavenProject: turnus:turnus.adevs:1.0.0-SNAPSHOT @ /home/endrix/git/dataflow/streamblocks/turnus/turnus.adevs/pom.xml:
<?xml version="1.0" encoding="UTF-8"?>
<configuration>
  <pomDependencies>wrapAsBundle</pomDependencies>
  <target>
    <artifact>
      <groupId>turnus</groupId>
      <artifactId>turnus.target</artifactId>
      <version>1.0.0-SNAPSHOT</version>
    </artifact>
  </target>
  <executionEnvironment>JavaSE-17</executionEnvironment>
  <environments>
    <environment>
      <os>macosx</os>
      <ws>cocoa</ws>
      <arch>x86_64</arch>
    </environment>
    <environment>
      <os>macosx</os>
      <ws>cocoa</ws>
      <arch>aarch64</arch>
    </environment>
    <environment>
      <os>win32</os>
      <ws>win32</ws>
      <arch>x86_64</arch>
    </environment>
    <environment>
      <os>linux</os>
      <ws>gtk</ws>
      <arch>x86_64</arch>
    </environment>
  </environments>
  <dependency-resolution>
    <extraRequirements>
      <requirement>
        <type>eclipse-plugin</type>
        <id>org.eclipse.xtext.logging</id>
        <versionRange>1.2.24</versionRange>
      </requirement>
      <requirement>
        <type>eclipse-feature</type>
        <id>org.eclipse.rcp</id>
        <versionRange>0.0.0</versionRange>
      </requirement>
    </extraRequirements>
  </dependency-resolution>
</configuration>
[[1;36mDEBUG[m] target-platform-configuration for MavenProject: turnus:turnus.ui:1.0.0-SNAPSHOT @ /home/endrix/git/dataflow/streamblocks/turnus/turnus.ui/pom.xml:
<?xml version="1.0" encoding="UTF-8"?>
<configuration>
  <pomDependencies>wrapAsBundle</pomDependencies>
  <target>
    <artifact>
      <groupId>turnus</groupId>
      <artifactId>turnus.target</artifactId>
      <version>1.0.0-SNAPSHOT</version>
    </artifact>
  </target>
  <executionEnvironment>JavaSE-17</executionEnvironment>
  <environments>
    <environment>
      <os>macosx</os>
      <ws>cocoa</ws>
      <arch>x86_64</arch>
    </environment>
    <environment>
      <os>macosx</os>
      <ws>cocoa</ws>
      <arch>aarch64</arch>
    </environment>
    <environment>
      <os>win32</os>
      <ws>win32</ws>
      <arch>x86_64</arch>
    </environment>
    <environment>
      <os>linux</os>
      <ws>gtk</ws>
      <arch>x86_64</arch>
    </environment>
  </environments>
  <dependency-resolution>
    <extraRequirements>
      <requirement>
        <type>eclipse-plugin</type>
        <id>org.eclipse.xtext.logging</id>
        <versionRange>1.2.24</versionRange>
      </requirement>
      <requirement>
        <type>eclipse-feature</type>
        <id>org.eclipse.rcp</id>
        <versionRange>0.0.0</versionRange>
      </requirement>
    </extraRequirements>
  </dependency-resolution>
</configuration>
[[1;36mDEBUG[m] Provider org.eclipse.tycho.target.TargetPlatformConfigurationInstallableUnitProvider@5204fb89 generated 1 ([target-platform-extra-requirements-36abb997-43e5-431f-9cc3-7a080c54482f 0.0.0.1766398017310]) units for MavenProject: turnus:turnus.bundle:1.0.0-SNAPSHOT @ /home/endrix/git/dataflow/streamblocks/turnus/turnus.bundle/pom.xml
[[1;36mDEBUG[m] Provider org.eclipse.tycho.target.TargetPlatformConfigurationInstallableUnitProvider@5204fb89 generated 1 ([target-platform-extra-requirements-e9e95e43-3691-4727-bf67-8eb3032b7a17 0.0.0.1766398017310]) units for MavenProject: turnus:turnus.common:1.0.0-SNAPSHOT @ /home/endrix/git/dataflow/streamblocks/turnus/turnus.common/pom.xml
[[1;36mDEBUG[m] Asking org.eclipse.tycho.core.resolver.AdditionalBundleRequirementsInstallableUnitProvider@7e1f88e2 for additional units for MavenProject: turnus:turnus.bundle:1.0.0-SNAPSHOT @ /home/endrix/git/dataflow/streamblocks/turnus/turnus.bundle/pom.xml
[[1;36mDEBUG[m] Asking org.eclipse.tycho.core.resolver.AdditionalBundleRequirementsInstallableUnitProvider@7e1f88e2 for additional units for MavenProject: turnus:turnus.common:1.0.0-SNAPSHOT @ /home/endrix/git/dataflow/streamblocks/turnus/turnus.common/pom.xml
[[1;36mDEBUG[m] Provider org.eclipse.tycho.target.TargetPlatformConfigurationInstallableUnitProvider@5204fb89 generated 1 ([target-platform-extra-requirements-a9c86a62-1202-4b0e-bc51-2eb0c91a072a 0.0.0.1766398017310]) units for MavenProject: turnus:turnus.target:1.0.0-SNAPSHOT @ /home/endrix/git/dataflow/streamblocks/turnus/turnus.target/pom.xml
[[1;36mDEBUG[m] Provider org.eclipse.tycho.target.TargetPlatformConfigurationInstallableUnitProvider@5204fb89 generated 1 ([target-platform-extra-requirements-92b7e3f0-15d4-47f9-9786-f6be8f845b68 0.0.0.1766398017310]) units for MavenProject: turnus:turnus.ui:1.0.0-SNAPSHOT @ /home/endrix/git/dataflow/streamblocks/turnus/turnus.ui/pom.xml
[[1;36mDEBUG[m] Provider org.eclipse.tycho.target.TargetPlatformConfigurationInstallableUnitProvider@5204fb89 generated 1 ([target-platform-extra-requirements-09cecc9f-cb52-4785-adea-6e28bae9e701 0.0.0.1766398017310]) units for MavenProject: turnus:turnus.adevs:1.0.0-SNAPSHOT @ /home/endrix/git/dataflow/streamblocks/turnus/turnus.adevs/pom.xml
[[1;36mDEBUG[m] Provider org.eclipse.tycho.target.TargetPlatformConfigurationInstallableUnitProvider@5204fb89 generated 1 ([target-platform-extra-requirements-06e7cd25-7519-4735-b34e-fdc2259f5d1f 0.0.0.1766398017310]) units for MavenProject: turnus:turnus.model:1.0.0-SNAPSHOT @ /home/endrix/git/dataflow/streamblocks/turnus/turnus.model/pom.xml
[[1;36mDEBUG[m] Asking org.eclipse.tycho.core.resolver.AdditionalBundleRequirementsInstallableUnitProvider@7e1f88e2 for additional units for MavenProject: turnus:turnus.target:1.0.0-SNAPSHOT @ /home/endrix/git/dataflow/streamblocks/turnus/turnus.target/pom.xml
[[1;36mDEBUG[m] Provider org.eclipse.tycho.target.TargetPlatformConfigurationInstallableUnitProvider@5204fb89 generated 1 ([target-platform-extra-requirements-3c43a9d7-19aa-45ed-b624-27565696cace 0.0.0.1766398017310]) units for MavenProject: turnus:turnus.analysis.ui:1.0.0-SNAPSHOT @ /home/endrix/git/dataflow/streamblocks/turnus/turnus.analysis.ui/pom.xml
[[1;36mDEBUG[m] Provider org.eclipse.tycho.core.resolver.AdditionalBundleRequirementsInstallableUnitProvider@7e1f88e2 generated 0 ([]) units for MavenProject: turnus:turnus.bundle:1.0.0-SNAPSHOT @ /home/endrix/git/dataflow/streamblocks/turnus/turnus.bundle/pom.xml
[[1;36mDEBUG[m] Asking org.eclipse.tycho.core.resolver.AdditionalBundleRequirementsInstallableUnitProvider@7e1f88e2 for additional units for MavenProject: turnus:turnus.analysis.ui:1.0.0-SNAPSHOT @ /home/endrix/git/dataflow/streamblocks/turnus/turnus.analysis.ui/pom.xml
[[1;36mDEBUG[m] Asking org.eclipse.tycho.core.resolver.AdditionalBundleRequirementsInstallableUnitProvider@7e1f88e2 for additional units for MavenProject: turnus:turnus.model:1.0.0-SNAPSHOT @ /home/endrix/git/dataflow/streamblocks/turnus/turnus.model/pom.xml
[[1;36mDEBUG[m] Asking org.eclipse.tycho.core.resolver.AdditionalBundleRequirementsInstallableUnitProvider@7e1f88e2 for additional units for MavenProject: turnus:turnus.adevs:1.0.0-SNAPSHOT @ /home/endrix/git/dataflow/streamblocks/turnus/turnus.adevs/pom.xml
[[1;36mDEBUG[m] Provider org.eclipse.tycho.core.resolver.AdditionalBundleRequirementsInstallableUnitProvider@7e1f88e2 generated 0 ([]) units for MavenProject: turnus:turnus.common:1.0.0-SNAPSHOT @ /home/endrix/git/dataflow/streamblocks/turnus/turnus.common/pom.xml
[[1;36mDEBUG[m] Provider org.eclipse.tycho.target.TargetPlatformConfigurationInstallableUnitProvider@5204fb89 generated 1 ([target-platform-extra-requirements-47ca1ed0-d7d0-48b5-b58d-91c5b10d9e1f 0.0.0.1766398017310]) units for MavenProject: turnus:turnus.analysis:1.0.0-SNAPSHOT @ /home/endrix/git/dataflow/streamblocks/turnus/turnus.analysis/pom.xml
[[1;36mDEBUG[m] Asking org.eclipse.tycho.core.resolver.AdditionalBundleRequirementsInstallableUnitProvider@7e1f88e2 for additional units for MavenProject: turnus:turnus.analysis:1.0.0-SNAPSHOT @ /home/endrix/git/dataflow/streamblocks/turnus/turnus.analysis/pom.xml
[[1;36mDEBUG[m] Provider org.eclipse.tycho.core.resolver.AdditionalBundleRequirementsInstallableUnitProvider@7e1f88e2 generated 0 ([]) units for MavenProject: turnus:turnus.analysis:1.0.0-SNAPSHOT @ /home/endrix/git/dataflow/streamblocks/turnus/turnus.analysis/pom.xml
[[1;36mDEBUG[m] Provider org.eclipse.tycho.core.resolver.AdditionalBundleRequirementsInstallableUnitProvider@7e1f88e2 generated 0 ([]) units for MavenProject: turnus:turnus.target:1.0.0-SNAPSHOT @ /home/endrix/git/dataflow/streamblocks/turnus/turnus.target/pom.xml
[[1;36mDEBUG[m] Provider org.eclipse.tycho.core.resolver.AdditionalBundleRequirementsInstallableUnitProvider@7e1f88e2 generated 0 ([]) units for MavenProject: turnus:turnus.adevs:1.0.0-SNAPSHOT @ /home/endrix/git/dataflow/streamblocks/turnus/turnus.adevs/pom.xml
[[1;36mDEBUG[m] Provider org.eclipse.tycho.core.resolver.AdditionalBundleRequirementsInstallableUnitProvider@7e1f88e2 generated 0 ([]) units for MavenProject: turnus:turnus.analysis.ui:1.0.0-SNAPSHOT @ /home/endrix/git/dataflow/streamblocks/turnus/turnus.analysis.ui/pom.xml
[[1;36mDEBUG[m] Provider org.eclipse.tycho.core.resolver.AdditionalBundleRequirementsInstallableUnitProvider@7e1f88e2 generated 0 ([]) units for MavenProject: turnus:turnus.model:1.0.0-SNAPSHOT @ /home/endrix/git/dataflow/streamblocks/turnus/turnus.model/pom.xml
[[1;36mDEBUG[m] Asking org.eclipse.tycho.source.SourceInstallableUnitProvider@65a07b16 for additional units for MavenProject: turnus:turnus.core:1.0.0-SNAPSHOT @ /home/endrix/git/dataflow/streamblocks/turnus/pom.xml
[[1;36mDEBUG[m] Provider org.eclipse.tycho.source.SourceInstallableUnitProvider@65a07b16 generated 0 ([]) units for MavenProject: turnus:turnus.core:1.0.0-SNAPSHOT @ /home/endrix/git/dataflow/streamblocks/turnus/pom.xml
[[1;36mDEBUG[m] Asking org.eclipse.tycho.core.bnd.PdeInstallableUnitProvider@697f4085 for additional units for MavenProject: turnus:turnus.core:1.0.0-SNAPSHOT @ /home/endrix/git/dataflow/streamblocks/turnus/pom.xml
[[1;36mDEBUG[m] Provider org.eclipse.tycho.core.bnd.PdeInstallableUnitProvider@697f4085 generated 0 ([]) units for MavenProject: turnus:turnus.core:1.0.0-SNAPSHOT @ /home/endrix/git/dataflow/streamblocks/turnus/pom.xml
[[1;36mDEBUG[m] Asking org.eclipse.tycho.core.resolver.TestPluginPackagingInstallableUnitProvider@38cd7531 for additional units for MavenProject: turnus:turnus.core:1.0.0-SNAPSHOT @ /home/endrix/git/dataflow/streamblocks/turnus/pom.xml
[[1;36mDEBUG[m] Provider org.eclipse.tycho.core.resolver.TestPluginPackagingInstallableUnitProvider@38cd7531 generated 0 ([]) units for MavenProject: turnus:turnus.core:1.0.0-SNAPSHOT @ /home/endrix/git/dataflow/streamblocks/turnus/pom.xml
[[1;36mDEBUG[m] Asking org.eclipse.tycho.target.TargetPlatformConfigurationInstallableUnitProvider@5204fb89 for additional units for MavenProject: turnus:turnus.core:1.0.0-SNAPSHOT @ /home/endrix/git/dataflow/streamblocks/turnus/pom.xml
[[1;36mDEBUG[m] Provider org.eclipse.tycho.target.TargetPlatformConfigurationInstallableUnitProvider@5204fb89 generated 0 ([]) units for MavenProject: turnus:turnus.core:1.0.0-SNAPSHOT @ /home/endrix/git/dataflow/streamblocks/turnus/pom.xml
[[1;36mDEBUG[m] Asking org.eclipse.tycho.core.resolver.AdditionalBundleRequirementsInstallableUnitProvider@7e1f88e2 for additional units for MavenProject: turnus:turnus.core:1.0.0-SNAPSHOT @ /home/endrix/git/dataflow/streamblocks/turnus/pom.xml
[[1;36mDEBUG[m] Provider org.eclipse.tycho.core.resolver.AdditionalBundleRequirementsInstallableUnitProvider@7e1f88e2 generated 0 ([]) units for MavenProject: turnus:turnus.core:1.0.0-SNAPSHOT @ /home/endrix/git/dataflow/streamblocks/turnus/pom.xml
[[1;36mDEBUG[m] Cannot generate any InstallableUnit for packaging type 'pom' for MavenProject: turnus:turnus.core:1.0.0-SNAPSHOT @ /home/endrix/git/dataflow/streamblocks/turnus/pom.xml
[[1;36mDEBUG[m] Provider org.eclipse.tycho.source.SourceInstallableUnitProvider@65a07b16 generated 2 ([turnus.feature.source.feature.group 1.0.0.qualifier, turnus.feature.source.feature.jar 1.0.0.qualifier]) units for MavenProject: turnus:turnus.feature:1.0.0-SNAPSHOT @ /home/endrix/git/dataflow/streamblocks/turnus/turnus.feature/pom.xml
[[1;36mDEBUG[m] Asking org.eclipse.tycho.core.bnd.PdeInstallableUnitProvider@697f4085 for additional units for MavenProject: turnus:turnus.feature:1.0.0-SNAPSHOT @ /home/endrix/git/dataflow/streamblocks/turnus/turnus.feature/pom.xml
[[1;36mDEBUG[m] Provider org.eclipse.tycho.core.bnd.PdeInstallableUnitProvider@697f4085 generated 0 ([]) units for MavenProject: turnus:turnus.feature:1.0.0-SNAPSHOT @ /home/endrix/git/dataflow/streamblocks/turnus/turnus.feature/pom.xml
[[1;36mDEBUG[m] Asking org.eclipse.tycho.core.resolver.TestPluginPackagingInstallableUnitProvider@38cd7531 for additional units for MavenProject: turnus:turnus.feature:1.0.0-SNAPSHOT @ /home/endrix/git/dataflow/streamblocks/turnus/turnus.feature/pom.xml
[[1;36mDEBUG[m] Provider org.eclipse.tycho.core.resolver.TestPluginPackagingInstallableUnitProvider@38cd7531 generated 0 ([]) units for MavenProject: turnus:turnus.feature:1.0.0-SNAPSHOT @ /home/endrix/git/dataflow/streamblocks/turnus/turnus.feature/pom.xml
[[1;36mDEBUG[m] Asking org.eclipse.tycho.target.TargetPlatformConfigurationInstallableUnitProvider@5204fb89 for additional units for MavenProject: turnus:turnus.feature:1.0.0-SNAPSHOT @ /home/endrix/git/dataflow/streamblocks/turnus/turnus.feature/pom.xml
[[1;36mDEBUG[m] target-platform-configuration for MavenProject: turnus:turnus.feature:1.0.0-SNAPSHOT @ /home/endrix/git/dataflow/streamblocks/turnus/turnus.feature/pom.xml:
<?xml version="1.0" encoding="UTF-8"?>
<configuration>
  <pomDependencies>wrapAsBundle</pomDependencies>
  <target>
    <artifact>
      <groupId>turnus</groupId>
      <artifactId>turnus.target</artifactId>
      <version>1.0.0-SNAPSHOT</version>
    </artifact>
  </target>
  <executionEnvironment>JavaSE-17</executionEnvironment>
  <environments>
    <environment>
      <os>macosx</os>
      <ws>cocoa</ws>
      <arch>x86_64</arch>
    </environment>
    <environment>
      <os>macosx</os>
      <ws>cocoa</ws>
      <arch>aarch64</arch>
    </environment>
    <environment>
      <os>win32</os>
      <ws>win32</ws>
      <arch>x86_64</arch>
    </environment>
    <environment>
      <os>linux</os>
      <ws>gtk</ws>
      <arch>x86_64</arch>
    </environment>
  </environments>
  <dependency-resolution>
    <extraRequirements>
      <requirement>
        <type>eclipse-plugin</type>
        <id>org.eclipse.xtext.logging</id>
        <versionRange>1.2.24</versionRange>
      </requirement>
      <requirement>
        <type>eclipse-feature</type>
        <id>org.eclipse.rcp</id>
        <versionRange>0.0.0</versionRange>
      </requirement>
    </extraRequirements>
  </dependency-resolution>
</configuration>
[[1;36mDEBUG[m] Provider org.eclipse.tycho.target.TargetPlatformConfigurationInstallableUnitProvider@5204fb89 generated 1 ([target-platform-extra-requirements-be129889-70a7-4f75-8664-bdf2e3ce09ef 0.0.0.1766398017319]) units for MavenProject: turnus:turnus.feature:1.0.0-SNAPSHOT @ /home/endrix/git/dataflow/streamblocks/turnus/turnus.feature/pom.xml
[[1;36mDEBUG[m] Asking org.eclipse.tycho.core.resolver.AdditionalBundleRequirementsInstallableUnitProvider@7e1f88e2 for additional units for MavenProject: turnus:turnus.feature:1.0.0-SNAPSHOT @ /home/endrix/git/dataflow/streamblocks/turnus/turnus.feature/pom.xml
[[1;36mDEBUG[m] Provider org.eclipse.tycho.core.resolver.AdditionalBundleRequirementsInstallableUnitProvider@7e1f88e2 generated 0 ([]) units for MavenProject: turnus:turnus.feature:1.0.0-SNAPSHOT @ /home/endrix/git/dataflow/streamblocks/turnus/turnus.feature/pom.xml
[[1;34mINFO[m] [1m------------------------------------------------------------------------[m
[[1;34mINFO[m] [1mReactor Build Order:[m
[[1;34mINFO[m] 
[[1;34mINFO[m] turnus core                                                        [pom]
[[1;34mINFO[m] turnus.bundle                                           [eclipse-plugin]
[[1;34mINFO[m] turnus.common                                           [eclipse-plugin]
[[1;34mINFO[m] turnus.model                                            [eclipse-plugin]
[[1;34mINFO[m] turnus.adevs                                            [eclipse-plugin]
[[1;34mINFO[m] turnus.analysis                                         [eclipse-plugin]
[[1;34mINFO[m] turnus.ui                                               [eclipse-plugin]
[[1;34mINFO[m] turnus.analysis.ui                                      [eclipse-plugin]
[[1;34mINFO[m] turnus.target                                [eclipse-target-definition]
[[1;34mINFO[m] turnus.feature                                         [eclipse-feature]
[[1;36mDEBUG[m] === REACTOR BUILD PLAN ================================================
[[1;36mDEBUG[m] Project: turnus:turnus.core:pom:1.0.0-SNAPSHOT
[[1;36mDEBUG[m] Tasks:   [clean, compile]
[[1;36mDEBUG[m] Style:   Regular
[[1;36mDEBUG[m] -----------------------------------------------------------------------
[[1;36mDEBUG[m] Project: turnus:turnus.bundle:eclipse-plugin:1.0.0-SNAPSHOT
[[1;36mDEBUG[m] Tasks:   [clean, compile]
[[1;36mDEBUG[m] Style:   Regular
[[1;36mDEBUG[m] -----------------------------------------------------------------------
[[1;36mDEBUG[m] Project: turnus:turnus.common:eclipse-plugin:1.0.0-SNAPSHOT
[[1;36mDEBUG[m] Tasks:   [clean, compile]
[[1;36mDEBUG[m] Style:   Regular
[[1;36mDEBUG[m] -----------------------------------------------------------------------
[[1;36mDEBUG[m] Project: turnus:turnus.model:eclipse-plugin:1.0.0-SNAPSHOT
[[1;36mDEBUG[m] Tasks:   [clean, compile]
[[1;36mDEBUG[m] Style:   Regular
[[1;36mDEBUG[m] -----------------------------------------------------------------------
[[1;36mDEBUG[m] Project: turnus:turnus.adevs:eclipse-plugin:1.0.0-SNAPSHOT
[[1;36mDEBUG[m] Tasks:   [clean, compile]
[[1;36mDEBUG[m] Style:   Regular
[[1;36mDEBUG[m] -----------------------------------------------------------------------
[[1;36mDEBUG[m] Project: turnus:turnus.analysis:eclipse-plugin:1.0.0-SNAPSHOT
[[1;36mDEBUG[m] Tasks:   [clean, compile]
[[1;36mDEBUG[m] Style:   Regular
[[1;36mDEBUG[m] -----------------------------------------------------------------------
[[1;36mDEBUG[m] Project: turnus:turnus.ui:eclipse-plugin:1.0.0-SNAPSHOT
[[1;36mDEBUG[m] Tasks:   [clean, compile]
[[1;36mDEBUG[m] Style:   Regular
[[1;36mDEBUG[m] -----------------------------------------------------------------------
[[1;36mDEBUG[m] Project: turnus:turnus.analysis.ui:eclipse-plugin:1.0.0-SNAPSHOT
[[1;36mDEBUG[m] Tasks:   [clean, compile]
[[1;36mDEBUG[m] Style:   Regular
[[1;36mDEBUG[m] -----------------------------------------------------------------------
[[1;36mDEBUG[m] Project: turnus:turnus.target:eclipse-target-definition:1.0.0-SNAPSHOT
[[1;36mDEBUG[m] Tasks:   [clean, compile]
[[1;36mDEBUG[m] Style:   Regular
[[1;36mDEBUG[m] -----------------------------------------------------------------------
[[1;36mDEBUG[m] Project: turnus:turnus.feature:eclipse-feature:1.0.0-SNAPSHOT
[[1;36mDEBUG[m] Tasks:   [clean, compile]
[[1;36mDEBUG[m] Style:   Regular
[[1;36mDEBUG[m] =======================================================================
[[1;34mINFO[m] 
[[1;34mINFO[m] [1m-------------------------< [0;36mturnus:turnus.core[0;1m >-------------------------[m
[[1;34mINFO[m] [1mBuilding turnus core 1.0.0-SNAPSHOT                               [1/10][m
[[1;34mINFO[m]   from pom.xml
[[1;34mINFO[m] [1m--------------------------------[ pom ]---------------------------------[m
[[1;36mDEBUG[m] Lifecycle clean -> [pre-clean, clean, post-clean]
[[1;36mDEBUG[m] Lifecycle default -> [validate, initialize, generate-sources, process-sources, generate-resources, process-resources, compile, process-classes, generate-test-sources, process-test-sources, generate-test-resources, process-test-resources, test-compile, process-test-classes, test, prepare-package, package, pre-integration-test, integration-test, post-integration-test, verify, install, deploy]
[[1;36mDEBUG[m] Lifecycle site -> [pre-site, site, post-site, site-deploy]
[[1;36mDEBUG[m] Lifecycle clean -> [pre-clean, clean, post-clean]
[[1;36mDEBUG[m] Lifecycle default -> [validate, initialize, generate-sources, process-sources, generate-resources, process-resources, compile, process-classes, generate-test-sources, process-test-sources, generate-test-resources, process-test-resources, test-compile, process-test-classes, test, prepare-package, package, pre-integration-test, integration-test, post-integration-test, verify, install, deploy]
[[1;36mDEBUG[m] Lifecycle site -> [pre-site, site, post-site, site-deploy]
[[1;36mDEBUG[m] Lifecycle clean -> [pre-clean, clean, post-clean]
[[1;36mDEBUG[m] Lifecycle default -> [validate, initialize, generate-sources, process-sources, generate-resources, process-resources, compile, process-classes, generate-test-sources, process-test-sources, generate-test-resources, process-test-resources, test-compile, process-test-classes, test, prepare-package, package, pre-integration-test, integration-test, post-integration-test, verify, install, deploy]
[[1;36mDEBUG[m] Lifecycle site -> [pre-site, site, post-site, site-deploy]
[[1;36mDEBUG[m] Lifecycle clean -> [pre-clean, clean, post-clean]
[[1;36mDEBUG[m] Lifecycle default -> [validate, initialize, generate-sources, process-sources, generate-resources, process-resources, compile, process-classes, generate-test-sources, process-test-sources, generate-test-resources, process-test-resources, test-compile, process-test-classes, test, prepare-package, package, pre-integration-test, integration-test, post-integration-test, verify, install, deploy]
[[1;36mDEBUG[m] Lifecycle site -> [pre-site, site, post-site, site-deploy]
[[1;36mDEBUG[m] === PROJECT BUILD PLAN ================================================
[[1;36mDEBUG[m] Project:       turnus:turnus.core:1.0.0-SNAPSHOT
[[1;36mDEBUG[m] Dependencies (collect): []
[[1;36mDEBUG[m] Dependencies (resolve): [compile]
[[1;36mDEBUG[m] Repositories (dependencies): [maven-default-http-blocker (http://0.0.0.0/, default, disabled, blocked), sonatype-nexus-snapshots (https://oss.sonatype.org/content/repositories/snapshots, default, disabled), central (https://repo.maven.apache.org/maven2, default, releases)]
[[1;36mDEBUG[m] Repositories (plugins)     : [maven-default-http-blocker (http://0.0.0.0/, default, disabled, blocked), sonatype-nexus-snapshots (https://oss.sonatype.org/content/repositories/snapshots, default, disabled), central (https://repo.maven.apache.org/maven2, default, releases)]
[[1;36mDEBUG[m] -----------------------------------------------------------------------
[[1;36mDEBUG[m] Goal:          org.apache.maven.plugins:maven-clean-plugin:3.2.0:clean (default-clean)
[[1;36mDEBUG[m] Style:         Regular
[[1;36mDEBUG[m] Configuration: <?xml version="1.0" encoding="UTF-8"?>
<configuration>
  <directory default-value="${project.build.directory}"/>
  <excludeDefaultDirectories default-value="false">${maven.clean.excludeDefaultDirectories}</excludeDefaultDirectories>
  <failOnError default-value="true">${maven.clean.failOnError}</failOnError>
  <fast default-value="false">${maven.clean.fast}</fast>
  <fastDir>${maven.clean.fastDir}</fastDir>
  <fastMode default-value="background">${maven.clean.fastMode}</fastMode>
  <followSymLinks default-value="false">${maven.clean.followSymLinks}</followSymLinks>
  <outputDirectory default-value="${project.build.outputDirectory}"/>
  <reportDirectory default-value="${project.build.outputDirectory}"/>
  <retryOnError default-value="true">${maven.clean.retryOnError}</retryOnError>
  <session default-value="${session}"/>
  <skip default-value="false">${maven.clean.skip}</skip>
  <testOutputDirectory default-value="${project.build.testOutputDirectory}"/>
  <verbose>${maven.clean.verbose}</verbose>
</configuration>
[[1;36mDEBUG[m] -----------------------------------------------------------------------
[[1;36mDEBUG[m] Goal:          org.apache.maven.plugins:maven-clean-plugin:3.2.0:clean (auto-clean)
[[1;36mDEBUG[m] Style:         Regular
[[1;36mDEBUG[m] Configuration: <?xml version="1.0" encoding="UTF-8"?>
<configuration>
  <directory default-value="${project.build.directory}"/>
  <excludeDefaultDirectories default-value="false">${maven.clean.excludeDefaultDirectories}</excludeDefaultDirectories>
  <failOnError default-value="true">${maven.clean.failOnError}</failOnError>
  <fast default-value="false">${maven.clean.fast}</fast>
  <fastDir>${maven.clean.fastDir}</fastDir>
  <fastMode default-value="background">${maven.clean.fastMode}</fastMode>
  <filesets>
    <fileset>
      <directory>/home/endrix/git/dataflow/streamblocks/turnus/xtend-gen</directory>
      <includes>
        <include>**</include>
      </includes>
    </fileset>
    <fileset>
      <directory>/home/endrix/git/dataflow/streamblocks/turnus/src-gen</directory>
      <includes>
        <include>**</include>
      </includes>
    </fileset>
    <fileset>
      <directory>/home/endrix/git/dataflow/streamblocks/turnus/target</directory>
      <includes>
        <include>**</include>
      </includes>
    </fileset>
  </filesets>
  <followSymLinks default-value="false">${maven.clean.followSymLinks}</followSymLinks>
  <outputDirectory default-value="${project.build.outputDirectory}"/>
  <reportDirectory default-value="${project.build.outputDirectory}"/>
  <retryOnError default-value="true">${maven.clean.retryOnError}</retryOnError>
  <session default-value="${session}"/>
  <skip default-value="false">${maven.clean.skip}</skip>
  <testOutputDirectory default-value="${project.build.testOutputDirectory}"/>
  <verbose>${maven.clean.verbose}</verbose>
</configuration>
[[1;36mDEBUG[m] -----------------------------------------------------------------------
[[1;36mDEBUG[m] Goal:          org.eclipse.xtend:xtend-maven-plugin:2.36.0:compile (default)
[[1;36mDEBUG[m] Style:         Regular
[[1;36mDEBUG[m] Configuration: <?xml version="1.0" encoding="UTF-8"?>
<configuration>
  <additionalPreCompileArgs default-value="-proc:none"/>
  <encoding default-value="${project.build.sourceEncoding}">${encoding}</encoding>
  <generateGeneratedAnnotation default-value="false"/>
  <generateSyntheticSuppressWarnings default-value="true"/>
  <includeDateInGeneratedAnnotation default-value="false"/>
  <javaSourceVersion default-value="11">${maven.compiler.source}</javaSourceVersion>
  <outputDirectory default-value="${basedir}/src/main/generated-sources/xtend">/home/endrix/git/dataflow/streamblocks/turnus/xtend-gen</outputDirectory>
  <project>${project}</project>
  <propertiesFileLocation default-value="${basedir}/.settings/org.eclipse.xtend.core.Xtend.prefs"/>
  <session>${session}</session>
  <skipXtend default-value="false">${skipXtend}</skipXtend>
  <tempDirectory default-value="${project.build.directory}/xtend"/>
  <useXbaseGenerated default-value="true"/>
  <writeTraceFiles default-value="true">${writeTraceFiles}</writeTraceFiles>
</configuration>
[[1;36mDEBUG[m] =======================================================================
[[1;36mDEBUG[m] Dependency collection stats {ConflictMarker.analyzeTime=99659, ConflictMarker.markTime=29406, ConflictMarker.nodeCount=1, ConflictIdSorter.graphTime=8536, ConflictIdSorter.topsortTime=10534, ConflictIdSorter.conflictIdCount=0, ConflictIdSorter.conflictIdCycleCount=0, ConflictResolver.totalTime=17637, ConflictResolver.conflictItemCount=0, DfDependencyCollector.collectTime=13353, DfDependencyCollector.transformTime=209672}
[[1;36mDEBUG[m] turnus:turnus.core:pom:1.0.0-SNAPSHOT
[[1;34mINFO[m] 
[[1;34mINFO[m] [1m--- [0;32mclean:3.2.0:clean[m [1m(default-clean)[m @ [36mturnus.core[0;1m ---[m
[[1;36mDEBUG[m] Dependency collection stats {ConflictMarker.analyzeTime=25853, ConflictMarker.markTime=30924, ConflictMarker.nodeCount=3, ConflictIdSorter.graphTime=13749, ConflictIdSorter.topsortTime=15816, ConflictIdSorter.conflictIdCount=3, ConflictIdSorter.conflictIdCycleCount=0, ConflictResolver.totalTime=625512, ConflictResolver.conflictItemCount=3, DfDependencyCollector.collectTime=11963139, DfDependencyCollector.transformTime=730257}
[[1;36mDEBUG[m] org.apache.maven.plugins:maven-clean-plugin:jar:3.2.0
[[1;36mDEBUG[m]    org.apache.maven.shared:maven-shared-utils:jar:3.3.4:compile
[[1;36mDEBUG[m]       commons-io:commons-io:jar:2.6:compile
[[1;36mDEBUG[m] Created new class realm plugin>org.apache.maven.plugins:maven-clean-plugin:3.2.0
[[1;36mDEBUG[m] Importing foreign packages into class realm plugin>org.apache.maven.plugins:maven-clean-plugin:3.2.0
[[1;36mDEBUG[m]   Imported:  < project>turnus:turnus.core:1.0.0-SNAPSHOT
[[1;36mDEBUG[m] Populating class realm plugin>org.apache.maven.plugins:maven-clean-plugin:3.2.0
[[1;36mDEBUG[m]   Included: org.apache.maven.plugins:maven-clean-plugin:jar:3.2.0
[[1;36mDEBUG[m]   Included: org.apache.maven.shared:maven-shared-utils:jar:3.3.4
[[1;36mDEBUG[m]   Included: commons-io:commons-io:jar:2.6
[[1;36mDEBUG[m] Loading mojo org.apache.maven.plugins:maven-clean-plugin:3.2.0:clean from plugin realm ClassRealm[plugin>org.apache.maven.plugins:maven-clean-plugin:3.2.0, parent: jdk.internal.loader.ClassLoaders$AppClassLoader@639fee48]
[[1;36mDEBUG[m] Configuring mojo execution 'org.apache.maven.plugins:maven-clean-plugin:3.2.0:clean:default-clean' with basic configurator -->
[[1;36mDEBUG[m]   (f) directory = /home/endrix/git/dataflow/streamblocks/turnus/target
[[1;36mDEBUG[m]   (f) excludeDefaultDirectories = false
[[1;36mDEBUG[m]   (f) failOnError = true
[[1;36mDEBUG[m]   (f) fast = false
[[1;36mDEBUG[m]   (f) fastMode = background
[[1;36mDEBUG[m]   (f) followSymLinks = false
[[1;36mDEBUG[m]   (f) outputDirectory = /home/endrix/git/dataflow/streamblocks/turnus/target/classes
[[1;36mDEBUG[m]   (f) reportDirectory = /home/endrix/git/dataflow/streamblocks/turnus/target/classes
[[1;36mDEBUG[m]   (f) retryOnError = true
[[1;36mDEBUG[m]   (f) session = org.apache.maven.execution.MavenSession@75364777
[[1;36mDEBUG[m]   (f) skip = false
[[1;36mDEBUG[m]   (f) testOutputDirectory = /home/endrix/git/dataflow/streamblocks/turnus/target/test-classes
[[1;36mDEBUG[m] -- end configuration --
[[1;36mDEBUG[m] Skipping non-existing directory /home/endrix/git/dataflow/streamblocks/turnus/target
[[1;36mDEBUG[m] Skipping non-existing directory /home/endrix/git/dataflow/streamblocks/turnus/target/classes
[[1;36mDEBUG[m] Skipping non-existing directory /home/endrix/git/dataflow/streamblocks/turnus/target/test-classes
[[1;36mDEBUG[m] Skipping non-existing directory /home/endrix/git/dataflow/streamblocks/turnus/target/classes
[[1;34mINFO[m] 
[[1;34mINFO[m] [1m--- [0;32mclean:3.2.0:clean[m [1m(auto-clean)[m @ [36mturnus.core[0;1m ---[m
[[1;36mDEBUG[m] Loading mojo org.apache.maven.plugins:maven-clean-plugin:3.2.0:clean from plugin realm ClassRealm[plugin>org.apache.maven.plugins:maven-clean-plugin:3.2.0, parent: jdk.internal.loader.ClassLoaders$AppClassLoader@639fee48]
[[1;36mDEBUG[m] Configuring mojo execution 'org.apache.maven.plugins:maven-clean-plugin:3.2.0:clean:auto-clean' with basic configurator -->
[[1;36mDEBUG[m]   (f) directory = /home/endrix/git/dataflow/streamblocks/turnus/target
[[1;36mDEBUG[m]   (f) excludeDefaultDirectories = false
[[1;36mDEBUG[m]   (f) failOnError = true
[[1;36mDEBUG[m]   (f) fast = false
[[1;36mDEBUG[m]   (f) fastMode = background
[[1;36mDEBUG[m]   (f) directory = /home/endrix/git/dataflow/streamblocks/turnus/xtend-gen
[[1;36mDEBUG[m]   (f) includes = [**]
[[1;36mDEBUG[m]   (f) directory = /home/endrix/git/dataflow/streamblocks/turnus/src-gen
[[1;36mDEBUG[m]   (f) includes = [**]
[[1;36mDEBUG[m]   (f) directory = /home/endrix/git/dataflow/streamblocks/turnus/target
[[1;36mDEBUG[m]   (f) includes = [**]
[[1;36mDEBUG[m]   (f) filesets = [file set: /home/endrix/git/dataflow/streamblocks/turnus/xtend-gen (included: [**], excluded: []), file set: /home/endrix/git/dataflow/streamblocks/turnus/src-gen (included: [**], excluded: []), file set: /home/endrix/git/dataflow/streamblocks/turnus/target (included: [**], excluded: [])]
[[1;36mDEBUG[m]   (f) followSymLinks = false
[[1;36mDEBUG[m]   (f) outputDirectory = /home/endrix/git/dataflow/streamblocks/turnus/target/classes
[[1;36mDEBUG[m]   (f) reportDirectory = /home/endrix/git/dataflow/streamblocks/turnus/target/classes
[[1;36mDEBUG[m]   (f) retryOnError = true
[[1;36mDEBUG[m]   (f) session = org.apache.maven.execution.MavenSession@75364777
[[1;36mDEBUG[m]   (f) skip = false
[[1;36mDEBUG[m]   (f) testOutputDirectory = /home/endrix/git/dataflow/streamblocks/turnus/target/test-classes
[[1;36mDEBUG[m] -- end configuration --
[[1;36mDEBUG[m] Skipping non-existing directory /home/endrix/git/dataflow/streamblocks/turnus/target
[[1;36mDEBUG[m] Skipping non-existing directory /home/endrix/git/dataflow/streamblocks/turnus/target/classes
[[1;36mDEBUG[m] Skipping non-existing directory /home/endrix/git/dataflow/streamblocks/turnus/target/test-classes
[[1;36mDEBUG[m] Skipping non-existing directory /home/endrix/git/dataflow/streamblocks/turnus/target/classes
[[1;36mDEBUG[m] Skipping non-existing directory /home/endrix/git/dataflow/streamblocks/turnus/xtend-gen
[[1;36mDEBUG[m] Skipping non-existing directory /home/endrix/git/dataflow/streamblocks/turnus/src-gen
[[1;36mDEBUG[m] Skipping non-existing directory /home/endrix/git/dataflow/streamblocks/turnus/target
[[1;34mINFO[m] 
[[1;34mINFO[m] [1m--- [0;32mxtend:2.36.0:compile[m [1m(default)[m @ [36mturnus.core[0;1m ---[m
[[1;36mDEBUG[m] Using mirror maven-default-http-blocker (http://0.0.0.0/) for antlr-snapshot (http://antlr.org/antlr-snapshot).
[[1;36mDEBUG[m] Dependency collection stats {ConflictMarker.analyzeTime=328369, ConflictMarker.markTime=103449, ConflictMarker.nodeCount=146, ConflictIdSorter.graphTime=64550, ConflictIdSorter.topsortTime=53083, ConflictIdSorter.conflictIdCount=47, ConflictIdSorter.conflictIdCycleCount=0, ConflictResolver.totalTime=612097, ConflictResolver.conflictItemCount=107, DfDependencyCollector.collectTime=81962776, DfDependencyCollector.transformTime=1186274}
[[1;36mDEBUG[m] org.eclipse.xtend:xtend-maven-plugin:jar:2.36.0
[[1;36mDEBUG[m]    com.google.guava:guava:jar:33.3.0-jre:compile
[[1;36mDEBUG[m]       com.google.guava:failureaccess:jar:1.0.2:compile
[[1;36mDEBUG[m]       com.google.guava:listenablefuture:jar:9999.0-empty-to-avoid-conflict-with-guava:compile
[[1;36mDEBUG[m]       com.google.code.findbugs:jsr305:jar:3.0.2:compile (version managed from default)
[[1;36mDEBUG[m]       org.checkerframework:checker-qual:jar:3.43.0:compile
[[1;36mDEBUG[m]       com.google.errorprone:error_prone_annotations:jar:2.23.0:compile (version managed from default)
[[1;36mDEBUG[m]       com.google.j2objc:j2objc-annotations:jar:3.0.0:compile
[[1;36mDEBUG[m]    org.eclipse.xtend:org.eclipse.xtend.core:jar:2.36.0:compile
[[1;36mDEBUG[m]       org.eclipse.platform:org.eclipse.equinox.common:jar:3.17.100:compile (version managed from default)
[[1;36mDEBUG[m]          org.eclipse.platform:org.eclipse.osgi:jar:3.18.300:compile (version managed from default)
[[1;36mDEBUG[m]       org.eclipse.platform:org.eclipse.core.runtime:jar:3.26.100:compile (version managed from default)
[[1;36mDEBUG[m]          org.eclipse.platform:org.eclipse.core.jobs:jar:3.13.300:compile (version managed from default)
[[1;36mDEBUG[m]          org.eclipse.platform:org.eclipse.equinox.registry:jar:3.11.200:compile (version managed from default)
[[1;36mDEBUG[m]          org.eclipse.platform:org.eclipse.equinox.preferences:jar:3.10.200:compile (version managed from default)
[[1;36mDEBUG[m]             org.osgi:org.osgi.service.prefs:jar:1.1.2:compile
[[1;36mDEBUG[m]                org.osgi:osgi.annotation:jar:8.0.1:compile
[[1;36mDEBUG[m]          org.eclipse.platform:org.eclipse.core.contenttype:jar:3.8.200:compile (version managed from default)
[[1;36mDEBUG[m]          org.eclipse.platform:org.eclipse.equinox.app:jar:1.6.200:compile (version managed from default)
[[1;36mDEBUG[m]       org.eclipse.jdt:ecj:jar:3.33.0:compile (version managed from default)
[[1;36mDEBUG[m]       org.eclipse.jdt:org.eclipse.jdt.core:jar:3.33.0:compile (version managed from default)
[[1;36mDEBUG[m]          org.eclipse.platform:org.eclipse.core.filesystem:jar:1.9.500:compile (version managed from default)
[[1;36mDEBUG[m]    org.eclipse.xtext:org.eclipse.xtext.xbase:jar:2.36.0:compile
[[1;36mDEBUG[m]       org.eclipse.xtext:org.eclipse.xtext.common.types:jar:2.36.0:compile
[[1;36mDEBUG[m]          io.github.classgraph:classgraph:jar:4.8.174:compile (version managed from default)
[[1;36mDEBUG[m]    org.eclipse.xtext:org.eclipse.xtext.xbase.lib:jar:2.36.0:compile
[[1;36mDEBUG[m]    org.eclipse.xtext:org.eclipse.xtext.util:jar:2.36.0:compile
[[1;36mDEBUG[m]    org.eclipse.xtext:org.eclipse.xtext.smap:jar:2.36.0:compile
[[1;36mDEBUG[m]       org.eclipse.xtext:org.eclipse.xtext:jar:2.36.0:compile
[[1;36mDEBUG[m]    org.eclipse.xtend:org.eclipse.xtend.lib:jar:2.36.0:compile
[[1;36mDEBUG[m]       org.eclipse.xtend:org.eclipse.xtend.lib.macro:jar:2.36.0:compile
[[1;36mDEBUG[m]    org.eclipse.emf:org.eclipse.emf.common:jar:2.24.0:compile
[[1;36mDEBUG[m]    org.eclipse.emf:org.eclipse.emf.ecore:jar:2.26.0:compile
[[1;36mDEBUG[m]    com.google.inject:guice:jar:7.0.0:compile
[[1;36mDEBUG[m]       jakarta.inject:jakarta.inject-api:jar:2.0.1:compile (version managed from default)
[[1;36mDEBUG[m]       aopalliance:aopalliance:jar:1.0:compile (version managed from default)
[[1;36mDEBUG[m]    ch.qos.reload4j:reload4j:jar:1.2.25:compile
[[1;36mDEBUG[m]    org.ow2.asm:asm:jar:9.7:compile
[[1;36mDEBUG[m]    org.eclipse.emf:org.eclipse.emf.ecore.xmi:jar:2.16.0:runtime
[[1;36mDEBUG[m]    org.antlr:antlr-runtime:jar:3.2:runtime
[[1;36mDEBUG[m]    org.eclipse.emf:org.eclipse.emf.codegen:jar:2.22.0:runtime
[[1;36mDEBUG[m]       org.eclipse.platform:org.eclipse.core.resources:jar:3.18.200:compile (version managed from default)
[[1;36mDEBUG[m]          org.eclipse.platform:org.eclipse.core.expressions:jar:3.8.200:compile (version managed from default)
[[1;36mDEBUG[m]       org.eclipse.platform:org.eclipse.debug.core:jar:3.20.100:runtime (version managed from default)
[[1;36mDEBUG[m]          org.eclipse.platform:org.eclipse.core.variables:jar:3.5.100:runtime (version managed from default)
[[1;36mDEBUG[m]       org.eclipse.platform:org.eclipse.text:jar:3.12.300:compile (version managed from default)
[[1;36mDEBUG[m]          org.eclipse.platform:org.eclipse.core.commands:jar:3.10.400:compile (version managed from default)
[[1;36mDEBUG[m] Created new class realm plugin>org.eclipse.xtend:xtend-maven-plugin:2.36.0
[[1;36mDEBUG[m] Importing foreign packages into class realm plugin>org.eclipse.xtend:xtend-maven-plugin:2.36.0
[[1;36mDEBUG[m]   Imported:  < project>turnus:turnus.core:1.0.0-SNAPSHOT
[[1;36mDEBUG[m] Populating class realm plugin>org.eclipse.xtend:xtend-maven-plugin:2.36.0
[[1;36mDEBUG[m]   Included: org.eclipse.xtend:xtend-maven-plugin:jar:2.36.0
[[1;36mDEBUG[m]   Included: com.google.guava:guava:jar:33.3.0-jre
[[1;36mDEBUG[m]   Included: com.google.guava:failureaccess:jar:1.0.2
[[1;36mDEBUG[m]   Included: com.google.guava:listenablefuture:jar:9999.0-empty-to-avoid-conflict-with-guava
[[1;36mDEBUG[m]   Included: com.google.code.findbugs:jsr305:jar:3.0.2
[[1;36mDEBUG[m]   Included: org.checkerframework:checker-qual:jar:3.43.0
[[1;36mDEBUG[m]   Included: com.google.errorprone:error_prone_annotations:jar:2.23.0
[[1;36mDEBUG[m]   Included: com.google.j2objc:j2objc-annotations:jar:3.0.0
[[1;36mDEBUG[m]   Included: org.eclipse.xtend:org.eclipse.xtend.core:jar:2.36.0
[[1;36mDEBUG[m]   Included: org.eclipse.platform:org.eclipse.equinox.common:jar:3.17.100
[[1;36mDEBUG[m]   Included: org.eclipse.platform:org.eclipse.osgi:jar:3.18.300
[[1;36mDEBUG[m]   Included: org.eclipse.platform:org.eclipse.core.runtime:jar:3.26.100
[[1;36mDEBUG[m]   Included: org.eclipse.platform:org.eclipse.core.jobs:jar:3.13.300
[[1;36mDEBUG[m]   Included: org.eclipse.platform:org.eclipse.equinox.registry:jar:3.11.200
[[1;36mDEBUG[m]   Included: org.eclipse.platform:org.eclipse.equinox.preferences:jar:3.10.200
[[1;36mDEBUG[m]   Included: org.osgi:org.osgi.service.prefs:jar:1.1.2
[[1;36mDEBUG[m]   Included: org.osgi:osgi.annotation:jar:8.0.1
[[1;36mDEBUG[m]   Included: org.eclipse.platform:org.eclipse.core.contenttype:jar:3.8.200
[[1;36mDEBUG[m]   Included: org.eclipse.platform:org.eclipse.equinox.app:jar:1.6.200
[[1;36mDEBUG[m]   Included: org.eclipse.jdt:ecj:jar:3.33.0
[[1;36mDEBUG[m]   Included: org.eclipse.jdt:org.eclipse.jdt.core:jar:3.33.0
[[1;36mDEBUG[m]   Included: org.eclipse.platform:org.eclipse.core.filesystem:jar:1.9.500
[[1;36mDEBUG[m]   Included: org.eclipse.xtext:org.eclipse.xtext.xbase:jar:2.36.0
[[1;36mDEBUG[m]   Included: org.eclipse.xtext:org.eclipse.xtext.common.types:jar:2.36.0
[[1;36mDEBUG[m]   Included: io.github.classgraph:classgraph:jar:4.8.174
[[1;36mDEBUG[m]   Included: org.eclipse.xtext:org.eclipse.xtext.xbase.lib:jar:2.36.0
[[1;36mDEBUG[m]   Included: org.eclipse.xtext:org.eclipse.xtext.util:jar:2.36.0
[[1;36mDEBUG[m]   Included: org.eclipse.xtext:org.eclipse.xtext.smap:jar:2.36.0
[[1;36mDEBUG[m]   Included: org.eclipse.xtext:org.eclipse.xtext:jar:2.36.0
[[1;36mDEBUG[m]   Included: org.eclipse.xtend:org.eclipse.xtend.lib:jar:2.36.0
[[1;36mDEBUG[m]   Included: org.eclipse.xtend:org.eclipse.xtend.lib.macro:jar:2.36.0
[[1;36mDEBUG[m]   Included: org.eclipse.emf:org.eclipse.emf.common:jar:2.24.0
[[1;36mDEBUG[m]   Included: org.eclipse.emf:org.eclipse.emf.ecore:jar:2.26.0
[[1;36mDEBUG[m]   Included: com.google.inject:guice:jar:7.0.0
[[1;36mDEBUG[m]   Included: jakarta.inject:jakarta.inject-api:jar:2.0.1
[[1;36mDEBUG[m]   Included: aopalliance:aopalliance:jar:1.0
[[1;36mDEBUG[m]   Included: ch.qos.reload4j:reload4j:jar:1.2.25
[[1;36mDEBUG[m]   Included: org.ow2.asm:asm:jar:9.7
[[1;36mDEBUG[m]   Included: org.eclipse.emf:org.eclipse.emf.ecore.xmi:jar:2.16.0
[[1;36mDEBUG[m]   Included: org.antlr:antlr-runtime:jar:3.2
[[1;36mDEBUG[m]   Included: org.eclipse.emf:org.eclipse.emf.codegen:jar:2.22.0
[[1;36mDEBUG[m]   Included: org.eclipse.platform:org.eclipse.core.resources:jar:3.18.200
[[1;36mDEBUG[m]   Included: org.eclipse.platform:org.eclipse.core.expressions:jar:3.8.200
[[1;36mDEBUG[m]   Included: org.eclipse.platform:org.eclipse.debug.core:jar:3.20.100
[[1;36mDEBUG[m]   Included: org.eclipse.platform:org.eclipse.core.variables:jar:3.5.100
[[1;36mDEBUG[m]   Included: org.eclipse.platform:org.eclipse.text:jar:3.12.300
[[1;36mDEBUG[m]   Included: org.eclipse.platform:org.eclipse.core.commands:jar:3.10.400
[[1;36mDEBUG[m] Loading mojo org.eclipse.xtend:xtend-maven-plugin:2.36.0:compile from plugin realm ClassRealm[plugin>org.eclipse.xtend:xtend-maven-plugin:2.36.0, parent: jdk.internal.loader.ClassLoaders$AppClassLoader@639fee48]
[[1;36mDEBUG[m] [b83b57e5-5560-4584-bba5-7cfcb11bd3f4][extension>org.eclipse.tycho:tycho-maven-plugin:4.0.10] Searching bundle for class class org.eclipse.emf.common.EMFPlugin and location file:/home/endrix/.m2/repository/org/eclipse/emf/org.eclipse.emf.common/2.24.0/org.eclipse.emf.common-2.24.0.jar
[[1;36mDEBUG[m] [b83b57e5-5560-4584-bba5-7cfcb11bd3f4][extension>org.eclipse.tycho:tycho-maven-plugin:4.0.10] No bundle matched for file:/home/endrix/.m2/repository/org/eclipse/emf/org.eclipse.emf.common/2.24.0/org.eclipse.emf.common-2.24.0.jar
[[1;36mDEBUG[m] Configuring mojo execution 'org.eclipse.xtend:xtend-maven-plugin:2.36.0:compile:default' with basic configurator -->
[[1;36mDEBUG[m]   (f) additionalPreCompileArgs = -proc:none
[[1;36mDEBUG[m]   (f) encoding = UTF-8
[[1;36mDEBUG[m]   (f) generateGeneratedAnnotation = false
[[1;36mDEBUG[m]   (f) generateSyntheticSuppressWarnings = true
[[1;36mDEBUG[m]   (f) includeDateInGeneratedAnnotation = false
[[1;36mDEBUG[m]   (f) javaSourceVersion = 21
[[1;36mDEBUG[m]   (f) outputDirectory = /home/endrix/git/dataflow/streamblocks/turnus/xtend-gen
[[1;36mDEBUG[m]   (f) project = MavenProject: turnus:turnus.core:1.0.0-SNAPSHOT @ /home/endrix/git/dataflow/streamblocks/turnus/pom.xml
[[1;36mDEBUG[m]   (f) propertiesFileLocation = /home/endrix/git/dataflow/streamblocks/turnus/.settings/org.eclipse.xtend.core.Xtend.prefs
[[1;36mDEBUG[m]   (f) session = org.apache.maven.execution.MavenSession@75364777
[[1;36mDEBUG[m]   (f) skipXtend = false
[[1;36mDEBUG[m]   (f) tempDirectory = /home/endrix/git/dataflow/streamblocks/turnus/target/xtend
[[1;36mDEBUG[m]   (f) useXbaseGenerated = true
[[1;36mDEBUG[m]   (f) writeTraceFiles = true
[[1;36mDEBUG[m] -- end configuration --
[[1;36mDEBUG[m] Output directory '/home/endrix/git/dataflow/streamblocks/turnus/xtend-gen'
[[1;36mDEBUG[m] Default directory '/home/endrix/git/dataflow/streamblocks/turnus/src/main/generated-sources/xtend'
[[1;34mINFO[m] skip compiling sources because the configured directory '[/home/endrix/git/dataflow/streamblocks/turnus/src]' does not exist.
[[1;34mINFO[m] 
[[1;34mINFO[m] [1m------------------------< [0;36mturnus:turnus.bundle[0;1m >------------------------[m
[[1;34mINFO[m] [1mBuilding turnus.bundle 1.0.0-SNAPSHOT                             [2/10][m
[[1;34mINFO[m]   from turnus.bundle/pom.xml
[[1;34mINFO[m] [1m---------------------------[ eclipse-plugin ]---------------------------[m
[[1;36mDEBUG[m] Lifecycle clean -> [pre-clean, clean, post-clean]
[[1;36mDEBUG[m] Lifecycle default -> [validate, initialize, generate-sources, process-sources, generate-resources, process-resources, compile, process-classes, generate-test-sources, process-test-sources, generate-test-resources, process-test-resources, test-compile, process-test-classes, test, prepare-package, package, pre-integration-test, integration-test, post-integration-test, verify, install, deploy]
[[1;36mDEBUG[m] Lifecycle site -> [pre-site, site, post-site, site-deploy]
[[1;36mDEBUG[m] Lifecycle clean -> [pre-clean, clean, post-clean]
[[1;36mDEBUG[m] Lifecycle default -> [validate, initialize, generate-sources, process-sources, generate-resources, process-resources, compile, process-classes, generate-test-sources, process-test-sources, generate-test-resources, process-test-resources, test-compile, process-test-classes, test, prepare-package, package, pre-integration-test, integration-test, post-integration-test, verify, install, deploy]
[[1;36mDEBUG[m] Lifecycle site -> [pre-site, site, post-site, site-deploy]
[[1;36mDEBUG[m] Lifecycle clean -> [pre-clean, clean, post-clean]
[[1;36mDEBUG[m] Lifecycle default -> [validate, initialize, generate-sources, process-sources, generate-resources, process-resources, compile, process-classes, generate-test-sources, process-test-sources, generate-test-resources, process-test-resources, test-compile, process-test-classes, test, prepare-package, package, pre-integration-test, integration-test, post-integration-test, verify, install, deploy]
[[1;36mDEBUG[m] Lifecycle site -> [pre-site, site, post-site, site-deploy]
[[1;36mDEBUG[m] Lifecycle clean -> [pre-clean, clean, post-clean]
[[1;36mDEBUG[m] Lifecycle default -> [validate, initialize, generate-sources, process-sources, generate-resources, process-resources, compile, process-classes, generate-test-sources, process-test-sources, generate-test-resources, process-test-resources, test-compile, process-test-classes, test, prepare-package, package, pre-integration-test, integration-test, post-integration-test, verify, install, deploy]
[[1;36mDEBUG[m] Lifecycle site -> [pre-site, site, post-site, site-deploy]
[[1;36mDEBUG[m] Lifecycle clean -> [pre-clean, clean, post-clean]
[[1;36mDEBUG[m] Lifecycle default -> [validate, initialize, generate-sources, process-sources, generate-resources, process-resources, compile, process-classes, generate-test-sources, process-test-sources, generate-test-resources, process-test-resources, test-compile, process-test-classes, test, prepare-package, package, pre-integration-test, integration-test, post-integration-test, verify, install, deploy]
[[1;36mDEBUG[m] Lifecycle site -> [pre-site, site, post-site, site-deploy]
[[1;36mDEBUG[m] Lifecycle clean -> [pre-clean, clean, post-clean]
[[1;36mDEBUG[m] Lifecycle default -> [validate, initialize, generate-sources, process-sources, generate-resources, process-resources, compile, process-classes, generate-test-sources, process-test-sources, generate-test-resources, process-test-resources, test-compile, process-test-classes, test, prepare-package, package, pre-integration-test, integration-test, post-integration-test, verify, install, deploy]
[[1;36mDEBUG[m] Lifecycle site -> [pre-site, site, post-site, site-deploy]
[[1;36mDEBUG[m] Lifecycle clean -> [pre-clean, clean, post-clean]
[[1;36mDEBUG[m] Lifecycle default -> [validate, initialize, generate-sources, process-sources, generate-resources, process-resources, compile, process-classes, generate-test-sources, process-test-sources, generate-test-resources, process-test-resources, test-compile, process-test-classes, test, prepare-package, package, pre-integration-test, integration-test, post-integration-test, verify, install, deploy]
[[1;36mDEBUG[m] Lifecycle site -> [pre-site, site, post-site, site-deploy]
[[1;36mDEBUG[m] Lifecycle clean -> [pre-clean, clean, post-clean]
[[1;36mDEBUG[m] Lifecycle default -> [validate, initialize, generate-sources, process-sources, generate-resources, process-resources, compile, process-classes, generate-test-sources, process-test-sources, generate-test-resources, process-test-resources, test-compile, process-test-classes, test, prepare-package, package, pre-integration-test, integration-test, post-integration-test, verify, install, deploy]
[[1;36mDEBUG[m] Lifecycle site -> [pre-site, site, post-site, site-deploy]
[[1;36mDEBUG[m] Lifecycle clean -> [pre-clean, clean, post-clean]
[[1;36mDEBUG[m] Lifecycle default -> [validate, initialize, generate-sources, process-sources, generate-resources, process-resources, compile, process-classes, generate-test-sources, process-test-sources, generate-test-resources, process-test-resources, test-compile, process-test-classes, test, prepare-package, package, pre-integration-test, integration-test, post-integration-test, verify, install, deploy]
[[1;36mDEBUG[m] Lifecycle site -> [pre-site, site, post-site, site-deploy]
[[1;36mDEBUG[m] === PROJECT BUILD PLAN ================================================
[[1;36mDEBUG[m] Project:       turnus:turnus.bundle:1.0.0-SNAPSHOT
[[1;36mDEBUG[m] Dependencies (collect): []
[[1;36mDEBUG[m] Dependencies (resolve): [compile, test]
[[1;36mDEBUG[m] Repositories (dependencies): [maven-default-http-blocker (http://0.0.0.0/, default, disabled, blocked), sonatype-nexus-snapshots (https://oss.sonatype.org/content/repositories/snapshots, default, disabled), central (https://repo.maven.apache.org/maven2, default, releases)]
[[1;36mDEBUG[m] Repositories (plugins)     : [maven-default-http-blocker (http://0.0.0.0/, default, disabled, blocked), sonatype-nexus-snapshots (https://oss.sonatype.org/content/repositories/snapshots, default, disabled), central (https://repo.maven.apache.org/maven2, default, releases)]
[[1;36mDEBUG[m] -----------------------------------------------------------------------
[[1;36mDEBUG[m] Goal:          org.apache.maven.plugins:maven-clean-plugin:3.2.0:clean (default-clean)
[[1;36mDEBUG[m] Style:         Regular
[[1;36mDEBUG[m] Configuration: <?xml version="1.0" encoding="UTF-8"?>
<configuration>
  <directory default-value="${project.build.directory}"/>
  <excludeDefaultDirectories default-value="false">${maven.clean.excludeDefaultDirectories}</excludeDefaultDirectories>
  <failOnError default-value="true">${maven.clean.failOnError}</failOnError>
  <fast default-value="false">${maven.clean.fast}</fast>
  <fastDir>${maven.clean.fastDir}</fastDir>
  <fastMode default-value="background">${maven.clean.fastMode}</fastMode>
  <filesets>
    <fileset>
      <directory>/home/endrix/git/dataflow/streamblocks/turnus/turnus.bundle/lib</directory>
      <includes>
        <include>*.jar</include>
      </includes>
      <followSymlinks>false</followSymlinks>
    </fileset>
  </filesets>
  <followSymLinks default-value="false">${maven.clean.followSymLinks}</followSymLinks>
  <outputDirectory default-value="${project.build.outputDirectory}"/>
  <reportDirectory default-value="${project.build.outputDirectory}"/>
  <retryOnError default-value="true">${maven.clean.retryOnError}</retryOnError>
  <session default-value="${session}"/>
  <skip default-value="false">${maven.clean.skip}</skip>
  <testOutputDirectory default-value="${project.build.testOutputDirectory}"/>
  <verbose>${maven.clean.verbose}</verbose>
</configuration>
[[1;36mDEBUG[m] -----------------------------------------------------------------------
[[1;36mDEBUG[m] Goal:          org.apache.maven.plugins:maven-clean-plugin:3.2.0:clean (auto-clean)
[[1;36mDEBUG[m] Style:         Regular
[[1;36mDEBUG[m] Configuration: <?xml version="1.0" encoding="UTF-8"?>
<configuration>
  <directory default-value="${project.build.directory}"/>
  <excludeDefaultDirectories default-value="false">${maven.clean.excludeDefaultDirectories}</excludeDefaultDirectories>
  <failOnError default-value="true">${maven.clean.failOnError}</failOnError>
  <fast default-value="false">${maven.clean.fast}</fast>
  <fastDir>${maven.clean.fastDir}</fastDir>
  <fastMode default-value="background">${maven.clean.fastMode}</fastMode>
  <filesets>
    <fileset>
      <directory>/home/endrix/git/dataflow/streamblocks/turnus/turnus.bundle/xtend-gen</directory>
      <includes>
        <include>**</include>
      </includes>
      <followSymlinks>false</followSymlinks>
    </fileset>
    <fileset>
      <directory>/home/endrix/git/dataflow/streamblocks/turnus/turnus.bundle/src-gen</directory>
      <includes>
        <include>**</include>
      </includes>
    </fileset>
    <fileset>
      <directory>/home/endrix/git/dataflow/streamblocks/turnus/turnus.bundle/target</directory>
      <includes>
        <include>**</include>
      </includes>
    </fileset>
  </filesets>
  <followSymLinks default-value="false">${maven.clean.followSymLinks}</followSymLinks>
  <outputDirectory default-value="${project.build.outputDirectory}"/>
  <reportDirectory default-value="${project.build.outputDirectory}"/>
  <retryOnError default-value="true">${maven.clean.retryOnError}</retryOnError>
  <session default-value="${session}"/>
  <skip default-value="false">${maven.clean.skip}</skip>
  <testOutputDirectory default-value="${project.build.testOutputDirectory}"/>
  <verbose>${maven.clean.verbose}</verbose>
</configuration>
[[1;36mDEBUG[m] -----------------------------------------------------------------------
[[1;36mDEBUG[m] Goal:          org.eclipse.tycho:tycho-packaging-plugin:4.0.10:build-qualifier (default-build-qualifier)
[[1;36mDEBUG[m] Style:         Regular
[[1;36mDEBUG[m] Configuration: <?xml version="1.0" encoding="UTF-8"?>
<configuration>
  <execution>${mojoExecution}</execution>
  <forceContextQualifier>${forceContextQualifier}</forceContextQualifier>
  <format default-value="yyyyMMddHHmm">${tycho.buildqualifier.format}</format>
  <packaging>${project.packaging}</packaging>
  <project>${project}</project>
  <session>${session}</session>
  <timestampProvider>${tycho.buildqualifier.provider}</timestampProvider>
</configuration>
[[1;36mDEBUG[m] -----------------------------------------------------------------------
[[1;36mDEBUG[m] Goal:          org.eclipse.tycho:tycho-packaging-plugin:4.0.10:validate-id (default-validate-id)
[[1;36mDEBUG[m] Style:         Regular
[[1;36mDEBUG[m] Configuration: <?xml version="1.0" encoding="UTF-8"?>
<configuration>
  <packaging>${project.packaging}</packaging>
  <project>${project}</project>
  <skip default-value="false"/>
</configuration>
[[1;36mDEBUG[m] -----------------------------------------------------------------------
[[1;36mDEBUG[m] Goal:          org.eclipse.tycho:tycho-packaging-plugin:4.0.10:validate-version (default-validate-version)
[[1;36mDEBUG[m] Style:         Regular
[[1;36mDEBUG[m] Configuration: <?xml version="1.0" encoding="UTF-8"?>
<configuration>
  <packaging>${project.packaging}</packaging>
  <project>${project}</project>
  <strictVersions default-value="true">${tycho.strictVersions}</strictVersions>
</configuration>
[[1;36mDEBUG[m] -----------------------------------------------------------------------
[[1;36mDEBUG[m] Goal:          org.eclipse.tycho:target-platform-configuration:4.0.10:target-platform (default-target-platform)
[[1;36mDEBUG[m] Style:         Regular
[[1;36mDEBUG[m] Configuration: <?xml version="1.0" encoding="UTF-8"?>
<configuration>
  <project>${project}</project>
</configuration>
[[1;36mDEBUG[m] -----------------------------------------------------------------------
[[1;36mDEBUG[m] Goal:          org.eclipse.tycho:tycho-compiler-plugin:4.0.10:validate-classpath (default-validate-classpath)
[[1;36mDEBUG[m] Style:         Regular
[[1;36mDEBUG[m] Configuration: <?xml version="1.0" encoding="UTF-8"?>
<configuration>
  <project>${project}</project>
</configuration>
[[1;36mDEBUG[m] -----------------------------------------------------------------------
[[1;36mDEBUG[m] Goal:          org.eclipse.xtend:xtend-maven-plugin:2.36.0:compile (default)
[[1;36mDEBUG[m] Style:         Regular
[[1;36mDEBUG[m] Configuration: <?xml version="1.0" encoding="UTF-8"?>
<configuration>
  <additionalPreCompileArgs default-value="-proc:none"/>
  <encoding default-value="${project.build.sourceEncoding}">${encoding}</encoding>
  <generateGeneratedAnnotation default-value="false"/>
  <generateSyntheticSuppressWarnings default-value="true"/>
  <includeDateInGeneratedAnnotation default-value="false"/>
  <javaSourceVersion default-value="11">${maven.compiler.source}</javaSourceVersion>
  <outputDirectory default-value="${basedir}/src/main/generated-sources/xtend">/home/endrix/git/dataflow/streamblocks/turnus/turnus.bundle/xtend-gen</outputDirectory>
  <project>${project}</project>
  <propertiesFileLocation default-value="${basedir}/.settings/org.eclipse.xtend.core.Xtend.prefs"/>
  <session>${session}</session>
  <skipXtend default-value="false">${skipXtend}</skipXtend>
  <tempDirectory default-value="${project.build.directory}/xtend"/>
  <useXbaseGenerated default-value="true"/>
  <writeTraceFiles default-value="true">${writeTraceFiles}</writeTraceFiles>
</configuration>
[[1;36mDEBUG[m] -----------------------------------------------------------------------
[[1;36mDEBUG[m] Goal:          org.apache.maven.plugins:maven-dependency-plugin:3.1.1:copy-dependencies (copy-dependencies)
[[1;36mDEBUG[m] Style:         Regular
[[1;36mDEBUG[m] Configuration: <?xml version="1.0" encoding="UTF-8"?>
<configuration>
  <addParentPoms default-value="false">${mdep.addParentPoms}</addParentPoms>
  <classifier default-value="">${classifier}</classifier>
  <copyPom default-value="false">${mdep.copyPom}</copyPom>
  <excludeArtifactIds default-value="">${excludeArtifactIds}</excludeArtifactIds>
  <excludeClassifiers default-value="">${excludeClassifiers}</excludeClassifiers>
  <excludeGroupIds default-value="">${excludeGroupIds}</excludeGroupIds>
  <excludeScope default-value="">${excludeScope}</excludeScope>
  <excludeTransitive default-value="false">${excludeTransitive}</excludeTransitive>
  <excludeTypes default-value="">${excludeTypes}</excludeTypes>
  <failOnMissingClassifierArtifact default-value="false">${mdep.failOnMissingClassifierArtifact}</failOnMissingClassifierArtifact>
  <includeArtifactIds default-value="">${includeArtifactIds}</includeArtifactIds>
  <includeClassifiers default-value="">${includeClassifiers}</includeClassifiers>
  <includeGroupIds default-value="">${includeGroupIds}</includeGroupIds>
  <includeScope default-value="">${includeScope}</includeScope>
  <includeTypes default-value="">${includeTypes}</includeTypes>
  <markersDirectory default-value="${project.build.directory}/dependency-maven-plugin-markers">${markersDirectory}</markersDirectory>
  <outputAbsoluteArtifactFilename default-value="false">${outputAbsoluteArtifactFilename}</outputAbsoluteArtifactFilename>
  <outputDirectory default-value="${project.build.directory}/dependency">/home/endrix/git/dataflow/streamblocks/turnus/turnus.bundle/lib</outputDirectory>
  <overWriteIfNewer default-value="true">true</overWriteIfNewer>
  <overWriteReleases default-value="false">false</overWriteReleases>
  <overWriteSnapshots default-value="false">false</overWriteSnapshots>
  <prependGroupId default-value="false">${mdep.prependGroupId}</prependGroupId>
  <project default-value="${project}"/>
  <reactorProjects default-value="${reactorProjects}"/>
  <remoteRepositories default-value="${project.remoteArtifactRepositories}"/>
  <session default-value="${session}"/>
  <silent default-value="false">${silent}</silent>
  <skip default-value="false">${mdep.skip}</skip>
  <stripClassifier default-value="false">${mdep.stripClassifier}</stripClassifier>
  <stripVersion default-value="false">${mdep.stripVersion}</stripVersion>
  <type default-value="">${type}</type>
  <useBaseVersion default-value="true">${mdep.useBaseVersion}</useBaseVersion>
  <useRepositoryLayout default-value="false">${mdep.useRepositoryLayout}</useRepositoryLayout>
  <useSubDirectoryPerArtifact default-value="false">${mdep.useSubDirectoryPerArtifact}</useSubDirectoryPerArtifact>
  <useSubDirectoryPerScope default-value="false">${mdep.useSubDirectoryPerScope}</useSubDirectoryPerScope>
  <useSubDirectoryPerType default-value="false">${mdep.useSubDirectoryPerType}</useSubDirectoryPerType>
</configuration>
[[1;36mDEBUG[m] -----------------------------------------------------------------------
[[1;36mDEBUG[m] Goal:          org.apache.maven.plugins:maven-resources-plugin:3.3.1:resources (default-resources)
[[1;36mDEBUG[m] Style:         Regular
[[1;36mDEBUG[m] Configuration: <?xml version="1.0" encoding="UTF-8"?>
<configuration>
  <addDefaultExcludes default-value="true"/>
  <buildFilters default-value="${project.build.filters}"/>
  <encoding default-value="${project.build.sourceEncoding}"/>
  <escapeWindowsPaths default-value="true"/>
  <fileNameFiltering default-value="false"/>
  <includeEmptyDirs default-value="false"/>
  <outputDirectory default-value="${project.build.outputDirectory}"/>
  <overwrite default-value="false"/>
  <project default-value="${project}"/>
  <resources default-value="${project.resources}"/>
  <session default-value="${session}"/>
  <skip default-value="false">${maven.resources.skip}</skip>
  <supportMultiLineFiltering default-value="false"/>
  <useBuildFilters default-value="true"/>
  <useDefaultDelimiters default-value="true"/>
</configuration>
[[1;36mDEBUG[m] -----------------------------------------------------------------------
[[1;36mDEBUG[m] Goal:          org.eclipse.tycho:tycho-compiler-plugin:4.0.10:compile (default-compile)
[[1;36mDEBUG[m] Style:         Regular
[[1;36mDEBUG[m] Configuration: <?xml version="1.0" encoding="UTF-8"?>
<configuration>
  <basedir>${basedir}</basedir>
  <buildDirectory>${project.build.directory}</buildDirectory>
  <compilerArgument>-err:-forbidden</compilerArgument>
  <compilerId default-value="jdt">${maven.compiler.compilerId}</compilerId>
  <compilerVersion>${maven.compiler.compilerVersion}</compilerVersion>
  <copyResources default-value="true"/>
  <debug default-value="true">${maven.compiler.debug}</debug>
  <deriveReleaseCompilerArgumentFromTargetLevel default-value="true"/>
  <encoding>${project.build.sourceEncoding}</encoding>
  <executable>${maven.compiler.executable}</executable>
  <failOnWarning default-value="false">${maven.compiler.failOnWarning}</failOnWarning>
  <fork default-value="false"/>
  <generatedSourcesDirectory default-value="${project.build.directory}/generated-sources/annotations"/>
  <logDirectory default-value="${project.build.directory}/compile-logs"/>
  <mavenCompilerEncoding>${maven.compiler.encoding}</mavenCompilerEncoding>
  <maxmem>${maven.compiler.maxmem}</maxmem>
  <meminitial>${maven.compiler.meminitial}</meminitial>
  <optimize default-value="false">${maven.compiler.optimize}</optimize>
  <outputFileName>${project.build.finalName}</outputFileName>
  <pomOnlyDependencies default-value="consider"/>
  <project>${project}</project>
  <release>${maven.compiler.release}</release>
  <requireJavaPackageImports default-value="false"/>
  <session>${session}</session>
  <showDeprecation default-value="false">${maven.compiler.showDeprecation}</showDeprecation>
  <showWarnings default-value="false">${maven.compiler.showWarnings}</showWarnings>
  <source>${maven.compiler.source}</source>
  <staleMillis default-value="0">${lastModGranularityMs}</staleMillis>
  <strictCompilerTarget default-value="false"/>
  <target>${maven.compiler.target}</target>
  <useJDK default-value="SYSTEM"/>
  <useProjectSettings default-value="true">false</useProjectSettings>
  <verbose default-value="false">${maven.compiler.verbose}</verbose>
</configuration>
[[1;36mDEBUG[m] =======================================================================
[[1;36mDEBUG[m] Computing preliminary target platform for MavenProject: turnus:turnus.bundle:1.0.0-SNAPSHOT @ /home/endrix/git/dataflow/streamblocks/turnus/turnus.bundle/pom.xml
[[1;36mDEBUG[m] Searching profile JavaSE-9 in ToolchainManager
[[1;36mDEBUG[m] Searching profile JavaSE-1.8 in ToolchainManager
[[1;36mDEBUG[m] Searching profile JavaSE-1.7 in ToolchainManager
[[1;36mDEBUG[m] Searching profile JavaSE-1.6 in ToolchainManager
[[1;36mDEBUG[m] Searching profile J2SE-1.5 in ToolchainManager
[[1;36mDEBUG[m] Searching profile J2SE-1.4 in ToolchainManager
[[1;36mDEBUG[m] Searching profile J2SE-1.3 in ToolchainManager
[[1;36mDEBUG[m] Searching profile J2SE-1.2 in ToolchainManager
[[1;36mDEBUG[m] Searching profile JRE-1.1 in ToolchainManager
[[1;36mDEBUG[m] Searching profile JavaSE/compact1-1.8 in ToolchainManager
[[1;36mDEBUG[m] Searching profile JavaSE/compact2-1.8 in ToolchainManager
[[1;36mDEBUG[m] Searching profile JavaSE/compact3-1.8 in ToolchainManager
[[1;36mDEBUG[m] Searching profile CDC-1.1/Foundation-1.1 in ToolchainManager
[[1;36mDEBUG[m] Searching profile CDC-1.0/Foundation-1.0 in ToolchainManager
[[1;36mDEBUG[m] Searching profile OSGi/Minimum-1.0 in ToolchainManager
[[1;36mDEBUG[m] Searching profile OSGi/Minimum-1.1 in ToolchainManager
[[1;36mDEBUG[m] Searching profile OSGi/Minimum-1.2 in ToolchainManager
[[1;36mDEBUG[m] Searching profile JavaSE-21 in ToolchainManager
[[1;36mDEBUG[m] Using JavaSE-21 to fulfill requested profile of JavaSE-17. This might lead to faulty dependency resolution, consider defining a suitable JDK in the toolchains.xml.
[[1;36mDEBUG[m] [b83b57e5-5560-4584-bba5-7cfcb11bd3f4][extension>org.eclipse.tycho:tycho-maven-plugin:4.0.10] Searching bundle for class interface org.eclipse.equinox.p2.core.spi.IAgentServiceFactory and location file:/home/endrix/.m2/repository/org/eclipse/platform/org.eclipse.equinox.p2.core/2.12.100/org.eclipse.equinox.p2.core-2.12.100.jar
[[1;36mDEBUG[m] [b83b57e5-5560-4584-bba5-7cfcb11bd3f4][extension>org.eclipse.tycho:tycho-maven-plugin:4.0.10] Return bundle org.eclipse.equinox.p2.core for location file:/home/endrix/.m2/repository/org/eclipse/platform/org.eclipse.equinox.p2.core/2.12.100/org.eclipse.equinox.p2.core-2.12.100.jar
[[1;36mDEBUG[m] Using execution environment 'JavaSE-17' configured in target-platform-configuration <executionEnvironment>
[[1;36mDEBUG[m] Using JavaSE-21 to fulfill requested profile of JavaSE-17. This might lead to faulty dependency resolution, consider defining a suitable JDK in the toolchains.xml.
[[1;36mDEBUG[m] Using JavaSE-21 to fulfill requested profile of JavaSE-17. This might lead to faulty dependency resolution, consider defining a suitable JDK in the toolchains.xml.
[[1;36mDEBUG[m] Using JavaSE-21 to fulfill requested profile of JavaSE-17. This might lead to faulty dependency resolution, consider defining a suitable JDK in the toolchains.xml.
[[1;36mDEBUG[m] Found system.packages in profile definition file for JavaSE-17,
[[1;33mWARNING[m] Adding target definition file "file:/home/endrix/git/dataflow/streamblocks/turnus/turnus.target/turnus.target.target"
[[1;34mINFO[m] Resolving target definition file:/home/endrix/git/dataflow/streamblocks/turnus/turnus.target/turnus.target.target for environments=[macosx/cocoa/x86_64, macosx/cocoa/aarch64, win32/win32/x86_64, linux/gtk/x86_64], include source mode=honor, referenced repository mode =ignore, execution environment=StandardEEResolutionHints [executionEnvironment=OSGi profile 'JavaSE-17' { source level: 17, target level: 17}], remote p2 repository options=org.eclipse.tycho.p2maven.DefaultProvisioningAgent@78299721
[[1;36mDEBUG[m] [b83b57e5-5560-4584-bba5-7cfcb11bd3f4][extension>org.eclipse.tycho:tycho-maven-plugin:4.0.10] Searching bundle for class interface org.eclipse.equinox.p2.core.spi.IAgentServiceFactory and location file:/home/endrix/.m2/repository/org/eclipse/platform/org.eclipse.equinox.p2.core/2.12.100/org.eclipse.equinox.p2.core-2.12.100.jar
[[1;36mDEBUG[m] [b83b57e5-5560-4584-bba5-7cfcb11bd3f4][extension>org.eclipse.tycho:tycho-maven-plugin:4.0.10] Return bundle org.eclipse.equinox.p2.core for location file:/home/endrix/.m2/repository/org/eclipse/platform/org.eclipse.equinox.p2.core/2.12.100/org.eclipse.equinox.p2.core-2.12.100.jar
[[1;36mDEBUG[m] Enter loading repository https://download.eclipse.org/releases/2024-09
[[1;36mDEBUG[m] [b83b57e5-5560-4584-bba5-7cfcb11bd3f4][extension>org.eclipse.tycho:tycho-maven-plugin:4.0.10] Searching bundle for class interface org.eclipse.equinox.p2.core.spi.IAgentServiceFactory and location file:/home/endrix/.m2/repository/org/eclipse/platform/org.eclipse.equinox.p2.core/2.12.100/org.eclipse.equinox.p2.core-2.12.100.jar
[[1;36mDEBUG[m] [b83b57e5-5560-4584-bba5-7cfcb11bd3f4][extension>org.eclipse.tycho:tycho-maven-plugin:4.0.10] Return bundle org.eclipse.equinox.p2.core for location file:/home/endrix/.m2/repository/org/eclipse/platform/org.eclipse.equinox.p2.core/2.12.100/org.eclipse.equinox.p2.core-2.12.100.jar
[[1;34mINFO[m] ### Using TychoRepositoryTransport for remote P2 access ###
[[1;34mINFO[m]     Cache location:         /home/endrix/.m2/repository/.cache/tycho
[[1;34mINFO[m]     Transport mode:         online
[[1;34mINFO[m]     Http Transport type:    Java11Client
[[1;34mINFO[m]     Update mode:            cache first
[[1;34mINFO[m]     Minimum cache duration: 60 minutes
[[1;34mINFO[m]       (you can configure this with -Dtycho.p2.transport.min-cache-minutes=<desired minimum cache duration>)
[[1;34mINFO[m] Downloading from p2: https://download.eclipse.org/releases/2024-09/p2.index
[[1;34mINFO[m] Downloaded from p2: https://download.eclipse.org/releases/2024-09/p2.index (122 bytes at 0 bytes/s)
[[1;36mDEBUG[m] [b83b57e5-5560-4584-bba5-7cfcb11bd3f4][extension>org.eclipse.tycho:tycho-maven-plugin:4.0.10] Searching bundle for class class org.eclipse.equinox.internal.p2.metadata.repository.CompositeMetadataRepository and location file:/home/endrix/.m2/repository/org/eclipse/platform/org.eclipse.equinox.p2.metadata.repository/1.5.400/org.eclipse.equinox.p2.metadata.repository-1.5.400.jar
[[1;36mDEBUG[m] [b83b57e5-5560-4584-bba5-7cfcb11bd3f4][extension>org.eclipse.tycho:tycho-maven-plugin:4.0.10] Return bundle org.eclipse.equinox.p2.metadata.repository for location file:/home/endrix/.m2/repository/org/eclipse/platform/org.eclipse.equinox.p2.metadata.repository/1.5.400/org.eclipse.equinox.p2.metadata.repository-1.5.400.jar
[[1;36mDEBUG[m] [b83b57e5-5560-4584-bba5-7cfcb11bd3f4][extension>org.eclipse.tycho:tycho-maven-plugin:4.0.10] Searching bundle for class interface org.eclipse.equinox.p2.core.spi.IAgentServiceFactory and location file:/home/endrix/.m2/repository/org/eclipse/platform/org.eclipse.equinox.p2.core/2.12.100/org.eclipse.equinox.p2.core-2.12.100.jar
[[1;36mDEBUG[m] [b83b57e5-5560-4584-bba5-7cfcb11bd3f4][extension>org.eclipse.tycho:tycho-maven-plugin:4.0.10] Return bundle org.eclipse.equinox.p2.core for location file:/home/endrix/.m2/repository/org/eclipse/platform/org.eclipse.equinox.p2.core/2.12.100/org.eclipse.equinox.p2.core-2.12.100.jar
[[1;36mDEBUG[m] Enter loading repository https://download.eclipse.org/technology/epp/packages/2024-09/
[[1;34mINFO[m] Downloading from p2: https://download.eclipse.org/technology/epp/packages/2024-09/p2.index
[[1;36mDEBUG[m] Enter loading repository https://download.eclipse.org/technology/epp/packages/2024-09/202409051200
[[1;34mINFO[m] Downloading from p2: https://download.eclipse.org/technology/epp/packages/2024-09/202409051200/p2.index
[[1;34mINFO[m] Downloaded from p2: https://download.eclipse.org/technology/epp/packages/2024-09/202409051200/p2.index (365 bytes at 356 KB/s)
[[1;36mDEBUG[m] Exit loading repository https://download.eclipse.org/technology/epp/packages/2024-09/202409051200
[[1;36mDEBUG[m] Exit loading repository https://download.eclipse.org/technology/epp/packages/2024-09/
[[1;36mDEBUG[m] Enter loading repository https://download.eclipse.org/releases/2024-09/202409111000
[[1;34mINFO[m] Downloading from p2: https://download.eclipse.org/releases/2024-09/202409111000/p2.index
[[1;34mINFO[m] Downloaded from p2: https://download.eclipse.org/releases/2024-09/202409111000/p2.index (140 bytes at 136 KB/s)
[[1;36mDEBUG[m] Exit loading repository https://download.eclipse.org/releases/2024-09/202409111000
[[1;36mDEBUG[m] Exit loading repository https://download.eclipse.org/releases/2024-09
[[1;36mDEBUG[m] Enter loading repository https://download.eclipse.org/modeling/emft/mwe/updates/releases/2.18.0/
[[1;34mINFO[m] Downloading from p2: https://download.eclipse.org/modeling/emft/mwe/updates/releases/2.18.0/p2.index
[[1;34mINFO[m] Downloaded from p2: https://download.eclipse.org/modeling/emft/mwe/updates/releases/2.18.0/p2.index (172 bytes at 167 KB/s)
[[1;36mDEBUG[m] Exit loading repository https://download.eclipse.org/modeling/emft/mwe/updates/releases/2.18.0/
[[1;36mDEBUG[m] Enter loading repository https://download.eclipse.org/modeling/tmf/xtext/updates/releases/2.36.0/
[[1;34mINFO[m] Downloading from p2: https://download.eclipse.org/modeling/tmf/xtext/updates/releases/2.36.0/p2.index
[[1;34mINFO[m] Downloaded from p2: https://download.eclipse.org/modeling/tmf/xtext/updates/releases/2.36.0/p2.index (172 bytes at 167 KB/s)
[[1;36mDEBUG[m] Exit loading repository https://download.eclipse.org/modeling/tmf/xtext/updates/releases/2.36.0/
[[1;36mDEBUG[m] Enter loading repository https://download.eclipse.org/tools/orbit/simrel/orbit-aggregation/2024-09
[[1;34mINFO[m] Downloading from p2: https://download.eclipse.org/tools/orbit/simrel/orbit-aggregation/2024-09/p2.index
[[1;34mINFO[m] Downloaded from p2: https://download.eclipse.org/tools/orbit/simrel/orbit-aggregation/2024-09/p2.index (126 bytes at 123 KB/s)
[[1;36mDEBUG[m] Enter loading repository https://download.eclipse.org/tools/orbit/simrel/orbit-aggregation/release/4.33.0
[[1;34mINFO[m] Downloading from p2: https://download.eclipse.org/tools/orbit/simrel/orbit-aggregation/release/4.33.0/p2.index
[[1;34mINFO[m] Downloaded from p2: https://download.eclipse.org/tools/orbit/simrel/orbit-aggregation/release/4.33.0/p2.index (172 bytes at 167 KB/s)
[[1;36mDEBUG[m] Exit loading repository https://download.eclipse.org/tools/orbit/simrel/orbit-aggregation/release/4.33.0
[[1;36mDEBUG[m] Exit loading repository https://download.eclipse.org/tools/orbit/simrel/orbit-aggregation/2024-09
[[1;34mINFO[m] [1m------------------------------------------------------------------------[m
[[1;34mINFO[m] [1mReactor Summary for turnus core 1.0.0-SNAPSHOT:[m
[[1;34mINFO[m] 
[[1;34mINFO[m] turnus core ........................................ [1;32mSUCCESS[m [  2.549 s]
[[1;34mINFO[m] turnus.bundle ...................................... [1;31mFAILURE[m [  2.847 s]
[[1;34mINFO[m] turnus.common ...................................... [1;33mSKIPPED[m
[[1;34mINFO[m] turnus.model ....................................... [1;33mSKIPPED[m
[[1;34mINFO[m] turnus.adevs ....................................... [1;33mSKIPPED[m
[[1;34mINFO[m] turnus.analysis .................................... [1;33mSKIPPED[m
[[1;34mINFO[m] turnus.ui .......................................... [1;33mSKIPPED[m
[[1;34mINFO[m] turnus.analysis.ui ................................. [1;33mSKIPPED[m
[[1;34mINFO[m] turnus.target ...................................... [1;33mSKIPPED[m
[[1;34mINFO[m] turnus.feature ..................................... [1;33mSKIPPED[m
[[1;34mINFO[m] [1m------------------------------------------------------------------------[m
[[1;34mINFO[m] [1;31mBUILD FAILURE[m
[[1;34mINFO[m] [1m------------------------------------------------------------------------[m
[[1;34mINFO[m] Total time:  10.954 s
[[1;34mINFO[m] Finished at: 2025-12-22T11:07:02+01:00
[[1;34mINFO[m] [1m------------------------------------------------------------------------[m
[[1;36mDEBUG[m] [b83b57e5-5560-4584-bba5-7cfcb11bd3f4][extension>org.eclipse.tycho:tycho-maven-plugin:4.0.10] Searching bundle for class class org.eclipse.equinox.internal.p2.engine.SimpleProfileRegistry and location file:/home/endrix/.m2/repository/org/eclipse/platform/org.eclipse.equinox.p2.engine/2.10.200/org.eclipse.equinox.p2.engine-2.10.200.jar
[[1;36mDEBUG[m] [b83b57e5-5560-4584-bba5-7cfcb11bd3f4][extension>org.eclipse.tycho:tycho-maven-plugin:4.0.10] Return bundle org.eclipse.equinox.p2.engine for location file:/home/endrix/.m2/repository/org/eclipse/platform/org.eclipse.equinox.p2.engine/2.10.200/org.eclipse.equinox.p2.engine-2.10.200.jar
[[1;36mDEBUG[m] [b83b57e5-5560-4584-bba5-7cfcb11bd3f4][extension>org.eclipse.tycho:tycho-maven-plugin:4.0.10] Searching bundle for class class org.eclipse.equinox.internal.p2.engine.ProfileRegistryComponent and location file:/home/endrix/.m2/repository/org/eclipse/platform/org.eclipse.equinox.p2.engine/2.10.200/org.eclipse.equinox.p2.engine-2.10.200.jar
[[1;36mDEBUG[m] [b83b57e5-5560-4584-bba5-7cfcb11bd3f4][extension>org.eclipse.tycho:tycho-maven-plugin:4.0.10] Return bundle org.eclipse.equinox.p2.engine for location file:/home/endrix/.m2/repository/org/eclipse/platform/org.eclipse.equinox.p2.engine/2.10.200/org.eclipse.equinox.p2.engine-2.10.200.jar
[[1;31mERROR[m] Failed to resolve target definition file:/home/endrix/git/dataflow/streamblocks/turnus/turnus.target/turnus.target.target: Could not find "io.github.classgraph/0.0.0" in the repositories of the current location
[1;31morg.eclipse.tycho.BuildFailureException[m: [1;31mFailed to resolve target definition file:/home/endrix/git/dataflow/streamblocks/turnus/turnus.target/turnus.target.target: Could not find "io.github.classgraph/0.0.0" in the repositories of the current location[m
    [1mat[m org.eclipse.tycho.p2resolver.TargetDefinitionResolver.resolveContent ([1mTargetDefinitionResolver.java:123[m)
    [1mat[m org.eclipse.tycho.p2resolver.TargetDefinitionResolverService.resolveFromArguments ([1mTargetDefinitionResolverService.java:96[m)
    [1mat[m java.util.concurrent.ConcurrentHashMap.computeIfAbsent ([1mConcurrentHashMap.java:1708[m)
    [1mat[m org.eclipse.tycho.p2resolver.TargetDefinitionResolverService.getTargetDefinitionContent ([1mTargetDefinitionResolverService.java:70[m)
    [1mat[m org.eclipse.tycho.p2resolver.TargetPlatformFactoryImpl.resolveTargetDefinitions ([1mTargetPlatformFactoryImpl.java:381[m)
    [1mat[m org.eclipse.tycho.p2resolver.TargetPlatformFactoryImpl.createTargetPlatform ([1mTargetPlatformFactoryImpl.java:221[m)
    [1mat[m org.eclipse.tycho.p2resolver.TargetPlatformFactoryImpl.createTargetPlatform ([1mTargetPlatformFactoryImpl.java:187[m)
    [1mat[m org.eclipse.tycho.p2resolver.TargetPlatformFactoryImpl.createTargetPlatform ([1mTargetPlatformFactoryImpl.java:123[m)
    [1mat[m org.eclipse.tycho.p2resolver.DefaultTargetPlatformFactory.createTargetPlatform ([1mDefaultTargetPlatformFactory.java:75[m)
    [1mat[m org.eclipse.tycho.p2resolver.P2DependencyResolver.lambda$getPreliminaryTargetPlatform$3 ([1mP2DependencyResolver.java:242[m)
    [1mat[m org.eclipse.tycho.core.osgitools.DefaultReactorProject$LazyValue.get ([1mDefaultReactorProject.java:307[m)
    [1mat[m org.eclipse.tycho.core.osgitools.DefaultReactorProject.computeContextValue ([1mDefaultReactorProject.java:200[m)
    [1mat[m org.eclipse.tycho.p2resolver.P2DependencyResolver.getPreliminaryTargetPlatform ([1mP2DependencyResolver.java:209[m)
    [1mat[m org.eclipse.tycho.core.osgitools.AbstractTychoProject.lambda$getDependencyArtifacts$0 ([1mAbstractTychoProject.java:88[m)
    [1mat[m org.eclipse.tycho.core.osgitools.DefaultReactorProject$LazyValue.get ([1mDefaultReactorProject.java:307[m)
    [1mat[m org.eclipse.tycho.core.osgitools.DefaultReactorProject.computeContextValue ([1mDefaultReactorProject.java:200[m)
    [1mat[m org.eclipse.tycho.core.osgitools.AbstractTychoProject.getDependencyArtifacts ([1mAbstractTychoProject.java:82[m)
    [1mat[m org.eclipse.tycho.core.resolver.DefaultTychoResolver.resolveProject ([1mDefaultTychoResolver.java:98[m)
    [1mat[m org.eclipse.tycho.core.maven.TychoProjectExecutionListener.beforeProjectLifecycleExecution ([1mTychoProjectExecutionListener.java:111[m)
    [1mat[m org.apache.maven.lifecycle.internal.CompoundProjectExecutionListener.beforeProjectLifecycleExecution ([1mCompoundProjectExecutionListener.java:42[m)
    [1mat[m org.apache.maven.lifecycle.internal.LifecycleModuleBuilder.buildProject ([1mLifecycleModuleBuilder.java:103[m)
    [1mat[m org.apache.maven.lifecycle.internal.LifecycleModuleBuilder.buildProject ([1mLifecycleModuleBuilder.java:73[m)
    [1mat[m org.apache.maven.lifecycle.internal.builder.singlethreaded.SingleThreadedBuilder.build ([1mSingleThreadedBuilder.java:53[m)
    [1mat[m org.apache.maven.lifecycle.internal.LifecycleStarter.execute ([1mLifecycleStarter.java:118[m)
    [1mat[m org.apache.maven.DefaultMaven.doExecute ([1mDefaultMaven.java:261[m)
    [1mat[m org.apache.maven.DefaultMaven.doExecute ([1mDefaultMaven.java:173[m)
    [1mat[m org.apache.maven.DefaultMaven.execute ([1mDefaultMaven.java:101[m)
    [1mat[m org.apache.maven.cli.MavenCli.execute ([1mMavenCli.java:906[m)
    [1mat[m org.apache.maven.cli.MavenCli.doMain ([1mMavenCli.java:283[m)
    [1mat[m org.apache.maven.cli.MavenCli.main ([1mMavenCli.java:206[m)
    [1mat[m jdk.internal.reflect.DirectMethodHandleAccessor.invoke ([1mDirectMethodHandleAccessor.java:103[m)
    [1mat[m java.lang.reflect.Method.invoke ([1mMethod.java:580[m)
    [1mat[m org.codehaus.plexus.classworlds.launcher.Launcher.launchEnhanced ([1mLauncher.java:283[m)
    [1mat[m org.codehaus.plexus.classworlds.launcher.Launcher.launch ([1mLauncher.java:226[m)
    [1mat[m org.codehaus.plexus.classworlds.launcher.Launcher.mainWithExitCode ([1mLauncher.java:407[m)
    [1mat[m org.codehaus.plexus.classworlds.launcher.Launcher.main ([1mLauncher.java:348[m)
[1mCaused by[m: org.eclipse.tycho.targetplatform.TargetDefinitionResolutionException: [1;31mCould not find "io.github.classgraph/0.0.0" in the repositories of the current location[m
    [1mat[m org.eclipse.tycho.p2resolver.InstallableUnitResolver.findUnits ([1mInstallableUnitResolver.java:268[m)
    [1mat[m org.eclipse.tycho.p2resolver.InstallableUnitResolver.getRootIUs ([1mInstallableUnitResolver.java:257[m)
    [1mat[m org.eclipse.tycho.p2resolver.InstallableUnitResolver.addLocation ([1mInstallableUnitResolver.java:89[m)
    [1mat[m org.eclipse.tycho.p2resolver.TargetDefinitionResolver.resolveContentWithExceptions ([1mTargetDefinitionResolver.java:171[m)
    [1mat[m org.eclipse.tycho.p2resolver.TargetDefinitionResolver.resolveContent ([1mTargetDefinitionResolver.java:117[m)
    [1mat[m org.eclipse.tycho.p2resolver.TargetDefinitionResolverService.resolveFromArguments ([1mTargetDefinitionResolverService.java:96[m)
    [1mat[m java.util.concurrent.ConcurrentHashMap.computeIfAbsent ([1mConcurrentHashMap.java:1708[m)
    [1mat[m org.eclipse.tycho.p2resolver.TargetDefinitionResolverService.getTargetDefinitionContent ([1mTargetDefinitionResolverService.java:70[m)
    [1mat[m org.eclipse.tycho.p2resolver.TargetPlatformFactoryImpl.resolveTargetDefinitions ([1mTargetPlatformFactoryImpl.java:381[m)
    [1mat[m org.eclipse.tycho.p2resolver.TargetPlatformFactoryImpl.createTargetPlatform ([1mTargetPlatformFactoryImpl.java:221[m)
    [1mat[m org.eclipse.tycho.p2resolver.TargetPlatformFactoryImpl.createTargetPlatform ([1mTargetPlatformFactoryImpl.java:187[m)
    [1mat[m org.eclipse.tycho.p2resolver.TargetPlatformFactoryImpl.createTargetPlatform ([1mTargetPlatformFactoryImpl.java:123[m)
    [1mat[m org.eclipse.tycho.p2resolver.DefaultTargetPlatformFactory.createTargetPlatform ([1mDefaultTargetPlatformFactory.java:75[m)
    [1mat[m org.eclipse.tycho.p2resolver.P2DependencyResolver.lambda$getPreliminaryTargetPlatform$3 ([1mP2DependencyResolver.java:242[m)
    [1mat[m org.eclipse.tycho.core.osgitools.DefaultReactorProject$LazyValue.get ([1mDefaultReactorProject.java:307[m)
    [1mat[m org.eclipse.tycho.core.osgitools.DefaultReactorProject.computeContextValue ([1mDefaultReactorProject.java:200[m)
    [1mat[m org.eclipse.tycho.p2resolver.P2DependencyResolver.getPreliminaryTargetPlatform ([1mP2DependencyResolver.java:209[m)
    [1mat[m org.eclipse.tycho.core.osgitools.AbstractTychoProject.lambda$getDependencyArtifacts$0 ([1mAbstractTychoProject.java:88[m)
    [1mat[m org.eclipse.tycho.core.osgitools.DefaultReactorProject$LazyValue.get ([1mDefaultReactorProject.java:307[m)
    [1mat[m org.eclipse.tycho.core.osgitools.DefaultReactorProject.computeContextValue ([1mDefaultReactorProject.java:200[m)
    [1mat[m org.eclipse.tycho.core.osgitools.AbstractTychoProject.getDependencyArtifacts ([1mAbstractTychoProject.java:82[m)
    [1mat[m org.eclipse.tycho.core.resolver.DefaultTychoResolver.resolveProject ([1mDefaultTychoResolver.java:98[m)
    [1mat[m org.eclipse.tycho.core.maven.TychoProjectExecutionListener.beforeProjectLifecycleExecution ([1mTychoProjectExecutionListener.java:111[m)
    [1mat[m org.apache.maven.lifecycle.internal.CompoundProjectExecutionListener.beforeProjectLifecycleExecution ([1mCompoundProjectExecutionListener.java:42[m)
    [1mat[m org.apache.maven.lifecycle.internal.LifecycleModuleBuilder.buildProject ([1mLifecycleModuleBuilder.java:103[m)
    [1mat[m org.apache.maven.lifecycle.internal.LifecycleModuleBuilder.buildProject ([1mLifecycleModuleBuilder.java:73[m)
    [1mat[m org.apache.maven.lifecycle.internal.builder.singlethreaded.SingleThreadedBuilder.build ([1mSingleThreadedBuilder.java:53[m)
    [1mat[m org.apache.maven.lifecycle.internal.LifecycleStarter.execute ([1mLifecycleStarter.java:118[m)
    [1mat[m org.apache.maven.DefaultMaven.doExecute ([1mDefaultMaven.java:261[m)
    [1mat[m org.apache.maven.DefaultMaven.doExecute ([1mDefaultMaven.java:173[m)
    [1mat[m org.apache.maven.DefaultMaven.execute ([1mDefaultMaven.java:101[m)
    [1mat[m org.apache.maven.cli.MavenCli.execute ([1mMavenCli.java:906[m)
    [1mat[m org.apache.maven.cli.MavenCli.doMain ([1mMavenCli.java:283[m)
    [1mat[m org.apache.maven.cli.MavenCli.main ([1mMavenCli.java:206[m)
    [1mat[m jdk.internal.reflect.DirectMethodHandleAccessor.invoke ([1mDirectMethodHandleAccessor.java:103[m)
    [1mat[m java.lang.reflect.Method.invoke ([1mMethod.java:580[m)
    [1mat[m org.codehaus.plexus.classworlds.launcher.Launcher.launchEnhanced ([1mLauncher.java:283[m)
    [1mat[m org.codehaus.plexus.classworlds.launcher.Launcher.launch ([1mLauncher.java:226[m)
    [1mat[m org.codehaus.plexus.classworlds.launcher.Launcher.mainWithExitCode ([1mLauncher.java:407[m)
    [1mat[m org.codehaus.plexus.classworlds.launcher.Launcher.main ([1mLauncher.java:348[m)
[[1;31mERROR[m] 
[[1;36mDEBUG[m] Shutting down adapter factory; available factories [file-lock, rwlock-local, semaphore-local, noop]; available name mappers [discriminating, file-gav, file-hgav, file-static, gav, static]
[[1;36mDEBUG[m] Shutting down 'file-lock' factory
[[1;36mDEBUG[m] Shutting down 'rwlock-local' factory
[[1;36mDEBUG[m] Shutting down 'semaphore-local' factory
[[1;36mDEBUG[m] Shutting down 'noop' factory
